b'12-7-2023 12:22:30,0,0,0,0'
b'12-7-2023 12:22:30,0,0,0,0'
b'12-7-2023 12:22:30,0,0,0,0'
b'12-7-2023 12:22:30,0,0,0,0'
b'12-7-2023 12:22:30,0,0,0,0'
b'12-7-2023 12:22:31,0,0,0,0'
b'12-7-2023 12:22:31,0,0,0,0'
b'12-7-2023 12:22:31,0,0,0,0'
b'12-7-2023 12:22:31,0,0,0,0'
b'12-7-2023 12:22:31,0,0,0,0'
b'12-7-2023 12:22:31,-0.11223,8.72447,1.01873,1'
b'12-7-2023 12:22:32,-6.51043,1.62417,-2.42353,1'
b'12-7-2023 12:22:32,-16.05522,-3.93457,-1.58406,1'
b'12-7-2023 12:22:32,-11.77588,-2.19189,-0.22326,1'
b'12-7-2023 12:22:32,-9.10006,-1.10672,-2.24277,1'
b'12-7-2023 12:22:32,3.65355,7.72908,-1.10014,1'
b'12-7-2023 12:22:32,2.29035,9.65611,0.81283,1'
b'12-7-2023 12:22:33,-0.85712,10.02871,0.23523,1'
b'12-7-2023 12:22:33,-0.45939,10.33547,-0.93613,1'
b'12-7-2023 12:22:33,-0.89783,9.15932,0.99479,1'
b'12-7-2023 12:22:33,-0.76016,9.16291,0.96845,1'
b'12-7-2023 12:22:33,1.27731,10.36899,-0.92177,1'
b'12-7-2023 12:22:34,-0.08829,9.87788,-0.01616,1'
b'12-7-2023 12:22:34,0.10953,10.44441,1.16358,1'
b'12-7-2023 12:22:34,-1.11001,9.64654,0.59825,1'
b'12-7-2023 12:22:34,0,0,0,0'
b'12-7-2023 12:22:34,0,0,0,0'
b'12-7-2023 12:22:34,0,0,0,0'
b'12-7-2023 12:22:35,0,0,0,0'
b'12-7-2023 12:22:35,0,0,0,0'
b'12-7-2023 12:22:35,0,0,0,0'
b'12-7-2023 12:22:35,0,0,0,0'
b'12-7-2023 12:22:35,2.42233,11.02889,0.46178,1'
b'12-7-2023 12:22:36,-4.71029,0.19064,-0.56473,1'
b'12-7-2023 12:22:36,-27.88407,-7.48338,-3.77476,1'
b'12-7-2023 12:22:36,-11.96861,-2.95235,-1.07739,1'
b'12-7-2023 12:22:36,-6.45417,-0.37948,0.58029,1'
b'12-7-2023 12:22:36,3.28455,11.8085,-0.13467,1'
b'12-7-2023 12:22:36,3.44017,10.23581,0.14664,1'
b'12-7-2023 12:22:37,-0.1637,9.59626,0.22805,1'
b'12-7-2023 12:22:37,0.7862,9.76176,0.71078,1'
b'12-7-2023 12:22:37,0.56683,10.08617,0.90501,1'
b'12-7-2023 12:22:37,0.32022,9.66809,0.36482,1'
b'12-7-2023 12:22:37,0.43634,9.68395,0.72275,1'
b'12-7-2023 12:22:38,0.71676,9.95928,1.07978,1'
b'12-7-2023 12:22:38,0.37409,9.65372,0.62818,1'
b'12-7-2023 12:22:38,0.62429,9.97245,0.75986,1'
b'12-7-2023 12:22:38,0,0,0,0'
b'12-7-2023 12:22:38,0,0,0,0'
b'12-7-2023 12:22:38,0,0,0,0'
b'12-7-2023 12:22:39,0,0,0,0'
b'12-7-2023 12:22:39,0,0,0,0'
b'12-7-2023 12:22:39,-1.7759,5.75536,0.76704,1'
b'12-7-2023 12:22:39,-11.29315,-0.16161,-0.1634,1'
b'12-7-2023 12:22:39,-12.19127,-1.61339,-0.2903,1'
b'12-7-2023 12:22:39,-12.91971,-1.17615,-0.34925,1'
b'12-7-2023 12:22:40,-8.60416,1.02053,1.22104,1'
b'12-7-2023 12:22:40,-0.68714,6.72412,0.06165,1'
b'12-7-2023 12:22:40,4.06326,10.99657,0.25588,1'
b'12-7-2023 12:22:40,3.03555,9.80845,0.73711,1'
b'12-7-2023 12:22:40,0.00748,9.54718,0.79697,1'
b'12-7-2023 12:22:40,0.84845,9.79049,0.65811,1'
b'12-7-2023 12:22:41,0.96456,9.85034,1.14563,1'
b'12-7-2023 12:22:41,0.80535,9.65013,0.50607,1'
b'12-7-2023 12:22:41,0.66289,9.68395,0.65691,1'
b'12-7-2023 12:22:41,1.10462,9.86351,1.10732,1'
b'12-7-2023 12:22:41,0.95858,9.68275,0.79218,1'
b'12-7-2023 12:22:42,0,0,0,0'
b'12-7-2023 12:22:42,0,0,0,0'
b'12-7-2023 12:22:42,0,0,0,0'
b'12-7-2023 12:22:42,0,0,0,0'
b'12-7-2023 12:22:42,2.74795,9.98322,2.54474,1'
b'12-7-2023 12:22:42,-8.32374,2.1476,-0.18854,1'
b'12-7-2023 12:22:43,-8.98394,0.26127,-1.24379,1'
b'12-7-2023 12:22:43,-13.14955,-3.19297,-2.66445,1'
b'12-7-2023 12:22:43,-14.50288,-2.58334,-2.4762,1'
b'12-7-2023 12:22:43,-1.71724,4.68456,-0.87119,1'
b'12-7-2023 12:22:43,-0.826,8.92798,0.70479,1'
b'12-7-2023 12:22:43,-0.32412,9.07163,0.42587,1'
b'12-7-2023 12:22:44,1.98509,9.84316,0.7419,1'
b'12-7-2023 12:22:44,0.33579,9.7031,0.51805,1'
b'12-7-2023 12:22:44,0.50578,9.72824,1.18274,1'
b'12-7-2023 12:22:44,0.71317,9.73303,0.93853,1'
b'12-7-2023 12:22:44,0.74549,9.82281,0.8691,1'
b'12-7-2023 12:22:45,0.55964,9.71627,0.93853,1'
b'12-7-2023 12:22:45,0.54767,9.79288,1.00078,1'
b'12-7-2023 12:22:45,0,0,0,0'
b'12-7-2023 12:22:45,0,0,0,0'
b'12-7-2023 12:22:45,0,0,0,0'
b'12-7-2023 12:22:45,0,0,0,0'
b'12-7-2023 12:22:46,0,0,0,0'
b'12-7-2023 12:22:46,-4.22158,3.61016,-0.46657,1'
b'12-7-2023 12:22:46,-12.54472,-1.78937,-0.38158,1'
b'12-7-2023 12:22:46,-10.2008,-1.37607,-1.88693,1'
b'12-7-2023 12:22:46,-15.62157,-2.34392,-0.3696,1'
b'12-7-2023 12:22:47,-3.2214,3.83761,0.15024,1'
b'12-7-2023 12:22:47,1.93362,8.52545,0.72514,1'
b'12-7-2023 12:22:47,1.79236,8.9998,3.53384,1'
b'12-7-2023 12:22:47,1.488,9.89224,0.95648,1'
b'12-7-2023 12:22:47,1.29646,9.69233,0.96367,1'
b'12-7-2023 12:22:47,0.88196,9.6633,1.34195,1'
b'12-7-2023 12:22:47,0.94182,9.60584,1.47992,1'
b'12-7-2023 12:22:48,1.20548,9.82161,0.9517,1'
b'12-7-2023 12:22:48,0.98851,9.67407,1.17436,1'
b'12-7-2023 12:22:48,1.14293,9.7031,1.52421,1'
b'12-7-2023 12:22:48,1.10582,9.72465,1.26414,1'
b'12-7-2023 12:22:48,0,0,0,0'
b'12-7-2023 12:22:49,0,0,0,0'
b'12-7-2023 12:22:49,0,0,0,0'
b'12-7-2023 12:22:49,0,0,0,0'
b'12-7-2023 12:22:49,2.35051,10.12927,1.30005,1'
b'12-7-2023 12:22:49,1.55982,9.00818,0.84515,1'
b'12-7-2023 12:22:49,-11.36976,0.14754,-1.42934,1'
b'12-7-2023 12:22:50,-11.26322,-1.51493,-1.52541,1'
b'12-7-2023 12:22:50,-11.28597,-2.06111,-1.35392,1'
b'12-7-2023 12:22:50,-14.8252,-2.79792,-1.37786,1'
b'12-7-2023 12:22:50,-1.74118,5.31573,-0.08679,1'
b'12-7-2023 12:22:50,2.58873,9.23234,0.59825,1'
b'12-7-2023 12:22:50,0.98611,8.91002,0.57191,1'
b'12-7-2023 12:22:51,1.25935,10.08019,1.54097,1'
b'12-7-2023 12:22:51,-0.05836,9.76056,1.18752,1'
b'12-7-2023 12:22:51,0.07093,9.59865,1.2809,1'
b'12-7-2023 12:22:51,0.36093,9.6609,1.01993,1'
b'12-7-2023 12:22:51,0.39205,9.78929,0.93015,1'
b'12-7-2023 12:22:51,0.41599,9.75937,1.43443,1'
b'12-7-2023 12:22:52,0,0,0,0'
b'12-7-2023 12:22:52,0,0,0,0'
b'12-7-2023 12:22:52,0,0,0,0'
b'12-7-2023 12:22:52,0,0,0,0'
b'12-7-2023 12:22:52,1.0747,10.43124,2.90147,1'
b'12-7-2023 12:22:52,-2.99036,5.67965,-0.29149,1'
b'12-7-2023 12:22:53,-13.43357,-2.1871,-0.73711,1'
b'12-7-2023 12:22:53,-11.24646,-2.00724,-2.28706,1'
b'12-7-2023 12:22:53,-13.10047,-2.35829,-0.40911,1'
b'12-7-2023 12:22:53,-4.90063,0.64554,-0.07961,1'
b'12-7-2023 12:22:53,-0.60693,8.0933,0.76585,1'
b'12-7-2023 12:22:54,0.75747,8.30997,3.57215,1'
b'12-7-2023 12:22:54,1.8594,10.17835,0.21488,1'
b'12-7-2023 12:22:54,-0.44143,9.9114,1.1169,1'
b'12-7-2023 12:22:54,-0.46537,9.63696,0.58508,1'
b'12-7-2023 12:22:54,0.4136,9.93055,1.04387,1'
b'12-7-2023 12:22:54,0.20291,9.79049,0.78979,1'
b'12-7-2023 12:22:55,0.00988,9.82281,1.1145,1'
b'12-7-2023 12:22:55,0.15981,9.85872,1.25097,1'
b'12-7-2023 12:22:55,0,0,0,0'
b'12-7-2023 12:22:55,0,0,0,0'
b'12-7-2023 12:22:55,0,0,0,0'
b'12-7-2023 12:22:56,0,0,0,0'
b'12-7-2023 12:22:56,0,0,0,0'
b'12-7-2023 12:22:56,-1.62866,7.27029,-0.00658,1'
b'12-7-2023 12:22:56,-9.35624,0.28042,0.31813,1'
b'12-7-2023 12:22:56,-9.20301,-0.36512,0.14904,1'
b'12-7-2023 12:22:56,-11.73398,-1.68642,-0.93374,1'
b'12-7-2023 12:22:57,-11.47272,-0.57132,-0.01736,1'
b'12-7-2023 12:22:57,-2.82276,6.16238,0.11313,1'
b'12-7-2023 12:22:57,3.72298,13.34528,-0.74669,1'
b'12-7-2023 12:22:57,-0.05237,9.56514,1.63913,1'
b'12-7-2023 12:22:57,-0.14694,9.88027,1.03908,1'
b'12-7-2023 12:22:58,-0.60693,9.68275,1.14563,1'
b'12-7-2023 12:22:58,-0.07392,9.75099,1.16837,1'
b'12-7-2023 12:22:58,-0.34686,9.78929,1.05345,1'
b'12-7-2023 12:22:58,0.04699,9.71747,0.79817,1'
b'12-7-2023 12:22:58,-0.18765,9.73303,1.06662,1'
b'12-7-2023 12:22:58,-0.13856,9.78211,1.09295,1'
b'12-7-2023 12:22:59,0,0,0,0'
b'12-7-2023 12:22:59,0,0,0,0'
b'12-7-2023 12:22:59,0,0,0,0'
b'12-7-2023 12:22:59,0,0,0,0'
b'12-7-2023 12:22:59,-0.24152,9.13298,0.67247,1'
b'12-7-2023 12:22:59,-7.29274,0.71646,-1.25336,1'
b'12-7-2023 12:23:0,-13.31954,-3.81007,-1.64512,1'
b'12-7-2023 12:23:0,-10.99118,-1.55952,-0.96965,1'
b'12-7-2023 12:23:0,-13.02865,-0.80595,-0.45101,1'
b'12-7-2023 12:23:0,-4.66241,6.59603,0.14186,1'
b'12-7-2023 12:23:0,3.22349,14.18505,-2.80331,1'
b'12-7-2023 12:23:1,1.28688,9.81683,1.0307,1'
b'12-7-2023 12:23:1,0.08918,9.75817,0.60783,1'
b'12-7-2023 12:23:1,0.36571,9.8707,0.48812,1'
b'12-7-2023 12:23:1,0.35853,9.97604,0.92416,1'
b'12-7-2023 12:23:1,0.27114,9.80845,0.77303,1'
b'12-7-2023 12:23:1,0.44233,9.92456,0.91339,1'
b'12-7-2023 12:23:2,0.21129,9.76296,0.67846,1'
b'12-7-2023 12:23:2,0.1227,9.74979,0.65811,1'
b'12-7-2023 12:23:2,0,0,0,0'
b'12-7-2023 12:23:2,0,0,0,0'
b'12-7-2023 12:23:2,0,0,0,0'
b'12-7-2023 12:23:3,0,0,0,0'
b'12-7-2023 12:23:3,-0.80565,7.81408,-0.94451,1'
b'12-7-2023 12:23:3,-5.85532,1.74986,-0.73352,1'
b'12-7-2023 12:23:3,-11.63552,-2.94636,-3.12054,1'
b'12-7-2023 12:23:3,-11.08336,-2.66116,-0.56354,1'
b'12-7-2023 12:23:3,-13.36743,-2.10899,-1.04028,1'
b'12-7-2023 12:23:4,-1.38534,6.65828,-0.97803,1'
b'12-7-2023 12:23:4,1.23062,8.8382,-0.34447,1'
b'12-7-2023 12:23:4,1.06153,9.82281,-0.15981,1'
b'12-7-2023 12:23:4,0.02903,9.93534,0.39953,1'
b'12-7-2023 12:23:4,-0.36242,9.72585,0.48213,1'
b'12-7-2023 12:23:4,-0.29179,9.87309,0.72634,1'
b'12-7-2023 12:23:5,0.0832,9.85274,0.72514,1'
b'12-7-2023 12:23:5,-0.18884,9.84795,0.80056,1'
b'12-7-2023 12:23:5,-0.18884,9.67796,0.33609,1'
b'12-7-2023 12:23:5,-0.10864,9.82401,0.63297,1'
b'12-7-2023 12:23:5,0,0,0,0'
b'12-7-2023 12:23:5,0,0,0,0'
b'12-7-2023 12:23:6,0,0,0,0'
b'12-7-2023 12:23:6,0,0,0,0'
b'12-7-2023 12:23:6,0,0,0,0'
b'12-7-2023 12:23:6,-4.84197,1.94768,-1.70377,1'
b'12-7-2023 12:23:6,-16.85668,-4.77883,-2.64051,1'
b'12-7-2023 12:23:7,-10.3229,-2.57975,-1.7325,1'
b'12-7-2023 12:23:7,-13.89684,-3.30101,-0.97564,1'
b'12-7-2023 12:23:7,-3.81666,3.90824,-0.12749,1'
b'12-7-2023 12:23:7,-1.529,8.1352,-0.02933,1'
b'12-7-2023 12:23:7,1.43293,9.84196,-0.65691,1'
b'12-7-2023 12:23:7,1.85221,9.98921,0.64015,1'
b'12-7-2023 12:23:8,0.31184,9.7869,0.51326,1'
b'12-7-2023 12:23:8,0.14545,9.8252,0.84874,1'
b'12-7-2023 12:23:8,0.67367,9.89105,0.78979,1'
b'12-7-2023 12:23:8,0.15143,9.75697,0.58867,1'
b'12-7-2023 12:23:8,0.39684,9.79049,0.79697,1'
b'12-7-2023 12:23:8,0.17777,9.73542,0.65811,1'
b'12-7-2023 12:23:9,0.38846,9.8683,0.84635,1'
b'12-7-2023 12:23:9,0,0,0,0'
b'12-7-2023 12:23:9,0,0,0,0'
b'12-7-2023 12:23:9,0,0,0,0'
b'12-7-2023 12:23:9,0,0,0,0'
b'12-7-2023 12:23:10,0,0,0,0'
b'12-7-2023 12:23:10,-5.54886,2.68061,-0.27354,1'
b'12-7-2023 12:23:10,-13.9989,-3.80648,-0.22565,1'
b'12-7-2023 12:23:10,-10.01614,-2.54025,-1.82468,1'
b'12-7-2023 12:23:10,-11.78546,-2.24337,-1.53857,1'
b'12-7-2023 12:23:10,-8.76697,-0.03711,0.70599,1'
b'12-7-2023 12:23:11,-0.16131,7.50044,0.29179,1'
b'12-7-2023 12:23:11,1.43413,9.72585,4.48135,1'
b'12-7-2023 12:23:11,1.76004,10.02991,0.80176,1'
b'12-7-2023 12:23:11,1.14772,9.84675,0.52882,1'
b'12-7-2023 12:23:11,0.63147,9.79767,0.7443,1'
b'12-7-2023 12:23:11,0.67726,9.75577,0.57431,1'
b'12-7-2023 12:23:12,0.71317,9.77493,0.52643,1'
b'12-7-2023 12:23:12,0.58,9.65851,0.44502,1'
b'12-7-2023 12:23:12,0.76824,9.79049,0.56713,1'
b'12-7-2023 12:23:12,0.83647,9.90541,0.97923,1'
b'12-7-2023 12:23:12,0,0,0,0'
b'12-7-2023 12:23:12,0,0,0,0'
b'12-7-2023 12:23:13,0,0,0,0'
b'12-7-2023 12:23:13,0,0,0,0'
b'12-7-2023 12:23:13,0,0,0,0'
b'12-7-2023 12:23:13,2.21494,11.37515,0.7024,1'
b'12-7-2023 12:23:13,-0.74101,7.1039,0.18615,1'
b'12-7-2023 12:23:13,-9.1671,-1.59304,-1.09535,1'
b'12-7-2023 12:23:14,-11.63313,-3.44585,-1.00916,1'
b'12-7-2023 12:23:14,-10.8188,-2.34632,-0.79697,1'
b'12-7-2023 12:23:14,-11.77229,-1.01694,-0.18495,1'
b'12-7-2023 12:23:14,-3.23098,6.21265,0.24989,1'
b'12-7-2023 12:23:14,4.48344,9.49929,-1.12647,1'
b'12-7-2023 12:23:14,1.1983,8.96988,-0.99359,1'
b'12-7-2023 12:23:15,0.93105,9.9102,0.43664,1'
b'12-7-2023 12:23:15,0.19692,9.79169,0.51206,1'
b'12-7-2023 12:23:15,0.25917,9.83478,0.74071,1'
b'12-7-2023 12:23:15,0.2077,9.79288,0.54917,1'
b'12-7-2023 12:23:15,0.40402,9.8683,0.75986,1'
b'12-7-2023 12:23:15,0.29868,9.78091,0.59945,1'
b'12-7-2023 12:23:16,0,0,0,0'
b'12-7-2023 12:23:16,0,0,0,0'
b'12-7-2023 12:23:16,0,0,0,0'
b'12-7-2023 12:23:16,0,0,0,0'
b'12-7-2023 12:23:16,0,0,0,0'
b'12-7-2023 12:23:17,0,0,0,0'
b'12-7-2023 12:23:17,0,0,0,0'
b'12-7-2023 12:23:17,-0.79847,9.09438,-0.06404,1'
b'12-7-2023 12:23:17,-7.03506,-0.65511,-1.31442,1'
b'12-7-2023 12:23:17,-14.77252,-4.46279,-2.45346,1'
b'12-7-2023 12:23:17,-9.93833,-2.58215,-0.59107,1'
b'12-7-2023 12:23:18,-12.02488,-1.33776,-0.23403,1'
b'12-7-2023 12:23:18,-2.77847,5.54677,-0.09996,1'
b'12-7-2023 12:23:18,1.652,8.95791,-1.40899,1'
b'12-7-2023 12:23:18,0.19932,9.4155,2.06919,1'
b'12-7-2023 12:23:18,-0.44502,9.85034,0.57311,1'
b'12-7-2023 12:23:18,0.13228,9.84196,0.3696,1'
b'12-7-2023 12:23:19,0.09038,9.8252,0.48094,1'
b'12-7-2023 12:23:19,-0.09667,9.79288,0.49291,1'
b'12-7-2023 12:23:19,-0.08829,9.76296,0.4127,1'
b'12-7-2023 12:23:19,0.0832,9.8683,0.56952,1'
b'12-7-2023 12:23:19,-0.03561,9.77612,0.39115,1'
b'12-7-2023 12:23:19,0,0,0,0'
b'12-7-2023 12:23:20,0,0,0,0'
b'12-7-2023 12:23:20,0,0,0,0'
b'12-7-2023 12:23:20,0,0,0,0'
b'12-7-2023 12:23:20,0,0,0,0'
b'12-7-2023 12:23:20,0,0,0,0'
b'12-7-2023 12:23:20,-0.30855,9.26227,-1.05105,1'
b'12-7-2023 12:23:21,-5.09007,0.43724,-1.16598,1'
b'12-7-2023 12:23:21,-17.11046,-5.05685,-0.9481,1'
b'12-7-2023 12:23:21,-10.53598,-1.61818,-1.08457,1'
b'12-7-2023 12:23:21,-12.79132,-1.0325,0.22446,1'
b'12-7-2023 12:23:21,-3.43119,5.54318,-0.12629,1'
b'12-7-2023 12:23:21,1.88932,8.13041,0.13108,1'
b'12-7-2023 12:23:22,-0.16011,8.69933,0.19573,1'
b'12-7-2023 12:23:22,0.96576,9.91499,0.56473,1'
b'12-7-2023 12:23:22,0.7024,9.85034,0.50967,1'
b'12-7-2023 12:23:22,0.69162,9.69233,0.60783,1'
b'12-7-2023 12:23:22,0.56683,9.74979,0.65571,1'
b'12-7-2023 12:23:23,0.72155,9.82161,0.75747,1'
b'12-7-2023 12:23:23,0.60394,9.76415,0.65691,1'
b'12-7-2023 12:23:23,0.67846,9.79408,0.81523,1'
b'12-7-2023 12:23:23,0,0,0,0'
b'12-7-2023 12:23:23,0,0,0,0'
b'12-7-2023 12:23:23,0,0,0,0'
b'12-7-2023 12:23:24,0,0,0,0'
b'12-7-2023 12:23:24,0,0,0,0'
b'12-7-2023 12:23:24,-1.10403,10.40251,0.9481,1'
b'12-7-2023 12:23:24,-0.59975,5.52881,-0.88466,1'
b'12-7-2023 12:23:24,-12.13501,-3.98605,-1.35033,1'
b'12-7-2023 12:23:24,-10.11939,-2.74765,-0.59825,1'
b'12-7-2023 12:23:25,-13.65742,-2.5175,-1.87735,1'
b'12-7-2023 12:23:25,-3.12922,4.56574,-0.44143,1'
b'12-7-2023 12:23:25,1.81151,8.24892,-0.29987,1'
b'12-7-2023 12:23:25,0.35853,8.60237,0.02215,1'
b'12-7-2023 12:23:25,1.64721,9.76774,0.19213,1'
b'12-7-2023 12:23:26,0.32022,9.88745,0.93134,1'
b'12-7-2023 12:23:26,0.84845,9.88985,0.66649,1'
b'12-7-2023 12:23:26,0.67606,9.7462,0.51086,1'
b'12-7-2023 12:23:26,0.65332,9.72106,0.51565,1'
b'12-7-2023 12:23:26,0.54887,9.75218,0.52164,1'
b'12-7-2023 12:23:26,0.73951,9.82042,0.60903,1'
b'12-7-2023 12:23:27,0,0,0,0'
b'12-7-2023 12:23:27,0,0,0,0'
b'12-7-2023 12:23:27,0,0,0,0'
b'12-7-2023 12:23:27,2.0246,11.50324,-0.06165,1'
b'12-7-2023 12:23:27,-2.14939,5.86549,0.20171,1'
b'12-7-2023 12:23:28,-10.1565,-2.75124,-0.7826,1'
b'12-7-2023 12:23:28,-11.57447,-3.41114,-1.3623,1'
b'12-7-2023 12:23:28,-13.25969,-3.46501,-0.30347,1'
b'12-7-2023 12:23:28,-7.12963,0.06105,0.70719,1'
b'12-7-2023 12:23:28,1.78039,8.41532,-1.78039,1'
b'12-7-2023 12:23:28,4.68485,15.20408,-3.52067,1'
b'12-7-2023 12:23:29,1.86059,9.87309,1.04028,1'
b'12-7-2023 12:23:29,0.94541,9.89823,0.36003,1'
b'12-7-2023 12:23:29,1.05794,9.75218,-0.10714,1'
b'12-7-2023 12:23:29,0.98132,9.8252,0.39834,1'
b'12-7-2023 12:23:29,0.78021,9.60225,-0.48812,1'
b'12-7-2023 12:23:30,0.82331,9.97724,0.54199,1'
b'12-7-2023 12:23:30,0.43515,9.81563,0.18495,1'
b'12-7-2023 12:23:30,0,0,0,0'
b'12-7-2023 12:23:30,0,0,0,0'
b'12-7-2023 12:23:30,0,0,0,0'
b'12-7-2023 12:23:30,0,0,0,0'
b'12-7-2023 12:23:31,0,0,0,0'
b'12-7-2023 12:23:31,0,0,0,0'
b'12-7-2023 12:23:31,-4.19285,2.65667,-1.6116,1'
b'12-7-2023 12:23:31,-13.98693,-5.06404,-1.61878,1'
b'12-7-2023 12:23:31,-10.27502,-2.86855,-0.71437,1'
b'12-7-2023 12:23:31,-12.51599,-2.43131,-1.62237,1'
b'12-7-2023 12:23:32,-3.00592,6.51582,-0.00658,1'
b'12-7-2023 12:23:32,6.21654,12.23976,-3.77476,1'
b'12-7-2023 12:23:32,2.79583,10.39652,0.29898,1'
b'12-7-2023 12:23:32,0.60633,9.79169,0.30017,1'
b'12-7-2023 12:23:32,0.65811,9.77732,0.29898,1'
b'12-7-2023 12:23:33,0.34656,9.71028,0.13587,1'
b'12-7-2023 12:23:33,0.55605,9.68874,-0.0425,1'
b'12-7-2023 12:23:33,0.47585,9.79767,0.30376,1'
b'12-7-2023 12:23:33,0.48542,9.78091,0.30257,1'
b'12-7-2023 12:23:33,0.52253,9.80007,0.22087,1'
b'12-7-2023 12:23:33,0.51655,9.84436,0.37559,1'
b'12-7-2023 12:23:34,0,0,0,0'
b'12-7-2023 12:23:34,0,0,0,0'
b'12-7-2023 12:23:34,0,0,0,0'
b'12-7-2023 12:23:34,1.46286,10.53898,1.07859,1'
b'12-7-2023 12:23:34,-0.38636,8.40215,-1.49189,1'
b'12-7-2023 12:23:35,-6.63972,-1.66367,-1.47992,1'
b'12-7-2023 12:23:35,-6.70945,-3.6733,-0.0808,1'
b'12-7-2023 12:23:35,-11.69178,-3.35727,-1.30963,1'
b'12-7-2023 12:23:35,-10.93252,-0.93524,-0.10235,1'
b'12-7-2023 12:23:35,-0.9517,7.07995,0.64973,1'
b'12-7-2023 12:23:35,-0.54947,8.67419,0.33249,1'
b'12-7-2023 12:23:36,0.80655,10.16997,0.13946,1'
b'12-7-2023 12:23:36,0.00509,9.71387,0.25109,1'
b'12-7-2023 12:23:36,-0.15413,9.67647,0.06404,1'
b'12-7-2023 12:23:36,0.12151,9.72345,0.18375,1'
b'12-7-2023 12:23:36,0.28192,9.87788,0.54797,1'
b'12-7-2023 12:23:37,0.12629,9.76296,0.25109,1'
b'12-7-2023 12:23:37,0.21129,9.84795,0.59586,1'
b'12-7-2023 12:23:37,0,0,0,0'
b'12-7-2023 12:23:37,0,0,0,0'
b'12-7-2023 12:23:37,0,0,0,0'
b'12-7-2023 12:23:37,0,0,0,0'
b'12-7-2023 12:23:38,0,0,0,0'
b'12-7-2023 12:23:38,0,0,0,0'
b'12-7-2023 12:23:38,0,0,0,0'
b'12-7-2023 12:23:38,-4.25629,2.82905,0.05806,1'
b'12-7-2023 12:23:38,-15.14752,-5.5312,-1.7756,1'
b'12-7-2023 12:23:39,-9.46398,-2.88651,-2.08475,1'
b'12-7-2023 12:23:39,-12.964,-3.32854,-1.98749,1'
b'12-7-2023 12:23:39,-1.46076,2.69976,0.52403,1'
b'12-7-2023 12:23:39,4.68485,9.98083,-0.99479,1'
b'12-7-2023 12:23:39,1.84982,9.06086,-2.72789,1'
b'12-7-2023 12:23:39,1.80553,9.60584,0.082,1'
b'12-7-2023 12:23:40,1.00527,9.7031,0.11313,1'
b'12-7-2023 12:23:40,1.40181,9.7845,0.29179,1'
b'12-7-2023 12:23:40,1.00407,9.79288,0.37559,1'
b'12-7-2023 12:23:40,0.97534,9.73303,0.29299,1'
b'12-7-2023 12:23:40,1.0328,9.79169,0.39594,1'
b'12-7-2023 12:23:41,1.17406,9.76176,0.38158,1'
b'12-7-2023 12:23:41,0.96217,9.7881,0.43664,1'
b'12-7-2023 12:23:41,0,0,0,0'
b'12-7-2023 12:23:41,0,0,0,0'
b'12-7-2023 12:23:41,0,0,0,0'
b'12-7-2023 12:23:41,0,0,0,0'
b'12-7-2023 12:23:42,0,0,0,0'
b'12-7-2023 12:23:42,0,0,0,0'
b'12-7-2023 12:23:42,4.01418,12.06139,0.89184,1'
b'12-7-2023 12:23:42,-2.83593,3.14179,-0.19812,1'
b'12-7-2023 12:23:42,-19.1587,-8.67389,-4.11593,1'
b'12-7-2023 12:23:43,-10.9816,-3.78703,-2.98886,1'
b'12-7-2023 12:23:43,-12.98196,-3.18698,-0.21847,1'
b'12-7-2023 12:23:43,3.8822,3.85796,-1.02113,1'
b'12-7-2023 12:23:43,3.84748,14.63516,-1.03908,1'
b'12-7-2023 12:23:43,0.91069,10.2385,1.08577,1'
b'12-7-2023 12:23:43,0.71796,9.77373,0.14664,1'
b'12-7-2023 12:23:44,0.87239,9.77014,0.07602,1'
b'12-7-2023 12:23:44,0.82091,9.84675,-0.05447,1'
b'12-7-2023 12:23:44,0.59556,9.75577,0.32172,1'
b'12-7-2023 12:23:44,0.70719,9.89105,0.2906,1'
b'12-7-2023 12:23:44,0.76465,9.77972,0.33968,1'
b'12-7-2023 12:23:45,0.54887,9.68754,0.19573,1'
b'12-7-2023 12:23:45,0,0,0,0'
b'12-7-2023 12:23:45,0,0,0,0'
b'12-7-2023 12:23:45,0,0,0,0'
b'12-7-2023 12:23:45,-2.92093,2.95624,-0.83767,1'
b'12-7-2023 12:23:45,-16.59302,-7.25114,-1.72173,1'
b'12-7-2023 12:23:46,-8.78253,-2.86616,-0.63895,1'
b'12-7-2023 12:23:46,-11.22372,-3.90943,-1.29646,1'
b'12-7-2023 12:23:46,-3.62632,1.32489,-0.21967,1'
b'12-7-2023 12:23:46,6.20577,14.81861,-0.7419,1'
b'12-7-2023 12:23:46,2.6833,10.21666,-1.09415,1'
b'12-7-2023 12:23:47,0.29748,9.8252,0.02215,1'
b'12-7-2023 12:23:47,1.04716,9.88267,0.03172,1'
b'12-7-2023 12:23:47,0.4543,9.67527,-0.13108,1'
b'12-7-2023 12:23:47,0.7838,9.7845,-0.02215,1'
b'12-7-2023 12:23:47,0.74909,9.7869,0.01975,1'
b'12-7-2023 12:23:47,0.96337,9.68514,-0.1658,1'
b'12-7-2023 12:23:48,0.92985,9.78211,0.05207,1'
b'12-7-2023 12:23:48,1.00527,9.79049,-0.00658,1'
b'12-7-2023 12:23:48,0,0,0,0'
b'12-7-2023 12:23:48,0,0,0,0'
b'12-7-2023 12:23:48,0,0,0,0'
b'12-7-2023 12:23:49,0,0,0,0'
b'12-7-2023 12:23:49,4.06087,12.62074,1.43802,1'
b'12-7-2023 12:23:49,-2.60339,4.2533,-1.28209,1'
b'12-7-2023 12:23:49,-10.46535,-3.08762,-1.50865,1'
b'12-7-2023 12:23:49,-9.02464,-3.90225,-1.51224,1'
b'12-7-2023 12:23:49,-10.88703,-3.85077,-1.61878,1'
b'12-7-2023 12:23:50,-11.3961,-2.75243,-0.71078,1'
b'12-7-2023 12:23:50,0.16819,6.30244,-2.86795,1'
b'12-7-2023 12:23:50,7.04793,16.16236,-4.83,1'
b'12-7-2023 12:23:50,0.38487,9.86232,0.77303,1'
b'12-7-2023 12:23:50,1.04357,9.94132,-0.19333,1'
b'12-7-2023 12:23:51,0.73352,9.72106,-0.24122,1'
b'12-7-2023 12:23:51,1.09864,9.68993,-0.23044,1'
b'12-7-2023 12:23:51,1.09864,9.77972,-0.15862,1'
b'12-7-2023 12:23:51,1.04956,9.77852,-0.01018,1'
b'12-7-2023 12:23:51,0.86999,9.65013,-0.25558,1'
b'12-7-2023 12:23:51,0,0,0,0'
b'12-7-2023 12:23:52,0,0,0,0'
b'12-7-2023 12:23:52,0,0,0,0'
b'12-7-2023 12:23:52,0,0,0,0'
b'12-7-2023 12:23:52,3.07984,11.50085,-0.47016,1'
b'12-7-2023 12:23:52,-2.17094,4.46399,-1.50745,1'
b'12-7-2023 12:23:53,-12.27388,-6.28807,-0.97564,1'
b'12-7-2023 12:23:53,-6.69389,-2.56778,-1.33596,1'
b'12-7-2023 12:23:53,-11.54215,-3.98006,-1.46675,1'
b'12-7-2023 12:23:53,-10.60332,-1.37846,-0.57072,1'
b'12-7-2023 12:23:53,1.43413,8.61314,-1.69899,1'
b'12-7-2023 12:23:53,2.02101,8.7137,0.67127,1'
b'12-7-2023 12:23:54,1.40181,9.63337,-0.13228,1'
b'12-7-2023 12:23:54,1.11061,9.84915,-0.10116,1'
b'12-7-2023 12:23:54,0.76225,9.85753,0.14784,1'
b'12-7-2023 12:23:54,0.81612,9.72106,-0.24361,1'
b'12-7-2023 12:23:54,0.70838,9.76894,0.03531,1'
b'12-7-2023 12:23:55,0.8245,9.68514,-0.03412,1'
b'12-7-2023 12:23:55,0.94302,9.82042,0.0006,1'
b'12-7-2023 12:23:55,0,0,0,0'
b'12-7-2023 12:23:55,0,0,0,0'
b'12-7-2023 12:23:55,0,0,0,0'
b'12-7-2023 12:23:55,0,0,0,0'
b'12-7-2023 12:23:56,2.44628,10.63834,-0.29389,1'
b'12-7-2023 12:23:56,1.13096,8.26449,-1.942,1'
b'12-7-2023 12:23:56,-5.05655,-3.98246,-0.91339,1'
b'12-7-2023 12:23:56,-7.87004,-3.41952,1.31801,1'
b'12-7-2023 12:23:56,-10.83077,-3.5081,-1.02113,1'
b'12-7-2023 12:23:56,-12.65246,-2.16077,-0.35644,1'
b'12-7-2023 12:23:57,0.55126,5.47255,-0.25079,1'
b'12-7-2023 12:23:57,3.3444,8.63708,5.2873,1'
b'12-7-2023 12:23:57,0.78979,9.72704,0.4953,1'
b'12-7-2023 12:23:57,0.81852,9.83718,0.24361,1'
b'12-7-2023 12:23:57,0.79817,9.80366,0.16939,1'
b'12-7-2023 12:23:58,0.95738,9.94252,0.44023,1'
b'12-7-2023 12:23:58,0.67008,9.84915,0.53241,1'
b'12-7-2023 12:23:58,0.7024,9.71148,0.18016,1'
b'12-7-2023 12:23:58,0.7443,9.85034,0.30975,1'
b'12-7-2023 12:23:58,0,0,0,0'
b'12-7-2023 12:23:58,0,0,0,0'
b'12-7-2023 12:23:59,0,0,0,0'
b'12-7-2023 12:23:59,0,0,0,0'
b'12-7-2023 12:23:59,1.20548,10.58925,2.52199,1'
b'12-7-2023 12:23:59,-3.43239,1.64452,-1.95995,1'
b'12-7-2023 12:23:59,-16.49605,-6.66785,0.0401,1'
b'12-7-2023 12:24:0,-11.01393,-3.28065,-0.96247,1'
b'12-7-2023 12:24:0,-13.19504,-3.57873,-0.02693,1'
b'12-7-2023 12:24:0,-3.26449,2.02549,-0.89423,1'
b'12-7-2023 12:24:0,5.84065,9.97125,-1.30963,1'
b'12-7-2023 12:24:0,4.15424,9.49211,-0.93494,1'
b'12-7-2023 12:24:0,1.61968,9.59626,0.30975,1'
b'12-7-2023 12:24:1,2.18261,9.67407,-0.16939,1'
b'12-7-2023 12:24:1,1.79116,9.68993,0.46298,1'
b'12-7-2023 12:24:1,1.84024,9.64175,0.18016,1'
b'12-7-2023 12:24:1,1.7358,9.60584,0.03531,1'
b'12-7-2023 12:24:1,1.6939,9.63457,0.19213,1'
b'12-7-2023 12:24:2,1.82348,9.63696,0.19094,1'
b'12-7-2023 12:24:2,0,0,0,0'
b'12-7-2023 12:24:2,0,0,0,0'
b'12-7-2023 12:24:2,0,0,0,0'
b'12-7-2023 12:24:2,2.84491,9.99519,-0.27952,1'
b'12-7-2023 12:24:2,0.42557,8.3423,-1.91925,1'
b'12-7-2023 12:24:3,-6.45058,0.3726,-0.60543,1'
b'12-7-2023 12:24:3,-15.25047,-4.30328,-0.51805,1'
b'12-7-2023 12:24:3,-10.07031,-1.92703,-0.21129,1'
b'12-7-2023 12:24:3,-14.69351,-2.80032,0.19573,1'
b'12-7-2023 12:24:3,-2.8491,3.83042,-0.99,1'
b'12-7-2023 12:24:4,-0.34686,9.03931,-0.167,1'
b'12-7-2023 12:24:4,0.51775,8.54461,0.4941,1'
b'12-7-2023 12:24:4,1.25576,9.81084,-0.01137,1'
b'12-7-2023 12:24:4,0.27473,9.65013,0.42108,1'
b'12-7-2023 12:24:4,0.76824,9.88745,0.77782,1'
b'12-7-2023 12:24:4,0.68684,9.83957,0.74071,1'
b'12-7-2023 12:24:5,0.6605,9.80007,0.48931,1'
b'12-7-2023 12:24:5,0.62309,9.83718,0.66649,1'
b'12-7-2023 12:24:5,0,0,0,0'
b'12-7-2023 12:24:5,0,0,0,0'
b'12-7-2023 12:24:5,0,0,0,0'
b'12-7-2023 12:24:5,0,0,0,0'
b'12-7-2023 12:24:6,0,0,0,0'
b'12-7-2023 12:24:6,-3.0957,4.50589,-1.34075,1'
b'12-7-2023 12:24:6,-11.56369,-4.7477,-1.35871,1'
b'12-7-2023 12:24:6,-8.05799,-1.98928,-1.37547,1'
b'12-7-2023 12:24:6,-11.9339,-3.29023,-1.59963,1'
b'12-7-2023 12:24:7,-9.69532,-0.77123,-0.04609,1'
b'12-7-2023 12:24:7,3.31567,7.54952,-1.70138,1'
b'12-7-2023 12:24:7,4.625,15.58865,-1.29766,1'
b'12-7-2023 12:24:7,2.396,10.39772,1.66666,1'
b'12-7-2023 12:24:7,0.32262,9.84795,0.60304,1'
b'12-7-2023 12:24:7,0.76225,9.72824,0.13108,1'
b'12-7-2023 12:24:8,0.77183,9.79887,0.49291,1'
b'12-7-2023 12:24:8,0.74549,9.60105,0.22087,1'
b'12-7-2023 12:24:8,0.84605,9.85034,0.42347,1'
b'12-7-2023 12:24:8,0.60992,9.80007,0.37679,1'
b'12-7-2023 12:24:8,0.87837,9.80845,0.38517,1'
b'12-7-2023 12:24:8,0,0,0,0'
b'12-7-2023 12:24:9,0,0,0,0'
b'12-7-2023 12:24:9,0,0,0,0'
b'12-7-2023 12:24:9,1.24498,10.89481,2.47381,1'
b'12-7-2023 12:24:9,-4.56425,1.66008,-1.74687,1'
b'12-7-2023 12:24:9,-14.22994,-4.20033,-1.67025,1'
b'12-7-2023 12:24:10,-10.74937,-3.63619,-1.01275,1'
b'12-7-2023 12:24:10,-11.11448,-3.30699,-0.63057,1'
b'12-7-2023 12:24:10,-10.3217,-1.92943,1.06422,1'
b'12-7-2023 12:24:10,-2.08236,6.31231,-1.58765,1'
b'12-7-2023 12:24:10,1.91566,8.62391,-0.73472,1'
b'12-7-2023 12:24:10,1.29047,9.04769,-1.80074,1'
b'12-7-2023 12:24:11,2.15029,9.99879,0.06285,1'
b'12-7-2023 12:24:11,1.34554,9.75218,0.13348,1'
b'12-7-2023 12:24:11,1.34315,9.70789,0.11552,1'
b'12-7-2023 12:24:11,1.38983,9.63217,-0.23164,1'
b'12-7-2023 12:24:11,1.46765,9.77373,0.05088,1'
b'12-7-2023 12:24:11,1.37667,9.64175,-0.07362,1'
b'12-7-2023 12:24:12,0,0,0,0'
b'12-7-2023 12:24:12,0,0,0,0'
b'12-7-2023 12:24:12,0,0,0,0'
b'12-7-2023 12:24:12,2.88831,10.54377,0.02693,1'
b'12-7-2023 12:24:12,1.88214,9.97843,-0.38158,1'
b'12-7-2023 12:24:13,-5.03501,1.54755,-0.60903,1'
b'12-7-2023 12:24:13,-14.41429,-3.87472,-0.77303,1'
b'12-7-2023 12:24:13,-11.70854,-3.20015,-0.37559,1'
b'12-7-2023 12:24:13,-12.62014,-2.86376,-1.46435,1'
b'12-7-2023 12:24:13,-4.02286,4.54539,0.07482,1'
b'12-7-2023 12:24:13,3.98275,8.55179,-1.46675,1'
b'12-7-2023 12:24:14,2.22092,8.06577,3.22978,1'
b'12-7-2023 12:24:14,2.31908,9.42268,-0.69881,1'
b'12-7-2023 12:24:14,1.54187,9.66928,0.19573,1'
b'12-7-2023 12:24:14,2.03896,9.51605,-0.21967,1'
b'12-7-2023 12:24:14,1.8594,9.65971,0.04848,1'
b'12-7-2023 12:24:15,2.04854,9.56154,-0.1634,1'
b'12-7-2023 12:24:15,1.90728,9.61182,-0.02334,1'
b'12-7-2023 12:24:15,0,0,0,0'
b'12-7-2023 12:24:15,0,0,0,0'
b'12-7-2023 12:24:15,0,0,0,0'
b'12-7-2023 12:24:15,0,0,0,0'
b'12-7-2023 12:24:16,3.78763,10.97622,0.2077,1'
b'12-7-2023 12:24:16,1.10941,8.73644,-1.36709,1'
b'12-7-2023 12:24:16,-6.33446,0.92356,-0.2891,1'
b'12-7-2023 12:24:16,-13.20342,-3.98246,-0.97205,1'
b'12-7-2023 12:24:16,-10.27023,-2.68779,-0.30825,1'
b'12-7-2023 12:24:17,-13.30757,-2.15119,0.27623,1'
b'12-7-2023 12:24:17,-3.2202,3.41593,-0.83408,1'
b'12-7-2023 12:24:17,1.04477,9.21798,0.48812,1'
b'12-7-2023 12:24:17,4.64535,9.85274,3.02118,1'
b'12-7-2023 12:24:17,-0.04998,9.34247,0.09637,1'
b'12-7-2023 12:24:17,1.90608,9.92097,0.17178,1'
b'12-7-2023 12:24:18,0.7431,9.7462,0.05806,1'
b'12-7-2023 12:24:18,0.96696,9.80485,0.13348,1'
b'12-7-2023 12:24:18,0.93942,9.76176,0.14904,1'
b'12-7-2023 12:24:18,1.14892,9.71268,-0.0808,1'
b'12-7-2023 12:24:18,0,0,0,0'
b'12-7-2023 12:24:18,0,0,0,0'
b'12-7-2023 12:24:19,0,0,0,0'
b'12-7-2023 12:24:19,0,0,0,0'
b'12-7-2023 12:24:19,-0.09786,9.09557,-0.51326,1'
b'12-7-2023 12:24:19,-7.50463,-0.17957,0.2906,1'
b'12-7-2023 12:24:19,-13.60834,-3.16065,0.42826,1'
b'12-7-2023 12:24:20,-10.899,-2.13084,0.09876,1'
b'12-7-2023 12:24:20,-12.20085,-2.05153,-0.59705,1'
b'12-7-2023 12:24:20,-5.67695,1.79296,0.56713,1'
b'12-7-2023 12:24:20,4.35535,9.86351,-1.75285,1'
b'12-7-2023 12:24:20,1.04597,9.77493,-2.11228,1'
b'12-7-2023 12:24:20,1.99108,9.76655,-0.04489,1'
b'12-7-2023 12:24:21,0.40282,9.64414,-0.06165,1'
b'12-7-2023 12:24:21,0.16221,9.93175,0.48213,1'
b'12-7-2023 12:24:21,0.46268,9.76296,0.0844,1'
b'12-7-2023 12:24:21,0.31544,9.72225,-0.02933,1'
b'12-7-2023 12:24:21,0.43036,9.98322,0.48572,1'
b'12-7-2023 12:24:22,0.21847,9.65013,-0.0006,1'
b'12-7-2023 12:24:22,0,0,0,0'
b'12-7-2023 12:24:22,0,0,0,0'
b'12-7-2023 12:24:22,0,0,0,0'
b'12-7-2023 12:24:22,2.24247,11.34492,-0.62818,1'
b'12-7-2023 12:24:22,-0.81283,6.60919,-0.26396,1'
b'12-7-2023 12:24:23,-14.27902,-5.325,0.37798,1'
b'12-7-2023 12:24:23,-7.58124,-1.46705,-0.26157,1'
b'12-7-2023 12:24:23,-12.0584,-2.96911,-0.31065,1'
b'12-7-2023 12:24:23,-10.16249,0.85892,1.02352,1'
b'12-7-2023 12:24:23,-3.87202,7.65845,-0.42946,1'
b'12-7-2023 12:24:24,1.89651,9.7869,-1.68941,1'
b'12-7-2023 12:24:24,2.4379,9.70909,-1.02352,1'
b'12-7-2023 12:24:24,0.69282,9.82042,0.02454,1'
b'12-7-2023 12:24:24,0.14545,9.72345,0.03292,1'
b'12-7-2023 12:24:24,0.48064,9.65851,-0.10475,1'
b'12-7-2023 12:24:24,0.64494,9.90421,0.32412,1'
b'12-7-2023 12:24:25,0.58,9.80845,0.07362,1'
b'12-7-2023 12:24:25,0.51894,9.61422,-0.0425,1'
b'12-7-2023 12:24:25,0,0,0,0'
b'12-7-2023 12:24:25,0,0,0,0'
b'12-7-2023 12:24:25,0,0,0,0'
b'12-7-2023 12:24:25,0,0,0,0'
b'12-7-2023 12:24:26,-0.82241,7.89428,-0.98402,1'
b'12-7-2023 12:24:26,-18.32372,-2.05512,0.67726,1'
b'12-7-2023 12:24:26,-11.13723,-2.25654,-1.28449,1'
b'12-7-2023 12:24:26,-10.20798,-3.07685,-0.10235,1'
b'12-7-2023 12:24:26,-12.28734,-3.39199,-0.06165,1'
b'12-7-2023 12:24:26,-11.18661,-1.72472,0.30137,1'
b'12-7-2023 12:24:27,-1.74358,6.76721,-0.19333,1'
b'12-7-2023 12:24:27,5.47644,10.54736,-2.1039,1'
b'12-7-2023 12:24:27,2.46304,9.55556,0.04729,1'
b'12-7-2023 12:24:27,1.2402,9.94611,-0.06644,1'
b'12-7-2023 12:24:27,0.14425,9.57711,0.31214,1'
b'12-7-2023 12:24:27,1.05674,9.97484,0.38397,1'
b'12-7-2023 12:24:28,0.60274,9.74739,0.24002,1'
b'12-7-2023 12:24:28,0.48782,9.66569,-0.0401,1'
b'12-7-2023 12:24:28,0.73831,9.92816,0.4127,1'
b'12-7-2023 12:24:28,0,0,0,0'
b'12-7-2023 12:24:28,0,0,0,0'
b'12-7-2023 12:24:29,0,0,0,0'
b'12-7-2023 12:24:29,2.2712,10.43722,-0.17059,1'
b'12-7-2023 12:24:29,0.16101,8.01908,-1.20548,1'
b'12-7-2023 12:24:29,-8.3803,-2.02879,-0.96726,1'
b'12-7-2023 12:24:29,-7.30591,-0.88496,0.00658,1'
b'12-7-2023 12:24:29,-11.86447,-1.42874,-0.47615,1'
b'12-7-2023 12:24:30,-11.44279,0.14156,0.38517,1'
b'12-7-2023 12:24:30,-1.05973,6.51821,0.79218,1'
b'12-7-2023 12:24:30,1.51553,8.7113,5.98221,1'
b'12-7-2023 12:24:30,1.18244,9.64175,0.79817,1'
b'12-7-2023 12:24:30,1.17406,9.88865,-0.07602,1'
b'12-7-2023 12:24:30,1.3611,10.00357,0.13587,1'
b'12-7-2023 12:24:31,0.66409,9.76176,-0.03531,1'
b'12-7-2023 12:24:31,0.68803,9.7462,-0.11552,1'
b'12-7-2023 12:24:31,1.06751,9.8707,0.09038,1'
b'12-7-2023 12:24:31,0.76225,9.75697,-0.18016,1'
b'12-7-2023 12:24:31,0,0,0,0'
b'12-7-2023 12:24:31,0,0,0,0'
b'12-7-2023 12:24:32,0,0,0,0'
b'12-7-2023 12:24:32,1.38265,10.95347,-0.21727,1'
b'12-7-2023 12:24:32,-1.05854,7.29543,0.25229,1'
b'12-7-2023 12:24:32,-8.60177,-0.11133,-1.00676,1'
b'12-7-2023 12:24:32,-10.27262,-2.67313,0.48333,1'
b'12-7-2023 12:24:33,-10.43184,-2.64799,-1.26174,1'
b'12-7-2023 12:24:33,-13.67059,-2.48877,0.04489,1'
b'12-7-2023 12:24:33,-4.74501,1.63255,0.17178,1'
b'12-7-2023 12:24:33,-0.99718,6.89799,-0.33489,1'
b'12-7-2023 12:24:33,6.19141,9.87429,-1.36948,1'
b'12-7-2023 12:24:33,-0.20919,9.0429,-0.55755,1'
b'12-7-2023 12:24:34,1.23182,9.5388,-0.25438,1'
b'12-7-2023 12:24:34,1.39223,9.44662,-0.82929,1'
b'12-7-2023 12:24:34,1.28569,10.40849,0.97085,1'
b'12-7-2023 12:24:34,0.73352,9.66928,0.32651,1'
b'12-7-2023 12:24:34,0.56443,9.67527,0.03771,1'
b'12-7-2023 12:24:34,0,0,0,0'
b'12-7-2023 12:24:35,0,0,0,0'
b'12-7-2023 12:24:35,0,0,0,0'
b'12-7-2023 12:24:35,2.20895,10.77121,1.15401,1'
b'12-7-2023 12:24:35,-0.55306,9.03811,0.4546,1'
b'12-7-2023 12:24:35,-7.52737,1.45657,-1.70018,1'
b'12-7-2023 12:24:36,-10.06792,-1.38205,0.89304,1'
b'12-7-2023 12:24:36,-15.1523,-4.78721,-0.9481,1'
b'12-7-2023 12:24:36,-9.72764,-2.7261,1.01155,1'
b'12-7-2023 12:24:36,-13.17709,-2.49476,0.00778,1'
b'12-7-2023 12:24:36,-4.46608,5.06882,0.4941,1'
b'12-7-2023 12:24:36,-0.98402,8.74602,0.4546,1'
b'12-7-2023 12:24:37,2.26881,8.06696,-1.27252,1'
b'12-7-2023 12:24:37,1.74896,10.4887,0.26665,1'
b'12-7-2023 12:24:37,1.63285,9.99041,0.23164,1'
b'12-7-2023 12:24:37,1.03519,9.83598,0.09158,1'
b'12-7-2023 12:24:37,1.49518,9.71148,0.10594,1'
b'12-7-2023 12:24:37,1.27372,9.50408,-0.1239,1'
b'12-7-2023 12:24:38,0,0,0,0'
b'12-7-2023 12:24:38,0,0,0,0'
b'12-7-2023 12:24:38,0,0,0,0'
b'12-7-2023 12:24:38,0,0,0,0'
b'12-7-2023 12:24:44,0,0,0,0'
b'12-7-2023 12:24:44,0,0,0,0'
b'12-7-2023 12:24:45,2.106,10.62277,0.72395,1'
b'12-7-2023 12:24:45,0.21368,10.09575,-0.07003,1'
b'12-7-2023 12:24:45,-5.87926,1.98,-1.20787,1'
b'12-7-2023 12:24:45,-13.831,-3.89387,-0.86161,1'
b'12-7-2023 12:24:45,-9.91319,-2.64799,-1.50506,1'
b'12-7-2023 12:24:45,-12.11825,-4.03393,-0.83169,1'
b'12-7-2023 12:24:46,-7.91314,-3.2193,0.35644,1'
b'12-7-2023 12:24:46,1.78997,9.9509,-2.53606,1'
b'12-7-2023 12:24:46,1.61249,10.91636,-0.74909,1'
b'12-7-2023 12:24:46,1.25696,10.11131,0.40911,1'
b'12-7-2023 12:24:46,1.28209,9.85513,-0.07482,1'
b'12-7-2023 12:24:46,0.57162,9.55795,-0.21009,1'
b'12-7-2023 12:24:47,0.71557,9.745,0.06165,1'
b'12-7-2023 12:24:47,0.97654,9.78091,0.02334,1'
b'12-7-2023 12:24:47,0.81253,9.7845,0.06883,1'
b'12-7-2023 12:24:47,0,0,0,0'
b'12-7-2023 12:24:47,0,0,0,0'
b'12-7-2023 12:24:48,0,0,0,0'
b'12-7-2023 12:24:48,1.17047,10.19152,-0.86161,1'
b'12-7-2023 12:24:48,-1.26085,8.48116,-0.63416,1'
b'12-7-2023 12:24:48,-7.04823,0.30436,0.2077,1'
b'12-7-2023 12:24:48,-8.62691,-1.83964,-0.85682,1'
b'12-7-2023 12:24:48,-11.54454,-3.32375,-0.9505,1'
b'12-7-2023 12:24:49,-12.46092,-3.45902,-1.13006,1'
b'12-7-2023 12:24:49,-8.10946,-1.8983,-0.21727,1'
b'12-7-2023 12:24:49,-0.7829,7.42951,-0.51206,1'
b'12-7-2023 12:24:49,3.68348,11.38712,0.72155,1'
b'12-7-2023 12:24:49,0.56443,9.7019,0.33968,1'
b'12-7-2023 12:24:50,1.01245,9.59387,-0.25199,1'
b'12-7-2023 12:24:50,0.9095,9.68036,-0.17777,1'
b'12-7-2023 12:24:50,0.9502,9.91379,0.06404,1'
b'12-7-2023 12:24:50,1.09864,9.87788,0.02574,1'
b'12-7-2023 12:24:50,0.98731,9.67916,-0.21009,1'
b'12-7-2023 12:24:50,0,0,0,0'
b'12-7-2023 12:24:51,0,0,0,0'
b'12-7-2023 12:24:51,0,0,0,0'
b'12-7-2023 12:24:51,2.00305,10.49827,0.67487,1'
b'12-7-2023 12:24:51,0.28072,9.05966,-1.13964,1'
b'12-7-2023 12:24:51,-4.91141,2.75124,-0.41869,1'
b'12-7-2023 12:24:51,-13.69214,-3.65894,-0.60783,1'
b'12-7-2023 12:24:52,-9.77193,-2.08146,-0.48692,1'
b'12-7-2023 12:24:52,-12.33762,-2.45286,-0.84605,1'
b'12-7-2023 12:24:52,-8.21361,1.41348,0.37918,1'
b'12-7-2023 12:24:52,-0.62848,7.41634,-0.98641,1'
b'12-7-2023 12:24:52,3.56377,11.95006,-2.90147,1'
b'12-7-2023 12:24:52,2.46663,10.54855,1.56132,1'
b'12-7-2023 12:24:53,0.92147,9.72225,-0.09038,1'
b'12-7-2023 12:24:53,0.25558,9.92816,0.53959,1'
b'12-7-2023 12:24:53,-0.44023,9.73063,0.23762,1'
b'12-7-2023 12:24:53,-0.04639,9.66569,0.06285,1'
b'12-7-2023 12:24:53,0.05896,9.92456,0.29179,1'
b'12-7-2023 12:24:53,0,0,0,0'
b'12-7-2023 12:24:54,0,0,0,0'
b'12-7-2023 12:24:54,0,0,0,0'
b'12-7-2023 12:24:54,0.73233,10.86848,0.45101,1'
b'12-7-2023 12:24:54,1.16448,9.94372,-0.89902,1'
b'12-7-2023 12:24:54,-2.16975,5.33488,-0.53361,1'
b'12-7-2023 12:24:55,-13.70651,-4.17758,-0.25319,1'
b'12-7-2023 12:24:55,-8.50959,-2.12605,-0.66649,1'
b'12-7-2023 12:24:55,-10.92893,-3.29263,-1.14323,1'
b'12-7-2023 12:24:55,-12.30171,-1.99886,0.87029,1'
b'12-7-2023 12:24:55,-2.17842,4.48314,-2.22481,1'
b'12-7-2023 12:24:55,5.77003,9.7869,-1.47154,1'
b'12-7-2023 12:24:56,1.03759,11.13783,0.52882,1'
b'12-7-2023 12:24:56,1.09864,9.85274,0.4953,1'
b'12-7-2023 12:24:56,0.87957,10.0335,0.79218,1'
b'12-7-2023 12:24:56,0.48064,9.5807,-0.04489,1'
b'12-7-2023 12:24:56,0.92147,9.90182,0.42826,1'
b'12-7-2023 12:24:56,0.69162,9.58549,0.04609,1'
b'12-7-2023 12:24:57,0,0,0,0'
b'12-7-2023 12:24:57,0,0,0,0'
b'12-7-2023 12:24:57,0,0,0,0'
b'12-7-2023 12:24:57,0,0,0,0'
b'12-7-2023 12:24:57,3.26419,12.36066,0.22565,1'
b'12-7-2023 12:24:58,-2.67642,6.04027,-0.89304,1'
b'12-7-2023 12:24:58,-15.23131,-6.24498,-0.9517,1'
b'12-7-2023 12:24:58,-9.0857,-2.53785,-1.57928,1'
b'12-7-2023 12:24:58,-12.11227,-3.43867,-0.21488,1'
b'12-7-2023 12:24:58,-11.12047,-1.10792,0.64374,1'
b'12-7-2023 12:24:58,-0.56024,7.67761,0.40312,1'
b'12-7-2023 12:24:59,7.37235,12.25412,-3.47159,1'
b'12-7-2023 12:24:59,1.58975,10.73171,0.7024,1'
b'12-7-2023 12:24:59,1.60771,9.69352,-0.00658,1'
b'12-7-2023 12:24:59,0.61112,9.68275,0.24122,1'
b'12-7-2023 12:24:59,0.64614,9.67527,0.10235,1'
b'12-7-2023 12:25:0,0.96337,9.83239,0.35883,1'
b'12-7-2023 12:25:0,0.94421,9.82999,0.38996,1'
b'12-7-2023 12:25:0,0.89034,9.80605,0.38038,1'
b'12-7-2023 12:25:0,0,0,0,0'
b'12-7-2023 12:25:0,0,0,0,0'
b'12-7-2023 12:25:0,0,0,0,0'
b'12-7-2023 12:25:1,2.73358,11.35809,0.86191,1'
b'12-7-2023 12:25:1,-0.51595,6.32309,-0.38517,1'
b'12-7-2023 12:25:1,-12.64887,-5.27113,-0.89543,1'
b'12-7-2023 12:25:1,-7.58722,-2.46603,-1.13605,1'
b'12-7-2023 12:25:1,-12.58422,-3.84599,-0.62459,1'
b'12-7-2023 12:25:2,-9.82102,-1.27791,0.69641,1'
b'12-7-2023 12:25:2,0.39923,8.55299,-1.60322,1'
b'12-7-2023 12:25:2,3.56257,10.58207,-3.00802,1'
b'12-7-2023 12:25:2,2.48219,11.2743,1.24738,1'
b'12-7-2023 12:25:2,0.75747,9.73183,0.20171,1'
b'12-7-2023 12:25:2,0.29628,9.91379,0.10834,1'
b'12-7-2023 12:25:3,0.0015,9.70789,-0.05806,1'
b'12-7-2023 12:25:3,0.22326,9.65851,-0.29987,1'
b'12-7-2023 12:25:3,0.32741,9.85992,0.11193,1'
b'12-7-2023 12:25:3,0.18375,9.80366,-0.02454,1'
b'12-7-2023 12:25:3,0,0,0,0'
b'12-7-2023 12:25:4,0,0,0,0'
b'12-7-2023 12:25:4,0,0,0,0'
b'12-7-2023 12:25:4,0,0,0,0'
b'12-7-2023 12:25:4,0,0,0,0'
b'12-7-2023 12:25:4,-2.52319,5.76614,-0.51805,1'
b'12-7-2023 12:25:4,-15.17505,-6.37785,-1.35632,1'
b'12-7-2023 12:25:5,-10.65121,-3.89267,-1.53139,1'
b'12-7-2023 12:25:5,-12.06917,-3.69246,-0.53002,1'
b'12-7-2023 12:25:5,-3.86005,2.31878,0.69761,1'
b'12-7-2023 12:25:5,2.3143,10.85052,-1.52062,1'
b'12-7-2023 12:25:5,3.77566,10.46476,0.9517,1'
b'12-7-2023 12:25:5,2.20057,9.51965,0.10355,1'
b'12-7-2023 12:25:6,1.45567,9.81443,0.71676,1'
b'12-7-2023 12:25:6,1.16927,9.64654,0.29898,1'
b'12-7-2023 12:25:6,1.3216,9.81204,0.25109,1'
b'12-7-2023 12:25:6,1.1956,9.76415,0.36242,1'
b'12-7-2023 12:25:6,1.25217,9.78929,0.44502,1'
b'12-7-2023 12:25:7,1.18722,9.75937,0.38397,1'
b'12-7-2023 12:25:7,1.2378,9.67916,0.15383,1'
b'12-7-2023 12:25:7,0,0,0,0'
b'12-7-2023 12:25:7,0,0,0,0'
b'12-7-2023 12:25:7,0,0,0,0'
b'12-7-2023 12:25:7,2.23768,11.36079,0.96606,1'
b'12-7-2023 12:25:8,-1.2788,7.19847,-0.2496,1'
b'12-7-2023 12:25:8,-8.69873,-4.15963,-0.16819,1'
b'12-7-2023 12:25:8,-6.13454,-1.33537,-0.71796,1'
b'12-7-2023 12:25:8,-12.08593,-2.6025,0.79098,1'
b'12-7-2023 12:25:8,-9.83778,-0.38547,-0.55276,1'
b'12-7-2023 12:25:9,0.7012,7.45973,-0.32292,1'
b'12-7-2023 12:25:9,3.91691,10.43483,1.0738,1'
b'12-7-2023 12:25:9,1.68911,9.57711,-0.06644,1'
b'12-7-2023 12:25:9,1.18004,9.76894,-0.06045,1'
b'12-7-2023 12:25:9,1.09265,9.6202,0.02574,1'
b'12-7-2023 12:25:9,1.03759,9.80725,-0.01736,1'
b'12-7-2023 12:25:10,0.96696,9.90781,0.32052,1'
b'12-7-2023 12:25:10,0.89633,9.5795,-0.19812,1'
b'12-7-2023 12:25:10,0.99569,9.79288,0.07961,1'
b'12-7-2023 12:25:10,0,0,0,0'
b'12-7-2023 12:25:10,0,0,0,0'
b'12-7-2023 12:25:11,0,0,0,0'
b'12-7-2023 12:25:11,3.76488,11.79653,0.55755,1'
b'12-7-2023 12:25:11,-0.51595,5.6976,-0.85802,1'
b'12-7-2023 12:25:11,-10.59464,-2.0659,-1.72053,1'
b'12-7-2023 12:25:11,-9.2892,-2.2721,-1.56491,1'
b'12-7-2023 12:25:11,-12.76858,-3.386,-0.63416,1'
b'12-7-2023 12:25:12,-11.14441,-1.30065,0.29658,1'
b'12-7-2023 12:25:12,-0.38158,6.53378,-0.26635,1'
b'12-7-2023 12:25:12,4.27275,13.25789,-5.54856,1'
b'12-7-2023 12:25:12,1.02562,10.38216,0.12869,1'
b'12-7-2023 12:25:12,1.19441,9.69352,-0.1634,1'
b'12-7-2023 12:25:13,0.0003,9.73303,-0.07841,1'
b'12-7-2023 12:25:13,0.31304,9.82999,-0.0425,1'
b'12-7-2023 12:25:13,0.28192,9.8671,0.06524,1'
b'12-7-2023 12:25:13,0.29389,9.75458,-0.06883,1'
b'12-7-2023 12:25:13,0.32621,9.83358,0.05567,1'
b'12-7-2023 12:25:13,0,0,0,0'
b'12-7-2023 12:25:14,0,0,0,0'
b'12-7-2023 12:25:14,0,0,0,0'
b'12-7-2023 12:25:14,0,0,0,0'
b'12-7-2023 12:25:14,1.0304,11.63732,0.75148,1'
b'12-7-2023 12:25:14,-0.90022,5.55036,-0.61501,1'
b'12-7-2023 12:25:15,-17.50461,-5.45549,-0.83049,1'
b'12-7-2023 12:25:15,-8.78732,-1.6517,-0.67008,1'
b'12-7-2023 12:25:15,-10.94689,-2.13922,0.19453,1'
b'12-7-2023 12:25:15,-7.67461,-0.74011,0.44981,1'
b'12-7-2023 12:25:15,1.31442,8.07654,-0.91099,1'
b'12-7-2023 12:25:15,1.85461,8.73285,5.76524,1'
b'12-7-2023 12:25:16,1.0328,9.55197,-0.76345,1'
b'12-7-2023 12:25:16,0.98611,9.86351,-0.04369,1'
b'12-7-2023 12:25:16,0.3705,9.84316,-0.00898,1'
b'12-7-2023 12:25:16,0.32022,9.77014,-0.26276,1'
b'12-7-2023 12:25:16,0.39684,9.90421,0.01616,1'
b'12-7-2023 12:25:17,0.5764,9.72465,-0.2879,1'
b'12-7-2023 12:25:17,0.47704,9.95689,0.07123,1'
b'12-7-2023 12:25:17,0,0,0,0'
b'12-7-2023 12:25:17,0,0,0,0'
b'12-7-2023 12:25:17,0,0,0,0'
b'12-7-2023 12:25:17,0,0,0,0'
b'12-7-2023 12:25:18,-0.31813,8.9603,-1.68941,1'
b'12-7-2023 12:25:18,-5.31752,1.71634,-0.59705,1'
b'12-7-2023 12:25:18,-13.213,-3.51289,0.64494,1'
b'12-7-2023 12:25:18,-11.4392,-3.29263,-1.57209,1'
b'12-7-2023 12:25:18,-14.43464,-2.67432,0.46777,1'
b'12-7-2023 12:25:19,0.20171,3.81247,-2.12785,1'
b'12-7-2023 12:25:19,5.31363,10.00597,-1.14682,1'
b'12-7-2023 12:25:19,1.18603,10.45398,1.69061,1'
b'12-7-2023 12:25:19,1.12378,9.90062,-0.28671,1'
b'12-7-2023 12:25:19,0.21488,9.59506,-0.40432,1'
b'12-7-2023 12:25:19,0.52732,9.73183,-0.36123,1'
b'12-7-2023 12:25:20,0.54528,9.85154,-0.10355,1'
b'12-7-2023 12:25:20,0.47585,9.83119,-0.08679,1'
b'12-7-2023 12:25:20,0.46507,9.85633,-0.06404,1'
b'12-7-2023 12:25:20,0.53929,9.71627,-0.28311,1'
b'12-7-2023 12:25:20,0,0,0,0'
b'12-7-2023 12:25:21,0,0,0,0'
b'12-7-2023 12:25:21,0,0,0,0'
b'12-7-2023 12:25:21,0,0,0,0'
b'12-7-2023 12:25:21,2.72759,12.04343,1.8582,1'
b'12-7-2023 12:25:21,-4.88986,2.30442,-1.38624,1'
b'12-7-2023 12:25:21,-20.42942,-6.60919,-2.50134,1'
b'12-7-2023 12:25:22,-11.40687,-3.30939,-0.84246,1'
b'12-7-2023 12:25:22,-13.51736,-3.53803,-0.31065,1'
b'12-7-2023 12:25:22,2.63542,6.57927,-2.03328,1'
b'12-7-2023 12:25:22,3.60926,15.66646,-4.3784,1'
b'12-7-2023 12:25:22,0.96696,9.78091,0.18495,1'
b'12-7-2023 12:25:23,0.8664,9.55556,-0.4127,1'
b'12-7-2023 12:25:23,0.73951,9.94013,-0.06883,1'
b'12-7-2023 12:25:23,0.63656,9.73782,-0.29987,1'
b'12-7-2023 12:25:23,0.72036,9.7019,-0.4127,1'
b'12-7-2023 12:25:23,0.72634,9.73542,-0.31184,1'
b'12-7-2023 12:25:23,0.74909,9.84915,-0.1634,1'
b'12-7-2023 12:25:24,0.69641,9.7881,-0.17657,1'
b'12-7-2023 12:25:24,0,0,0,0'
b'12-7-2023 12:25:24,0,0,0,0'
b'12-7-2023 12:25:24,0,0,0,0'
b'12-7-2023 12:25:24,3.01041,11.33176,0.64374,1'
b'12-7-2023 12:25:25,-3.11127,3.89986,-1.02472,1'
b'12-7-2023 12:25:25,-18.35245,-6.31082,-1.68342,1'
b'12-7-2023 12:25:25,-11.28956,-3.44585,-0.72634,1'
b'12-7-2023 12:25:25,-11.69897,-1.91027,0.21847,1'
b'12-7-2023 12:25:25,-2.30053,2.58005,0.55276,1'
b'12-7-2023 12:25:25,0.68803,8.19745,-1.42335,1'
b'12-7-2023 12:25:26,5.24181,10.363,-0.31184,1'
b'12-7-2023 12:25:26,3.11815,9.59865,-0.52882,1'
b'12-7-2023 12:25:26,1.22703,9.71387,-0.0413,1'
b'12-7-2023 12:25:26,1.72981,9.76296,-0.27713,1'
b'12-7-2023 12:25:26,0.79936,9.71866,-0.09397,1'
b'12-7-2023 12:25:27,1.0723,9.83718,0.05207,1'
b'12-7-2023 12:25:27,1.09864,9.8288,0.06764,1'
b'12-7-2023 12:25:27,1.00048,9.76894,-0.06883,1'
b'12-7-2023 12:25:27,0,0,0,0'
b'12-7-2023 12:25:27,0,0,0,0'
b'12-7-2023 12:25:27,0,0,0,0'
b'12-7-2023 12:25:28,0,0,0,0'
b'12-7-2023 12:25:28,-4.21918,3.77057,-1.47273,1'
b'12-7-2023 12:25:28,-11.55891,-4.36822,-1.49548,1'
b'12-7-2023 12:25:28,-9.19224,-3.096,-0.9481,1'
b'12-7-2023 12:25:28,-11.61038,-2.40258,-0.73711,1'
b'12-7-2023 12:25:29,-8.50839,2.52259,0.92057,1'
b'12-7-2023 12:25:29,-2.17094,8.11604,0.33968,1'
b'12-7-2023 12:25:29,3.00682,11.3557,-3.15077,1'
b'12-7-2023 12:25:29,1.00167,10.45997,0.6198,1'
b'12-7-2023 12:25:29,1.44969,9.61182,0.03172,1'
b'12-7-2023 12:25:29,1.54306,9.77852,0.22685,1'
b'12-7-2023 12:25:30,1.30604,9.73782,0.19213,1'
b'12-7-2023 12:25:30,1.24498,9.60344,0.03531,1'
b'12-7-2023 12:25:30,1.16687,9.75817,0.19692,1'
b'12-7-2023 12:25:30,1.18842,9.77014,0.08918,1'
b'12-7-2023 12:25:30,1.32639,9.84077,0.20291,1'
b'12-7-2023 12:25:30,0,0,0,0'
b'12-7-2023 12:25:31,0,0,0,0'
b'12-7-2023 12:25:31,0,0,0,0'
b'12-7-2023 12:25:31,0,0,0,0'
b'12-7-2023 12:25:31,0,0,0,0'
b'12-7-2023 12:25:31,-4.90901,2.12845,-0.8676,1'
b'12-7-2023 12:25:32,-20.19599,-6.70017,-2.1889,1'
b'12-7-2023 12:25:32,-11.73638,-3.39079,-0.11911,1'
b'12-7-2023 12:25:32,-12.8419,-2.2721,-0.10116,1'
b'12-7-2023 12:25:32,-2.29694,4.70251,-0.59825,1'
b'12-7-2023 12:25:32,-0.17687,7.79732,-1.3204,1'
b'12-7-2023 12:25:32,3.73974,10.78797,-2.42473,1'
b'12-7-2023 12:25:33,1.10103,10.50306,0.58628,1'
b'12-7-2023 12:25:33,1.10822,9.57711,0.02693,1'
b'12-7-2023 12:25:33,0.85084,9.83957,0.21129,1'
b'12-7-2023 12:25:33,0.99329,9.90182,0.32052,1'
b'12-7-2023 12:25:33,0.9897,9.65492,0.07003,1'
b'12-7-2023 12:25:34,1.034,9.84196,0.20171,1'
b'12-7-2023 12:25:34,1.11899,9.78331,0.15622,1'
b'12-7-2023 12:25:34,0.95618,9.73303,0.02454,1'
b'12-7-2023 12:25:34,0,0,0,0'
b'12-7-2023 12:25:34,0,0,0,0'
b'12-7-2023 12:25:34,0,0,0,0'
b'12-7-2023 12:25:35,3.30011,10.74368,1.42724,1'
b'12-7-2023 12:25:35,-3.06338,4.2138,-0.47854,1'
b'12-7-2023 12:25:35,-18.07353,-5.59824,-1.12887,1'
b'12-7-2023 12:25:35,-8.56586,-2.5199,0.00539,1'
b'12-7-2023 12:25:35,-12.48726,-2.35709,-0.18974,1'
b'12-7-2023 12:25:36,-3.09331,2.79792,-0.11432,1'
b'12-7-2023 12:25:36,2.49775,9.51246,-1.18633,1'
b'12-7-2023 12:25:36,2.54803,9.97843,0.10834,1'
b'12-7-2023 12:25:36,0.11073,9.86232,0.35404,1'
b'12-7-2023 12:25:36,0.04818,9.87309,0.05686,1'
b'12-7-2023 12:25:36,-0.00808,9.83837,0.08679,1'
b'12-7-2023 12:25:37,-0.19124,9.76296,-0.10953,1'
b'12-7-2023 12:25:37,-0.0428,9.83358,-0.01856,1'
b'12-7-2023 12:25:37,-0.09068,9.7881,-0.09278,1'
b'12-7-2023 12:25:37,-0.05836,9.82401,-0.02334,1'
b'12-7-2023 12:25:37,0,0,0,0'
b'12-7-2023 12:25:38,0,0,0,0'
b'12-7-2023 12:25:38,0,0,0,0'
b'12-7-2023 12:25:38,0,0,0,0'
b'12-7-2023 12:25:38,1.45807,9.66809,-0.59227,1'
b'12-7-2023 12:25:38,-7.31907,0.67666,-0.88705,1'
b'12-7-2023 12:25:38,-12.19606,-2.96552,-1.44041,1'
b'12-7-2023 12:25:39,-10.91816,-2.86017,-0.43545,1'
b'12-7-2023 12:25:39,-13.48863,-2.0635,-0.6605,1'
b'12-7-2023 12:25:39,-4.42897,4.48913,-0.27833,1'
b'12-7-2023 12:25:39,-0.81523,8.35307,-0.15742,1'
b'12-7-2023 12:25:39,2.91464,10.79516,-0.55276,1'
b'12-7-2023 12:25:40,0.785,10.23731,0.88466,1'
b'12-7-2023 12:25:40,1.08787,9.75937,0.10475,1'
b'12-7-2023 12:25:40,0.40282,9.72944,-0.02693,1'
b'12-7-2023 12:25:40,0.86161,9.81802,0.13228,1'
b'12-7-2023 12:25:40,0.7012,9.8264,0.20291,1'
b'12-7-2023 12:25:40,0.64254,9.8264,0.18016,1'
b'12-7-2023 12:25:41,0.78141,9.77253,0.07721,1'
b'12-7-2023 12:25:41,0,0,0,0'
b'12-7-2023 12:25:41,0,0,0,0'
b'12-7-2023 12:25:41,0,0,0,0'
b'12-7-2023 12:25:41,0,0,0,0'
b'12-7-2023 12:25:42,-0.10385,8.47278,-2.12426,1'
b'12-7-2023 12:25:42,-3.75441,1.92015,-0.7024,1'
b'12-7-2023 12:25:42,-16.71751,-4.57053,-1.5685,1'
b'12-7-2023 12:25:42,-12.30171,-2.51271,-0.07003,1'
b'12-7-2023 12:25:42,-12.33283,-1.90668,-0.01018,1'
b'12-7-2023 12:25:42,-0.73741,6.50385,-1.32639,1'
b'12-7-2023 12:25:43,3.38151,10.68263,-2.99844,1'
b'12-7-2023 12:25:43,1.71545,9.85034,0.89663,1'
b'12-7-2023 12:25:43,0.17059,10.40011,0.41629,1'
b'12-7-2023 12:25:43,0.3286,9.59865,-0.11193,1'
b'12-7-2023 12:25:43,0.52134,9.79408,-0.00658,1'
b'12-7-2023 12:25:44,0.65212,9.8288,0.21727,1'
b'12-7-2023 12:25:44,0.38846,9.69951,0.06883,1'
b'12-7-2023 12:25:44,0.71796,9.8707,0.26187,1'
b'12-7-2023 12:25:44,0.63895,9.83119,0.27264,1'
b'12-7-2023 12:25:44,0,0,0,0'
b'12-7-2023 12:25:44,0,0,0,0'
b'12-7-2023 12:25:45,0,0,0,0'
b'12-7-2023 12:25:45,0,0,0,0'
b'12-7-2023 12:25:45,0.69881,8.40215,-1.67145,1'
b'12-7-2023 12:25:45,-5.738,-1.18094,-2.69916,1'
b'12-7-2023 12:25:45,-9.06535,-2.88412,-0.66409,1'
b'12-7-2023 12:25:46,-11.95664,-3.7583,-0.50607,1'
b'12-7-2023 12:25:46,-12.66203,-1.92224,-0.54438,1'
b'12-7-2023 12:25:46,-2.12066,3.51199,-0.98162,1'
b'12-7-2023 12:25:46,1.67474,9.28262,-1.10492,1'
b'12-7-2023 12:25:46,0.26157,8.94953,-2.08236,1'
b'12-7-2023 12:25:46,-0.26665,9.60823,0.36242,1'
b'12-7-2023 12:25:47,0.93344,9.8288,-0.11672,1'
b'12-7-2023 12:25:47,0.55486,9.75338,0.10714,1'
b'12-7-2023 12:25:47,0.63386,9.82401,0.29419,1'
b'12-7-2023 12:25:47,0.63267,9.8264,0.28222,1'
b'12-7-2023 12:25:47,0.65571,9.79887,0.20051,1'
b'12-7-2023 12:25:48,0.59795,9.77972,0.17897,1'
b'12-7-2023 12:25:48,0,0,0,0'
b'12-7-2023 12:25:48,0,0,0,0'
b'12-7-2023 12:25:48,0,0,0,0'
b'12-7-2023 12:25:48,0,0,0,0'
b'12-7-2023 12:25:48,1.10582,11.24557,0.37679,1'
b'12-7-2023 12:25:49,-1.05016,6.74207,0.246,1'
b'12-7-2023 12:25:49,-11.43321,-3.09002,-1.71215,1'
b'12-7-2023 12:25:49,-7.43759,-1.61938,-0.57072,1'
b'12-7-2023 12:25:49,-9.21498,-2.41575,-0.90142,1'
b'12-7-2023 12:25:49,-12.28255,-2.92601,-0.06045,1'
b'12-7-2023 12:25:49,-3.26809,1.29257,-0.50607,1'
b'12-7-2023 12:25:50,-2.53995,8.41771,1.15161,1'
b'12-7-2023 12:25:50,2.07128,11.30781,0.36721,1'
b'12-7-2023 12:25:50,-1.4859,9.29579,-0.02215,1'
b'12-7-2023 12:25:50,1.13096,10.03709,0.27503,1'
b'12-7-2023 12:25:50,0.43515,9.80964,0.11193,1'
b'12-7-2023 12:25:51,0.51056,9.84915,0.10953,1'
b'12-7-2023 12:25:51,0.24002,9.78929,0.01736,1'
b'12-7-2023 12:25:51,0.43634,9.85154,0.07362,1'
b'12-7-2023 12:25:51,0,0,0,0'
b'12-7-2023 12:25:51,0,0,0,0'
b'12-7-2023 12:25:51,0,0,0,0'
b'12-7-2023 12:25:52,0,0,0,0'
b'12-7-2023 12:25:52,-1.57928,8.19146,-1.77201,1'
b'12-7-2023 12:25:52,-5.75117,2.23499,-0.53002,1'
b'12-7-2023 12:25:52,-14.29937,-3.55479,-2.22242,1'
b'12-7-2023 12:25:52,-9.64384,-2.1476,-1.08457,1'
b'12-7-2023 12:25:53,-10.71944,-2.79673,-0.73472,1'
b'12-7-2023 12:25:53,-13.60475,-1.97133,-0.35763,1'
b'12-7-2023 12:25:53,-0.51356,6.16597,-2.20446,1'
b'12-7-2023 12:25:53,-1.06811,9.03213,-0.58867,1'
b'12-7-2023 12:25:53,3.00802,10.63355,-0.87747,1'
b'12-7-2023 12:25:53,0.69641,9.13298,-1.34674,1'
b'12-7-2023 12:25:54,0.68325,9.89943,0.22326,1'
b'12-7-2023 12:25:54,0.90112,9.92217,0.21488,1'
b'12-7-2023 12:25:54,0.46148,9.7845,0.19692,1'
b'12-7-2023 12:25:54,0.48782,9.79887,0.18016,1'
b'12-7-2023 12:25:54,0.51296,9.82161,0.10475,1'
b'12-7-2023 12:25:54,0,0,0,0'
b'12-7-2023 12:25:55,0,0,0,0'
b'12-7-2023 12:25:55,0,0,0,0'
b'12-7-2023 12:25:55,-0.32651,11.75104,1.24498,1'
b'12-7-2023 12:25:55,-0.6608,7.12664,-1.26414,1'
b'12-7-2023 12:25:55,-8.23156,0.34746,-0.23284,1'
b'12-7-2023 12:25:55,-13.56644,-3.88669,-0.87747,1'
b'12-7-2023 12:25:56,-8.84239,-2.48638,-0.38517,1'
b'12-7-2023 12:25:56,-12.32685,-3.5081,-0.18256,1'
b'12-7-2023 12:25:56,-12.61056,-1.47184,-0.58748,1'
b'12-7-2023 12:25:56,-5.1595,3.92739,-0.00658,1'
b'12-7-2023 12:25:56,-3.96899,7.23079,-1.17795,1'
b'12-7-2023 12:25:56,1.30125,10.64911,-0.98043,1'
b'12-7-2023 12:25:57,0.78141,8.43088,-0.39235,1'
b'12-7-2023 12:25:57,0.51056,9.78929,-0.2879,1'
b'12-7-2023 12:25:57,0.76944,9.9102,-0.03651,1'
b'12-7-2023 12:25:57,0.50578,9.83598,-0.13587,1'
b'12-7-2023 12:25:57,0.29269,9.81323,0.00419,1'
b'12-7-2023 12:25:57,0,0,0,0'
b'12-7-2023 12:25:58,0,0,0,0'
b'12-7-2023 12:25:58,0,0,0,0'
b'12-7-2023 12:25:58,0,0,0,0'
b'12-7-2023 12:25:58,0.83288,10.86728,-0.26995,1'
b'12-7-2023 12:25:58,-2.19997,8.39856,-0.89783,1'
b'12-7-2023 12:25:59,-7.08773,1.38475,-1.06422,1'
b'12-7-2023 12:25:59,-10.02213,-2.17753,-0.74669,1'
b'12-7-2023 12:25:59,-9.13238,-2.91763,-0.58149,1'
b'12-7-2023 12:25:59,-9.62708,-2.95115,0.14664,1'
b'12-7-2023 12:25:59,-13.15674,-2.56658,-0.07602,1'
b'12-7-2023 12:25:59,-6.55712,2.99455,-1.13485,1'
b'12-7-2023 12:26:0,-2.65367,7.48368,-0.8688,1'
b'12-7-2023 12:26:0,0.50218,9.96527,-0.42467,1'
b'12-7-2023 12:26:0,-0.4139,9.59147,0.3289,1'
b'12-7-2023 12:26:0,-1.46914,9.13059,-0.11791,1'
b'12-7-2023 12:26:0,1.15251,10.13885,0.31933,1'
b'12-7-2023 12:26:0,0.07721,9.72465,0.03771,1'
b'12-7-2023 12:26:1,0.30586,9.81323,0.01137,1'
b'12-7-2023 12:26:1,0,0,0,0'
b'12-7-2023 12:26:1,0,0,0,0'
b'12-7-2023 12:26:1,0,0,0,0'
b'12-7-2023 12:26:1,0,0,0,0'
b'12-7-2023 12:26:1,0,0,0,0'
b'12-7-2023 12:26:2,0,0,0,0'
b'12-7-2023 12:26:8,0,0,0,0'
b'12-7-2023 12:26:8,0,0,0,0'
b'12-7-2023 12:26:8,0.14784,11.28866,0.8272,1'
b'12-7-2023 12:26:8,-1.36619,7.25353,-0.52164,1'
b'12-7-2023 12:26:8,-8.23994,-0.57012,-1.35632,1'
b'12-7-2023 12:26:8,-12.09551,-3.00023,0.34447,1'
b'12-7-2023 12:26:9,-10.61409,-3.04932,-0.47256,1'
b'12-7-2023 12:26:9,-12.13262,-3.3453,-0.35524,1'
b'12-7-2023 12:26:9,-8.33452,-1.16059,0.99599,1'
b'12-7-2023 12:26:9,-0.69911,6.79474,-1.10852,1'
b'12-7-2023 12:26:9,0.72993,10.37617,-0.06285,1'
b'12-7-2023 12:26:10,0.61591,9.89224,1.01035,1'
b'12-7-2023 12:26:10,0.45669,9.87189,0.07961,1'
b'12-7-2023 12:26:10,0.14545,9.80725,0.05088,1'
b'12-7-2023 12:26:10,0.40642,9.8264,0.1227,1'
b'12-7-2023 12:26:10,0.167,9.76774,0.0832,1'
b'12-7-2023 12:26:10,0.35255,9.8288,0.1658,1'
b'12-7-2023 12:26:10,0,0,0,0'
b'12-7-2023 12:26:11,0,0,0,0'
b'12-7-2023 12:26:11,0,0,0,0'
b'12-7-2023 12:26:11,0,0,0,0'
b'12-7-2023 12:26:11,-0.13976,11.55232,1.24379,1'
b'12-7-2023 12:26:11,-2.14341,6.30872,-0.71557,1'
b'12-7-2023 12:26:11,-7.54892,0.40971,-0.64614,1'
b'12-7-2023 12:26:12,-12.86943,-2.7668,0.64494,1'
b'12-7-2023 12:26:12,-10.24269,-2.60489,-0.67008,1'
b'12-7-2023 12:26:12,-12.6752,-3.12832,0.55516,1'
b'12-7-2023 12:26:12,-11.30392,-0.31843,0.43425,1'
b'12-7-2023 12:26:12,-1.34464,5.94929,-2.00215,1'
b'12-7-2023 12:26:13,-0.31214,10.17715,-0.46058,1'
b'12-7-2023 12:26:13,1.05794,11.59422,-1.75285,1'
b'12-7-2023 12:26:13,0.13827,9.75937,-0.51326,1'
b'12-7-2023 12:26:13,1.52271,10.08857,0.08918,1'
b'12-7-2023 12:26:13,0.4974,9.80246,-0.14784,1'
b'12-7-2023 12:26:13,0.63147,9.80246,-0.15742,1'
b'12-7-2023 12:26:14,0.49261,9.82999,-0.13827,1'
b'12-7-2023 12:26:14,0,0,0,0'
b'12-7-2023 12:26:14,0,0,0,0'
b'12-7-2023 12:26:14,0,0,0,0'
b'12-7-2023 12:26:14,0,0,0,0'
b'12-7-2023 12:26:14,0.01347,11.78336,0.67846,1'
b'12-7-2023 12:26:15,-2.42503,7.38043,-1.15281,1'
b'12-7-2023 12:26:15,-7.64588,2.12485,-0.7012,1'
b'12-7-2023 12:26:15,-11.16267,-2.05632,-0.25079,1'
b'12-7-2023 12:26:15,-10.49169,-2.70335,-0.97324,1'
b'12-7-2023 12:26:15,-12.07037,-3.20135,-0.01257,1'
b'12-7-2023 12:26:15,-8.85795,1.29736,0.68085,1'
b'12-7-2023 12:26:16,-4.73783,5.84754,-1.31801,1'
b'12-7-2023 12:26:16,0.97175,8.97347,-1.32519,1'
b'12-7-2023 12:26:16,1.18603,10.2828,0.13108,1'
b'12-7-2023 12:26:16,-0.17089,9.96167,-0.97683,1'
b'12-7-2023 12:26:16,0.29868,9.89823,-0.0808,1'
b'12-7-2023 12:26:16,0.03621,9.78091,-0.1251,1'
b'12-7-2023 12:26:17,-0.23314,9.75458,-0.13228,1'
b'12-7-2023 12:26:17,0.17657,9.89703,0.0006,1'
b'12-7-2023 12:26:17,0,0,0,0'
b'12-7-2023 12:26:17,0,0,0,0'
b'12-7-2023 12:26:17,0,0,0,0'
b'12-7-2023 12:26:17,1.26174,10.52581,-0.26276,1'
b'12-7-2023 12:26:18,-2.25384,8.62511,-1.24379,1'
b'12-7-2023 12:26:18,-7.68658,3.26988,-0.87239,1'
b'12-7-2023 12:26:18,-11.49546,-3.45423,-0.0006,1'
b'12-7-2023 12:26:18,-7.66504,-1.63135,-0.78021,1'
b'12-7-2023 12:26:18,-9.84496,-2.21224,0.44383,1'
b'12-7-2023 12:26:19,-13.80227,-2.99305,-0.30825,1'
b'12-7-2023 12:26:19,-4.95211,2.25414,-0.81253,1'
b'12-7-2023 12:26:19,0.18854,8.72567,-1.79356,1'
b'12-7-2023 12:26:19,0.42437,9.6202,-0.32771,1'
b'12-7-2023 12:26:19,0.25199,9.5376,-2.40438,1'
b'12-7-2023 12:26:19,0.00628,9.76056,-0.17059,1'
b'12-7-2023 12:26:20,0.03023,9.81563,-0.08559,1'
b'12-7-2023 12:26:20,0.2053,9.87429,-0.06644,1'
b'12-7-2023 12:26:20,-0.10744,9.80366,-0.00299,1'
b'12-7-2023 12:26:20,0,0,0,0'
b'12-7-2023 12:26:20,0,0,0,0'
b'12-7-2023 12:26:20,0,0,0,0'
b'12-7-2023 12:26:21,0,0,0,0'
b'12-7-2023 12:26:21,1.32399,10.68502,0.89663,1'
b'12-7-2023 12:26:21,-2.8886,7.97808,-0.97923,1'
b'12-7-2023 12:26:21,-7.14759,3.59579,-1.07739,1'
b'12-7-2023 12:26:21,-10.93133,-0.81552,-0.04729,1'
b'12-7-2023 12:26:21,-11.66784,-2.41814,-0.6186,1'
b'12-7-2023 12:26:22,-9.79827,-2.34751,0.15502,1'
b'12-7-2023 12:26:22,-11.74715,-2.67821,-0.42228,1'
b'12-7-2023 12:26:22,-12.29572,-0.15203,0.88346,1'
b'12-7-2023 12:26:22,-1.83695,5.76494,-1.75405,1'
b'12-7-2023 12:26:22,1.91207,9.16051,-1.44999,1'
b'12-7-2023 12:26:22,1.58736,10.76882,-0.35763,1'
b'12-7-2023 12:26:23,1.488,10.48032,1.45957,1'
b'12-7-2023 12:26:23,0.30466,9.66928,-0.05447,1'
b'12-7-2023 12:26:23,0.64254,9.85154,0.33848,1'
b'12-7-2023 12:26:23,0.0844,9.7869,0.12031,1'
b'12-7-2023 12:26:23,0,0,0,0'
b'12-7-2023 12:26:23,0,0,0,0'
b'12-7-2023 12:26:24,0,0,0,0'
b'12-7-2023 12:26:24,0,0,0,0'
b'12-7-2023 12:26:24,-0.55306,10.46835,0.06524,1'
b'12-7-2023 12:26:24,-4.06116,4.48554,0.18136,1'
b'12-7-2023 12:26:24,-10.70986,-1.15939,-0.60903,1'
b'12-7-2023 12:26:24,-10.59733,-2.16436,-0.15622,1'
b'12-7-2023 12:26:25,-11.33984,-3.15825,-0.62578,1'
b'12-7-2023 12:26:25,-10.73141,-2.66594,-0.09876,1'
b'12-7-2023 12:26:25,-11.83454,-1.10792,0.29658,1'
b'12-7-2023 12:26:25,-3.50661,5.49888,-0.80056,1'
b'12-7-2023 12:26:25,-0.79248,8.67898,-0.27833,1'
b'12-7-2023 12:26:25,0.60873,10.01794,-0.15383,1'
b'12-7-2023 12:26:26,-2.98198,10.19032,-2.71951,1'
b'12-7-2023 12:26:26,0.92626,9.97724,0.19692,1'
b'12-7-2023 12:26:26,-0.17687,9.73542,0.12151,1'
b'12-7-2023 12:26:26,0.19692,9.83239,0.11791,1'
b'12-7-2023 12:26:26,-0.03322,9.7881,-0.06524,1'
b'12-7-2023 12:26:27,0,0,0,0'
b'12-7-2023 12:26:27,0,0,0,0'
b'12-7-2023 12:26:27,0,0,0,0'
b'12-7-2023 12:26:27,0,0,0,0'
b'12-7-2023 12:26:27,-1.43203,9.50648,-1.14323,1'
b'12-7-2023 12:26:27,-3.77835,4.2138,-1.41497,1'
b'12-7-2023 12:26:28,-12.21641,-3.09481,-0.99958,1'
b'12-7-2023 12:26:28,-7.98137,-1.53887,-0.83049,1'
b'12-7-2023 12:26:28,-11.04266,-2.46722,-0.06165,1'
b'12-7-2023 12:26:28,-11.8525,-0.65751,-0.0808,1'
b'12-7-2023 12:26:28,-4.36523,5.30615,-1.67385,1'
b'12-7-2023 12:26:28,-1.90279,8.08612,-0.60304,1'
b'12-7-2023 12:26:29,-0.71587,9.54718,-0.72754,1'
b'12-7-2023 12:26:29,0.38607,10.57489,-0.71676,1'
b'12-7-2023 12:26:29,0.5788,10.62158,0.63776,1'
b'12-7-2023 12:26:29,0.40522,9.745,-0.11791,1'
b'12-7-2023 12:26:29,0.34536,9.80605,0.167,1'
b'12-7-2023 12:26:29,0.38247,9.7881,-0.00539,1'
b'12-7-2023 12:26:30,0.56802,9.84316,0.13108,1'
b'12-7-2023 12:26:30,0,0,0,0'
b'12-7-2023 12:26:30,0,0,0,0'
b'12-7-2023 12:26:30,0,0,0,0'
b'12-7-2023 12:26:30,0,0,0,0'
b'12-7-2023 12:26:31,0.4555,11.71872,0.53002,1'
b'12-7-2023 12:26:31,-0.80445,6.84861,-0.73233,1'
b'12-7-2023 12:26:31,-7.68539,0.89004,0.12629,1'
b'12-7-2023 12:26:31,-12.45254,-3.00263,0.25947,1'
b'12-7-2023 12:26:31,-10.01135,-2.13084,0.03651,1'
b'12-7-2023 12:26:31,-11.73877,-2.44448,0.44502,1'
b'12-7-2023 12:26:32,-9.90361,0.26246,1.03908,1'
b'12-7-2023 12:26:32,-3.83461,6.30363,-1.0319,1'
b'12-7-2023 12:26:32,1.01484,9.34247,-1.0319,1'
b'12-7-2023 12:26:32,1.15849,9.94731,-1.46435,1'
b'12-7-2023 12:26:32,0.43395,10.30794,0.56713,1'
b'12-7-2023 12:26:32,0.02544,9.69951,-0.31065,1'
b'12-7-2023 12:26:33,0.78021,9.84196,-0.11672,1'
b'12-7-2023 12:26:33,0.04339,9.77972,0.02813,1'
b'12-7-2023 12:26:33,0.33938,9.79528,0.03531,1'
b'12-7-2023 12:26:33,0,0,0,0'
b'12-7-2023 12:26:33,0,0,0,0'
b'12-7-2023 12:26:33,0,0,0,0'
b'12-7-2023 12:26:34,0,0,0,0'
b'12-7-2023 12:26:34,0,0,0,0'
b'12-7-2023 12:26:34,0,0,0,0'
b'12-7-2023 12:26:34,1.47363,11.84681,0.05447,1'
b'12-7-2023 12:26:34,-4.20003,3.60297,-1.60441,1'
b'12-7-2023 12:26:35,-8.99113,0.05626,-1.0738,1'
b'12-7-2023 12:26:35,-13.80826,-3.77386,-0.20411,1'
b'12-7-2023 12:26:35,-9.76715,-2.54982,-1.14563,1'
b'12-7-2023 12:26:35,-11.687,-2.52469,-0.63895,1'
b'12-7-2023 12:26:35,-2.31729,3.85915,-1.10492,1'
b'12-7-2023 12:26:35,-1.73161,7.86675,-1.44041,1'
b'12-7-2023 12:26:36,3.23546,10.43603,-1.58765,1'
b'12-7-2023 12:26:36,1.12857,9.42867,-0.14305,1'
b'12-7-2023 12:26:36,-0.47854,9.69113,-0.39235,1'
b'12-7-2023 12:26:36,0.52613,9.91978,0.07482,1'
b'12-7-2023 12:26:36,0.22924,9.78091,-0.05447,1'
b'12-7-2023 12:26:36,0.47106,9.84675,0.0808,1'
b'12-7-2023 12:26:37,0.47704,9.84675,-0.02095,1'
b'12-7-2023 12:26:37,0,0,0,0'
b'12-7-2023 12:26:37,0,0,0,0'
b'12-7-2023 12:26:37,0,0,0,0'
b'12-7-2023 12:26:37,1.9815,11.65527,0.10594,1'
b'12-7-2023 12:26:38,-0.51595,6.71214,-2.39121,1'
b'12-7-2023 12:26:38,-7.12844,-0.30526,-0.63297,1'
b'12-7-2023 12:26:38,-12.62971,-3.7164,0.01377,1'
b'12-7-2023 12:26:38,-9.29639,-3.1367,-0.21488,1'
b'12-7-2023 12:26:38,-11.49307,-3.43508,0.18974,1'
b'12-7-2023 12:26:38,-10.13256,0.11732,0.64733,1'
b'12-7-2023 12:26:39,-2.36158,5.92056,-1.34674,1'
b'12-7-2023 12:26:39,0.88436,9.36642,-1.47393,1'
b'12-7-2023 12:26:39,0.42916,9.83837,-1.85581,1'
b'12-7-2023 12:26:39,-1.05255,10.35941,0.03292,1'
b'12-7-2023 12:26:39,-0.54468,9.73183,-0.55037,1'
b'12-7-2023 12:26:39,0.22206,9.91379,-0.25199,1'
b'12-7-2023 12:26:40,-0.14335,9.81443,-0.38277,1'
b'12-7-2023 12:26:40,-0.21159,9.79528,-0.31813,1'
b'12-7-2023 12:26:40,0,0,0,0'
b'12-7-2023 12:26:40,0,0,0,0'
b'12-7-2023 12:26:40,0,0,0,0'
b'12-7-2023 12:26:40,-0.22835,11.42184,-0.51326,1'
b'12-7-2023 12:26:41,-0.96367,5.98281,-1.57808,1'
b'12-7-2023 12:26:41,-10.64163,-3.81247,-0.91099,1'
b'12-7-2023 12:26:41,-8.10347,-3.09959,-0.77901,1'
b'12-7-2023 12:26:41,-9.06175,-3.49254,-0.2077,1'
b'12-7-2023 12:26:41,-13.40603,-3.94175,-0.39355,1'
b'12-7-2023 12:26:41,-5.84095,0.86251,-0.10116,1'
b'12-7-2023 12:26:42,-3.03704,7.85837,-1.80672,1'
b'12-7-2023 12:26:42,1.04238,10.31991,-0.93374,1'
b'12-7-2023 12:26:42,-0.59855,9.77134,-0.86281,1'
b'12-7-2023 12:26:42,-0.36003,9.7031,-0.30466,1'
b'12-7-2023 12:26:42,-0.03561,9.85154,-0.22326,1'
b'12-7-2023 12:26:43,-0.33848,9.7845,-0.28072,1'
b'12-7-2023 12:26:43,-0.15054,9.84316,-0.26516,1'
b'12-7-2023 12:26:43,-0.15293,9.83837,-0.26516,1'
b'12-7-2023 12:26:43,0,0,0,0'
b'12-7-2023 12:26:43,0,0,0,0'
b'12-7-2023 12:26:43,0,0,0,0'
b'12-7-2023 12:26:44,0,0,0,0'
b'12-7-2023 12:26:44,0,0,0,0'
b'12-7-2023 12:26:44,-5.50427,3.71071,-1.95277,1'
b'12-7-2023 12:26:44,-12.06199,-4.41611,-0.36841,1'
b'12-7-2023 12:26:44,-8.76457,-3.68049,-0.17657,1'
b'12-7-2023 12:26:44,-10.33008,-3.90105,-0.35763,1'
b'12-7-2023 12:26:45,-12.24993,-3.94535,-0.36601,1'
b'12-7-2023 12:26:45,-10.1158,0.46477,0.30257,1'
b'12-7-2023 12:26:45,-1.17585,6.66187,-1.13126,1'
b'12-7-2023 12:26:45,-0.40432,9.7845,-0.3313,1'
b'12-7-2023 12:26:45,1.62925,10.42286,-0.91818,1'
b'12-7-2023 12:26:45,0.55366,9.79528,0.05567,1'
b'12-7-2023 12:26:46,0.39804,10.03709,0.27264,1'
b'12-7-2023 12:26:46,0.47704,9.80126,-0.14305,1'
b'12-7-2023 12:26:46,0.331,9.79408,-0.11432,1'
b'12-7-2023 12:26:46,0.20411,9.80605,-0.09637,1'
b'12-7-2023 12:26:46,0.29269,9.86232,0.03172,1'
b'12-7-2023 12:26:46,0,0,0,0'
b'12-7-2023 12:26:47,0,0,0,0'
b'12-7-2023 12:26:47,0,0,0,0'
b'12-7-2023 12:26:47,0.25917,11.21564,1.51583,1'
b'12-7-2023 12:26:47,-4.71029,4.67857,-0.33848,1'
b'12-7-2023 12:26:47,-9.50857,-2.48638,-0.23762,1'
b'12-7-2023 12:26:48,-7.82096,-2.31519,-0.58149,1'
b'12-7-2023 12:26:48,-9.91798,-2.75124,0.04489,1'
b'12-7-2023 12:26:48,-11.29914,-2.93798,-0.18375,1'
b'12-7-2023 12:26:48,-11.45117,0.10534,0.05088,1'
b'12-7-2023 12:26:48,-3.7173,5.28101,-0.92296,1'
b'12-7-2023 12:26:48,-1.55653,9.07043,-0.77303,1'
b'12-7-2023 12:26:49,3.3013,11.15578,-1.91925,1'
b'12-7-2023 12:26:49,2.01382,10.03829,0.2894,1'
b'12-7-2023 12:26:49,0.64135,10.2804,0.75507,1'
b'12-7-2023 12:26:49,0.77782,9.71268,-0.35644,1'
b'12-7-2023 12:26:49,0.54887,9.83478,-0.15981,1'
b'12-7-2023 12:26:49,0.75627,9.75577,-0.16939,1'
b'12-7-2023 12:26:50,0,0,0,0'
b'12-7-2023 12:26:50,0,0,0,0'
b'12-7-2023 12:26:50,0,0,0,0'
b'12-7-2023 12:26:50,1.86059,12.41932,0.52283,1'
b'12-7-2023 12:26:50,-1.82139,5.9888,-1.10971,1'
b'12-7-2023 12:26:50,-9.72405,-2.40737,0.17538,1'
b'12-7-2023 12:26:51,-11.13603,-3.49254,0.59586,1'
b'12-7-2023 12:26:51,-10.29417,-3.39438,-0.6198,1'
b'12-7-2023 12:26:51,-9.93115,-3.14867,0.51206,1'
b'12-7-2023 12:26:51,-11.58285,-1.98928,-0.62818,1'
b'12-7-2023 12:26:51,-8.26987,2.49506,0.00539,1'
b'12-7-2023 12:26:51,-3.29712,7.74584,-0.69043,1'
b'12-7-2023 12:26:52,-2.47531,9.05846,-0.87987,1'
b'12-7-2023 12:26:52,1.67474,10.29956,-1.50027,1'
b'12-7-2023 12:26:52,1.22823,10.6551,0.60543,1'
b'12-7-2023 12:26:52,0.50697,9.75338,-0.47375,1'
b'12-7-2023 12:26:52,0.23284,9.70669,-0.35045,1'
b'12-7-2023 12:26:52,0.67846,9.90781,-0.23762,1'
b'12-7-2023 12:26:53,0,0,0,0'
b'12-7-2023 12:26:53,0,0,0,0'
b'12-7-2023 12:26:53,0,0,0,0'
b'12-7-2023 12:26:53,0,0,0,0'
b'12-7-2023 12:26:53,1.89292,10.55334,-0.64973,1'
b'12-7-2023 12:26:53,-1.29197,8.14597,-1.18513,1'
b'12-7-2023 12:26:54,-7.12006,1.54516,-0.45939,1'
b'12-7-2023 12:26:54,-12.52557,-4.39935,-0.3708,1'
b'12-7-2023 12:26:54,-11.04146,-4.707,-0.71317,1'
b'12-7-2023 12:26:54,-9.60434,-3.89028,-0.52523,1'
b'12-7-2023 12:26:54,-10.43064,-3.80528,0.44502,1'
b'12-7-2023 12:26:54,-11.18661,-1.85281,-0.29748,1'
b'12-7-2023 12:26:55,-8.52276,3.137,-0.4522,1'
b'12-7-2023 12:26:55,0.45669,8.61314,-1.18752,1'
b'12-7-2023 12:26:55,1.02322,10.34026,0.05327,1'
b'12-7-2023 12:26:55,0.10355,11.49845,0.11193,1'
b'12-7-2023 12:26:55,-0.46178,9.66449,-0.51924,1'
b'12-7-2023 12:26:55,0.84845,9.93534,-0.02095,1'
b'12-7-2023 12:26:56,0.30825,9.82161,0.01856,1'
b'12-7-2023 12:26:56,0,0,0,0'
b'12-7-2023 12:26:56,0,0,0,0'
b'12-7-2023 12:26:56,0,0,0,0'
b'12-7-2023 12:26:56,1.67355,11.84322,-0.29987,1'
b'12-7-2023 12:26:57,-1.46316,5.83557,-1.81151,1'
b'12-7-2023 12:26:57,-8.04721,-0.02753,-0.59586,1'
b'12-7-2023 12:26:57,-12.23676,-5.25198,0.56354,1'
b'12-7-2023 12:26:57,-9.68933,-4.43646,-0.85682,1'
b'12-7-2023 12:26:57,-9.38138,-3.77147,-0.87747,1'
b'12-7-2023 12:26:57,-10.74338,-2.32956,0.46537,1'
b'12-7-2023 12:26:58,-12.64887,-1.22044,-0.06644,1'
b'12-7-2023 12:26:58,-2.71592,4.43765,-2.00694,1'
b'12-7-2023 12:26:58,0.80774,9.4155,-1.22703,1'
b'12-7-2023 12:26:58,0.66409,10.20349,-0.58867,1'
b'12-7-2023 12:26:58,1.20668,9.59865,-0.67367,1'
b'12-7-2023 12:26:58,0.08799,9.76415,-0.4127,1'
b'12-7-2023 12:26:58,0.16221,9.77493,-0.27473,1'
b'12-7-2023 12:26:59,0.28072,9.81084,-0.07482,1'
b'12-7-2023 12:26:59,0,0,0,0'
b'12-7-2023 12:26:59,0,0,0,0'
b'12-7-2023 12:26:59,0,0,0,0'
b'12-7-2023 12:26:59,0,0,0,0'
b'12-7-2023 12:27:0,0,0,0,0'
b'12-7-2023 12:27:0,0,0,0,0'
b'12-7-2023 12:27:0,0,0,0,0'
b'12-7-2023 12:27:0,3.59011,13.53921,0.88466,1'
b'12-7-2023 12:27:0,-4.64206,-1.08397,-0.92296,1'
b'12-7-2023 12:27:0,-14.64563,-5.66528,0.77183,1'
b'12-7-2023 12:27:1,-9.96227,-3.72358,-0.29987,1'
b'12-7-2023 12:27:1,-9.84496,-3.61824,-0.11073,1'
b'12-7-2023 12:27:1,-13.01428,-3.45543,0.24361,1'
b'12-7-2023 12:27:1,-7.38372,0.80984,-0.26516,1'
b'12-7-2023 12:27:1,0.76106,7.50762,-1.91566,1'
b'12-7-2023 12:27:1,2.98647,10.73291,-2.2727,1'
b'12-7-2023 12:27:2,2.67492,10.07181,-0.76225,1'
b'12-7-2023 12:27:2,0.41001,9.6226,-0.22685,1'
b'12-7-2023 12:27:2,1.1573,9.82401,0.03531,1'
b'12-7-2023 12:27:2,0.77422,9.77612,-0.05327,1'
b'12-7-2023 12:27:2,1.07589,9.81683,0.06644,1'
b'12-7-2023 12:27:2,1.01724,9.79408,0.0018,1'
b'12-7-2023 12:27:3,0,0,0,0'
b'12-7-2023 12:27:3,0,0,0,0'
b'12-7-2023 12:27:3,0,0,0,0'
b'12-7-2023 12:27:3,1.74178,11.04086,-0.37679,1'
b'12-7-2023 12:27:3,-2.55431,6.68341,-0.95529,1'
b'12-7-2023 12:27:3,-7.82575,-2.98826,-0.8269,1'
b'12-7-2023 12:27:4,-8.06637,-3.60267,-0.21608,1'
b'12-7-2023 12:27:4,-9.4954,-3.54162,0.19213,1'
b'12-7-2023 12:27:4,-9.34307,-3.37044,0.14425,1'
b'12-7-2023 12:27:4,-12.12304,-2.03118,-0.27114,1'
b'12-7-2023 12:27:4,-7.99574,2.32357,0.536,1'
b'12-7-2023 12:27:5,1.57778,9.79169,-1.37786,1'
b'12-7-2023 12:27:5,0.18854,10.67664,-1.6511,1'
b'12-7-2023 12:27:5,-0.08948,9.67287,-0.80056,1'
b'12-7-2023 12:27:5,1.04597,9.87189,-0.13707,1'
b'12-7-2023 12:27:5,0.78021,9.80366,-0.24002,1'
b'12-7-2023 12:27:5,0.84725,9.78331,-0.15742,1'
b'12-7-2023 12:27:6,0.7826,9.79288,-0.18735,1'
b'12-7-2023 12:27:6,0,0,0,0'
b'12-7-2023 12:27:6,0,0,0,0'
b'12-7-2023 12:27:6,0,0,0,0'
b'12-7-2023 12:27:6,0,0,0,0'
b'12-7-2023 12:27:6,2.00903,11.05762,1.36709,1'
b'12-7-2023 12:27:7,-6.37755,3.66163,-1.5266,1'
b'12-7-2023 12:27:7,-9.48702,-2.85179,0.00539,1'
b'12-7-2023 12:27:7,-10.4893,-3.91183,-0.37559,1'
b'12-7-2023 12:27:7,-9.26885,-3.28903,0.33728,1'
b'12-7-2023 12:27:7,-8.8771,-3.16065,-0.26037,1'
b'12-7-2023 12:27:7,-11.64749,-3.28664,0.18136,1'
b'12-7-2023 12:27:8,-10.15531,-0.34477,1.48351,1'
b'12-7-2023 12:27:8,-5.02663,6.81988,-1.46076,1'
b'12-7-2023 12:27:8,-0.69552,8.84658,-1.50146,1'
b'12-7-2023 12:27:8,2.93619,9.85513,-1.693,1'
b'12-7-2023 12:27:8,2.41036,9.44303,-0.44622,1'
b'12-7-2023 12:27:9,0.43993,9.8288,-0.32172,1'
b'12-7-2023 12:27:9,0.84126,9.71866,0.14305,1'
b'12-7-2023 12:27:9,0.93224,9.77732,0.04848,1'
b'12-7-2023 12:27:9,0,0,0,0'
b'12-7-2023 12:27:9,0,0,0,0'
b'12-7-2023 12:27:9,0,0,0,0'
b'12-7-2023 12:27:10,0,0,0,0'
b'12-7-2023 12:27:10,-0.65362,8.80348,-1.33118,1'
b'12-7-2023 12:27:10,-7.05541,2.12246,-0.4546,1'
b'12-7-2023 12:27:10,-10.80683,-2.33674,0.88107,1'
b'12-7-2023 12:27:10,-10.55035,-4.15364,0.08559,1'
b'12-7-2023 12:27:10,-9.92157,-3.97288,0.02095,1'
b'12-7-2023 12:27:11,-10.30973,-3.93936,0.86431,1'
b'12-7-2023 12:27:11,-11.77828,-1.97611,0.44383,1'
b'12-7-2023 12:27:11,-6.53797,4.04351,-1.06781,1'
b'12-7-2023 12:27:11,-4.97365,7.19368,-1.05225,1'
b'12-7-2023 12:27:11,0.48064,9.21438,-1.89292,1'
b'12-7-2023 12:27:11,0.99449,9.49929,-1.01873,1'
b'12-7-2023 12:27:12,1.4868,9.37001,0.65691,1'
b'12-7-2023 12:27:12,-0.71108,9.65133,-1.39702,1'
b'12-7-2023 12:27:12,0.60274,9.84675,-0.44023,1'
b'12-7-2023 12:27:12,0.3705,9.77253,-0.56234,1'
b'12-7-2023 12:27:12,0,0,0,0'
b'12-7-2023 12:27:12,0,0,0,0'
b'12-7-2023 12:27:13,0,0,0,0'
b'12-7-2023 12:27:13,-4.61333,4.78511,-0.55635,1'
b'12-7-2023 12:27:13,-9.10844,-2.75004,-0.52283,1'
b'12-7-2023 12:27:13,-8.78612,-3.60746,-1.09654,1'
b'12-7-2023 12:27:13,-10.09306,-3.27826,0.03172,1'
b'12-7-2023 12:27:14,-9.48104,-2.75483,0.32531,1'
b'12-7-2023 12:27:14,-11.54933,-1.8564,-0.80655,1'
b'12-7-2023 12:27:14,-6.41107,3.45783,-0.03412,1'
b'12-7-2023 12:27:14,-0.58419,9.02255,-1.93721,1'
b'12-7-2023 12:27:14,-0.27384,9.26227,-0.7826,1'
b'12-7-2023 12:27:14,3.12892,9.07762,-2.24756,1'
b'12-7-2023 12:27:14,1.3228,9.54838,-0.24361,1'
b'12-7-2023 12:27:15,0.73352,9.81443,-0.39355,1'
b'12-7-2023 12:27:15,1.07111,9.88865,-0.52403,1'
b'12-7-2023 12:27:15,0.41001,9.75458,-0.59346,1'
b'12-7-2023 12:27:15,0.54408,9.80126,-0.47854,1'
b'12-7-2023 12:27:15,0,0,0,0'
b'12-7-2023 12:27:15,0,0,0,0'
b'12-7-2023 12:27:16,0,0,0,0'
b'12-7-2023 12:27:16,2.09163,11.17853,-0.57072,1'
b'12-7-2023 12:27:16,-2.0237,7.86435,-1.11211,1'
b'12-7-2023 12:27:16,-5.98221,3.69036,-0.17298,1'
b'12-7-2023 12:27:16,-11.09653,-2.73089,-0.88466,1'
b'12-7-2023 12:27:17,-8.71669,-2.44568,-0.71437,1'
b'12-7-2023 12:27:17,-9.66898,-2.77039,-0.00898,1'
b'12-7-2023 12:27:17,-12.3891,-2.66834,-0.67367,1'
b'12-7-2023 12:27:17,-9.80904,2.44598,-0.38038,1'
b'12-7-2023 12:27:17,-2.09074,6.70257,-1.88094,1'
b'12-7-2023 12:27:17,0.48902,9.66449,-1.26773,1'
b'12-7-2023 12:27:18,4.4607,10.05505,-1.84144,1'
b'12-7-2023 12:27:18,1.27731,9.86591,-0.14664,1'
b'12-7-2023 12:27:18,0.78979,9.76296,-1.04507,1'
b'12-7-2023 12:27:18,0.95379,9.78929,-0.51445,1'
b'12-7-2023 12:27:18,1.01125,9.69592,-0.50368,1'
b'12-7-2023 12:27:18,0,0,0,0'
b'12-7-2023 12:27:19,0,0,0,0'
b'12-7-2023 12:27:19,0,0,0,0'
b'12-7-2023 12:27:19,1.39941,11.12705,-0.26396,1'
b'12-7-2023 12:27:19,-1.35901,8.06696,-1.53977,1'
b'12-7-2023 12:27:19,-6.82796,1.96444,-0.94571,1'
b'12-7-2023 12:27:20,-12.5112,-4.01119,-0.85204,1'
b'12-7-2023 12:27:20,-9.21139,-3.18459,-1.01394,1'
b'12-7-2023 12:27:20,-10.2798,-3.01939,0.2065,1'
b'12-7-2023 12:27:20,-11.6451,-2.97988,-0.59107,1'
b'12-7-2023 12:27:20,-9.61033,0.80505,0.03771,1'
b'12-7-2023 12:27:20,-4.49721,6.19709,-1.53618,1'
b'12-7-2023 12:27:20,-2.23948,8.52186,-1.4054,1'
b'12-7-2023 12:27:21,1.17765,9.14136,-0.96367,1'
b'12-7-2023 12:27:21,3.58412,13.35246,1.34075,1'
b'12-7-2023 12:27:21,0.92985,10.52701,-0.05207,1'
b'12-7-2023 12:27:21,1.40779,9.66449,-0.58389,1'
b'12-7-2023 12:27:21,1.57658,9.86351,-0.20291,1'
b'12-7-2023 12:27:22,0,0,0,0'
b'12-7-2023 12:27:22,0,0,0,0'
b'12-7-2023 12:27:22,0,0,0,0'
b'12-7-2023 12:27:22,0.27713,11.60021,1.13605,1'
b'12-7-2023 12:27:22,-3.00113,5.44741,-1.06183,1'
b'12-7-2023 12:27:22,-8.36355,0.18824,-0.21368,1'
b'12-7-2023 12:27:23,-11.06899,-2.56299,0.25468,1'
b'12-7-2023 12:27:23,-10.84633,-2.8494,0.24481,1'
b'12-7-2023 12:27:23,-9.88805,-1.95696,-0.41988,1'
b'12-7-2023 12:27:23,-12.84669,-0.57132,0.9074,1'
b'12-7-2023 12:27:23,-3.77236,4.92757,-1.38145,1'
b'12-7-2023 12:27:23,-2.36038,7.81408,-1.43413,1'
b'12-7-2023 12:27:24,2.61148,9.90182,-1.84383,1'
b'12-7-2023 12:27:24,1.66756,10.2816,-1.59005,1'
b'12-7-2023 12:27:24,0.50817,9.67407,-0.01736,1'
b'12-7-2023 12:27:24,1.97671,9.94252,-0.14784,1'
b'12-7-2023 12:27:24,1.3623,9.66928,-0.61022,1'
b'12-7-2023 12:27:24,1.37068,9.83478,-0.27114,1'
b'12-7-2023 12:27:25,0,0,0,0'
b'12-7-2023 12:27:25,0,0,0,0'
b'12-7-2023 12:27:25,0.91788,11.33774,0.50727,1'
b'12-7-2023 12:27:25,-2.41545,6.52659,-0.87239,1'
b'12-7-2023 12:27:25,-8.10108,2.73089,-0.47136,1'
b'12-7-2023 12:27:26,-12.77815,-3.91542,-0.20291,1'
b'12-7-2023 12:27:26,-10.18882,-2.98826,0.10714,1'
b'12-7-2023 12:27:26,-10.99717,-3.04213,-0.06165,1'
b'12-7-2023 12:27:26,-11.71962,-1.53408,0.09397,1'
b'12-7-2023 12:27:26,-6.45058,3.5515,-0.3313,1'
b'12-7-2023 12:27:26,-4.14616,6.74806,-1.41497,1'
b'12-7-2023 12:27:27,-0.0811,8.92558,-1.23301,1'
b'12-7-2023 12:27:27,3.20554,10.71256,-1.63793,1'
b'12-7-2023 12:27:27,1.24618,9.56274,-1.18393,1'
b'12-7-2023 12:27:27,0.51415,9.74021,-0.3732,1'
b'12-7-2023 12:27:27,0.97773,9.69592,-0.38517,1'
b'12-7-2023 12:27:27,0.8676,9.80485,-0.35045,1'
b'12-7-2023 12:27:28,0,0,0,0'
b'12-7-2023 12:27:28,0,0,0,0'
b'12-7-2023 12:27:28,0,0,0,0'
b'12-7-2023 12:27:28,1.58376,12.18709,0.71676,1'
b'12-7-2023 12:27:28,-3.4288,6.3578,-1.30005,1'
b'12-7-2023 12:27:29,-7.38492,1.47094,-0.04968,1'
b'12-7-2023 12:27:29,-10.09904,-3.9657,-0.76225,1'
b'12-7-2023 12:27:29,-9.77553,-3.47698,-0.99359,1'
b'12-7-2023 12:27:29,-9.91918,-3.06727,-0.0413,1'
b'12-7-2023 12:27:29,-13.15075,-2.78236,-1.30125,1'
b'12-7-2023 12:27:29,-3.29083,4.53222,-1.1145,1'
b'12-7-2023 12:27:30,-2.71592,8.1352,-0.99958,1'
b'12-7-2023 12:27:30,0.82091,9.58908,-1.66188,1'
b'12-7-2023 12:27:30,2.57197,9.6226,-2.34093,1'
b'12-7-2023 12:27:30,0.04339,9.55316,-0.88585,1'
b'12-7-2023 12:27:30,0.82331,9.77493,-0.24002,1'
b'12-7-2023 12:27:30,1.06632,9.80845,-0.36362,1'
b'12-7-2023 12:27:31,1.15969,9.74859,-0.42946,1'
b'12-7-2023 12:27:31,0,0,0,0'
b'12-7-2023 12:27:31,0,0,0,0'
b'12-7-2023 12:27:31,0,0,0,0'
b'12-7-2023 12:27:31,0,0,0,0'
b'12-7-2023 12:27:31,0,0,0,0'
b'12-7-2023 12:27:32,0,0,0,0'
b'12-7-2023 12:27:32,0,0,0,0'
b'12-7-2023 12:27:32,0,0,0,0'
b'12-7-2023 12:27:32,0,0,0,0'
b'12-7-2023 12:27:32,-1.0741,8.33152,-0.42707,1'
b'12-7-2023 12:27:33,-5.11162,2.30442,-1.0319,1'
b'12-7-2023 12:27:33,-13.28483,-4.80516,-0.97085,1'
b'12-7-2023 12:27:33,-9.87728,-3.54043,-0.06644,1'
b'12-7-2023 12:27:33,-10.31093,-3.45064,-0.81732,1'
b'12-7-2023 12:27:33,-11.47032,-1.58586,0.69402,1'
b'12-7-2023 12:27:33,-4.78571,2.87214,-0.81852,1'
b'12-7-2023 12:27:34,-1.51104,8.17829,-1.38026,1'
b'12-7-2023 12:27:34,2.74316,10.16159,-1.42216,1'
b'12-7-2023 12:27:34,3.52187,10.29357,-2.21164,1'
b'12-7-2023 12:27:34,0.77662,9.98681,-0.18016,1'
b'12-7-2023 12:27:34,0.89394,9.8288,-0.48213,1'
b'12-7-2023 12:27:34,0.99928,9.81204,-0.36003,1'
b'12-7-2023 12:27:35,0.80296,9.74979,-0.58508,1'
b'12-7-2023 12:27:35,0.84605,9.73542,-0.59466,1'
b'12-7-2023 12:27:35,0,0,0,0'
b'12-7-2023 12:27:35,0,0,0,0'
b'12-7-2023 12:27:35,0,0,0,0'
b'12-7-2023 12:27:35,0,0,0,0'
b'12-7-2023 12:27:36,-0.56024,9.01537,-1.89531,1'
b'12-7-2023 12:27:36,-5.83377,4.37062,-0.22206,1'
b'12-7-2023 12:27:36,-9.77193,-2.91883,-0.80056,1'
b'12-7-2023 12:27:36,-9.14675,-3.32136,-1.62955,1'
b'12-7-2023 12:27:36,-9.77193,-3.53683,-0.29868,1'
b'12-7-2023 12:27:36,-11.72441,-3.31178,-0.14545,1'
b'12-7-2023 12:27:37,-9.94671,0.36182,0.07242,1'
b'12-7-2023 12:27:37,-5.11401,5.2834,-2.34332,1'
b'12-7-2023 12:27:37,-1.21416,8.63708,-0.7036,1'
b'12-7-2023 12:27:37,0.83169,9.94492,-1.62477,1'
b'12-7-2023 12:27:37,0.09038,11.80371,0.67726,1'
b'12-7-2023 12:27:37,0.25079,9.75697,-1.3228,1'
b'12-7-2023 12:27:38,0.50817,9.81204,-0.621,1'
b'12-7-2023 12:27:38,0.46507,9.80246,-0.84246,1'
b'12-7-2023 12:27:38,0.46747,9.80964,-0.85084,1'
b'12-7-2023 12:27:38,0,0,0,0'
b'12-7-2023 12:27:38,0,0,0,0'
b'12-7-2023 12:27:38,0,0,0,0'
b'12-7-2023 12:27:39,0,0,0,0'
b'12-7-2023 12:27:39,0,0,0,0'
b'12-7-2023 12:27:39,-5.55724,4.80786,-1.21027,1'
b'12-7-2023 12:27:39,-8.56825,-0.28491,-0.77303,1'
b'12-7-2023 12:27:39,-11.71573,-3.99802,-0.16101,1'
b'12-7-2023 12:27:40,-9.80785,-3.63859,-0.15502,1'
b'12-7-2023 12:27:40,-10.09425,-3.33093,-0.44981,1'
b'12-7-2023 12:27:40,-10.42226,-1.30065,-0.07242,1'
b'12-7-2023 12:27:40,-4.21918,4.65104,-1.41258,1'
b'12-7-2023 12:27:40,-3.25252,7.68,-1.2378,1'
b'12-7-2023 12:27:40,-0.74579,9.18206,-2.1063,1'
b'12-7-2023 12:27:41,-1.00078,9.32931,-1.19351,1'
b'12-7-2023 12:27:41,2.19698,9.65731,-0.07482,1'
b'12-7-2023 12:27:41,1.66996,10.01435,-0.0401,1'
b'12-7-2023 12:27:41,1.86419,9.77134,-0.33249,1'
b'12-7-2023 12:27:41,0.98851,9.65611,-0.46896,1'
b'12-7-2023 12:27:41,1.36469,9.76176,-0.42587,1'
b'12-7-2023 12:27:42,0,0,0,0'
b'12-7-2023 12:27:42,0,0,0,0'
b'12-7-2023 12:27:42,0,0,0,0'
b'12-7-2023 12:27:42,2.14311,10.92115,-0.22805,1'
b'12-7-2023 12:27:42,0.47106,8.28124,-1.51822,1'
b'12-7-2023 12:27:42,-8.24952,3.53594,-1.06781,1'
b'12-7-2023 12:27:43,-11.74356,-3.19416,-0.51086,1'
b'12-7-2023 12:27:43,-8.96599,-2.78116,-0.18256,1'
b'12-7-2023 12:27:43,-9.60673,-2.52349,-0.39474,1'
b'12-7-2023 12:27:43,-9.7875,-2.54623,0.09038,1'
b'12-7-2023 12:27:43,-11.36019,-2.12964,-1.03789,1'
b'12-7-2023 12:27:43,-11.02111,0.36542,0.4127,1'
b'12-7-2023 12:27:44,-6.61697,4.004,-0.50967,1'
b'12-7-2023 12:27:44,-3.58203,7.97449,-0.5348,1'
b'12-7-2023 12:27:44,1.37068,9.62738,-1.46555,1'
b'12-7-2023 12:27:44,2.71203,9.76056,-0.81612,1'
b'12-7-2023 12:27:44,0.51535,9.76535,-0.4127,1'
b'12-7-2023 12:27:44,1.15011,9.72106,-0.67726,1'
b'12-7-2023 12:27:45,0,0,0,0'
b'12-7-2023 12:27:45,0,0,0,0'
b'12-7-2023 12:27:45,0,0,0,0'
b'12-7-2023 12:27:45,0,0,0,0'
b'12-7-2023 12:27:45,1.35512,10.95228,-0.38277,1'
b'12-7-2023 12:27:46,-4.79409,4.1707,-0.56832,1'
b'12-7-2023 12:27:46,-11.08575,-1.08038,-0.92656,1'
b'12-7-2023 12:27:46,-12.27747,-3.98365,-0.10355,1'
b'12-7-2023 12:27:46,-10.38874,-3.18938,-0.20889,1'
b'12-7-2023 12:27:46,-9.33709,-2.59651,0.082,1'
b'12-7-2023 12:27:46,-11.56609,-2.86017,0.11672,1'
b'12-7-2023 12:27:47,-10.3648,0.14275,0.18735,1'
b'12-7-2023 12:27:47,-3.97138,6.62116,-0.46896,1'
b'12-7-2023 12:27:47,0.30347,9.61063,-2.29544,1'
b'12-7-2023 12:27:47,3.83072,10.2804,-1.31202,1'
b'12-7-2023 12:27:47,0.87478,9.455,0.17418,1'
b'12-7-2023 12:27:47,0.93703,9.71387,-0.59107,1'
b'12-7-2023 12:27:48,1.16448,9.81922,-0.44981,1'
b'12-7-2023 12:27:48,0.78739,9.72465,-0.53121,1'
b'12-7-2023 12:27:48,0,0,0,0'
b'12-7-2023 12:27:48,0,0,0,0'
b'12-7-2023 12:27:48,0,0,0,0'
b'12-7-2023 12:27:48,2.23768,10.6551,-0.01257,1'
b'12-7-2023 12:27:49,-3.4264,7.63451,-1.64272,1'
b'12-7-2023 12:27:49,-6.48888,2.46633,0.30376,1'
b'12-7-2023 12:27:49,-12.85148,-4.96348,1.04866,1'
b'12-7-2023 12:27:49,-9.30836,-3.08403,-0.2891,1'
b'12-7-2023 12:27:49,-9.27843,-2.71054,-0.42467,1'
b'12-7-2023 12:27:50,-13.35546,-3.5081,-0.72395,1'
b'12-7-2023 12:27:50,-7.58363,2.54893,-1.28209,1'
b'12-7-2023 12:27:50,-2.63811,6.89201,-0.41869,1'
b'12-7-2023 12:27:50,-0.7829,9.8264,-0.44622,1'
b'12-7-2023 12:27:50,1.97552,10.64073,0.4534,1'
b'12-7-2023 12:27:50,1.15131,9.97005,-0.2053,1'
b'12-7-2023 12:27:51,0.52613,9.69352,-0.95768,1'
b'12-7-2023 12:27:51,0.68325,9.83957,-0.62818,1'
b'12-7-2023 12:27:51,0.51775,9.75697,-0.82091,1'
b'12-7-2023 12:27:51,0,0,0,0'
b'12-7-2023 12:27:51,0,0,0,0'
b'12-7-2023 12:27:51,0,0,0,0'
b'12-7-2023 12:27:52,2.65816,11.48409,-1.19471,1'
b'12-7-2023 12:27:52,-4.27904,4.94552,-1.08338,1'
b'12-7-2023 12:27:52,-9.24132,-1.06722,0.50967,1'
b'12-7-2023 12:27:52,-13.0059,-5.12748,-0.35404,1'
b'12-7-2023 12:27:52,-10.44261,-3.6769,-1.24977,1'
b'12-7-2023 12:27:52,-10.00297,-3.40156,-0.57551,1'
b'12-7-2023 12:27:53,-11.96263,-2.83384,1.01394,1'
b'12-7-2023 12:27:53,-7.91792,1.83276,-1.16598,1'
b'12-7-2023 12:27:53,-3.04183,7.47769,-1.18872,1'
b'12-7-2023 12:27:53,2.73957,10.24569,-1.93003,1'
b'12-7-2023 12:27:53,2.15388,8.7556,-1.35512,1'
b'12-7-2023 12:27:53,-0.88825,9.50049,-0.74909,1'
b'12-7-2023 12:27:54,-0.01526,9.80246,-0.95529,1'
b'12-7-2023 12:27:54,0.23044,9.85274,-0.78739,1'
b'12-7-2023 12:27:54,-0.01167,9.77134,-0.79817,1'
b'12-7-2023 12:27:54,0,0,0,0'
b'12-7-2023 12:27:54,0,0,0,0'
b'12-7-2023 12:27:54,0,0,0,0'
b'12-7-2023 12:27:55,1.46405,11.68879,0.15862,1'
b'12-7-2023 12:27:55,-5.45758,4.71089,-0.97923,1'
b'12-7-2023 12:27:55,-9.24012,-1.55593,0.21249,1'
b'12-7-2023 12:27:55,-9.39814,-3.19536,-0.96127,1'
b'12-7-2023 12:27:55,-10.12777,-2.79314,-0.07362,1'
b'12-7-2023 12:27:56,-10.13376,-2.70694,-0.56234,1'
b'12-7-2023 12:27:56,-12.24514,-1.47303,-0.31574,1'
b'12-7-2023 12:27:56,-7.55969,4.49511,-1.11091,1'
b'12-7-2023 12:27:56,-2.65128,8.51468,-1.46555,1'
b'12-7-2023 12:27:56,1.0316,9.71747,-1.05345,1'
b'12-7-2023 12:27:56,1.08188,9.40951,-0.60903,1'
b'12-7-2023 12:27:57,-0.61292,9.39275,-1.93841,1'
b'12-7-2023 12:27:57,0.65811,9.83478,-0.48094,1'
b'12-7-2023 12:27:57,0.73831,9.79887,-0.63297,1'
b'12-7-2023 12:27:57,0.31544,9.69951,-0.80415,1'
b'12-7-2023 12:27:57,0,0,0,0'
b'12-7-2023 12:27:57,0,0,0,0'
b'12-7-2023 12:27:58,1.75136,10.55813,-1.04986,1'
b'12-7-2023 12:27:58,-1.57808,8.74961,-1.09415,1'
b'12-7-2023 12:27:58,-5.88644,4.3347,-0.14545,1'
b'12-7-2023 12:27:58,-12.83561,-3.77985,-1.14802,1'
b'12-7-2023 12:27:58,-10.6129,-4.10576,-0.81014,1'
b'12-7-2023 12:27:58,-9.58998,-2.97031,-0.94332,1'
b'12-7-2023 12:27:59,-9.79468,-3.24115,0.0844,1'
b'12-7-2023 12:27:59,-11.189,-3.39079,-0.78859,1'
b'12-7-2023 12:27:59,-10.61529,-0.10295,0.71198,1'
b'12-7-2023 12:27:59,-7.90476,4.43406,0.54678,1'
b'12-7-2023 12:27:59,-2.09553,9.11233,-0.58987,1'
b'12-7-2023 12:27:59,3.76009,9.68514,-1.82468,1'
b'12-7-2023 12:28:0,2.92901,10.01674,-0.84485,1'
b'12-7-2023 12:28:0,0.18615,10.41807,0.15622,1'
b'12-7-2023 12:28:0,0.4531,9.76415,-0.54558,1'
b'12-7-2023 12:28:0,0,0,0,0'
b'12-7-2023 12:28:0,0,0,0,0'
b'12-7-2023 12:28:1,0,0,0,0'
b'12-7-2023 12:28:1,0,0,0,0'
b'12-7-2023 12:28:1,1.64721,11.11029,0.18136,1'
b'12-7-2023 12:28:1,-5.06254,4.76117,-1.62117,1'
b'12-7-2023 12:28:1,-7.45554,-0.79158,-0.78859,1'
b'12-7-2023 12:28:1,-9.27364,-3.49853,0.58269,1'
b'12-7-2023 12:28:2,-9.75158,-2.70216,0.38876,1'
b'12-7-2023 12:28:2,-10.59105,-2.92721,0.64015,1'
b'12-7-2023 12:28:2,-10.51683,-1.51733,1.37936,1'
b'12-7-2023 12:28:2,-7.53336,2.52259,-0.08918,1'
b'12-7-2023 12:28:2,-1.36859,7.86196,-1.75764,1'
b'12-7-2023 12:28:2,3.31806,10.18074,-1.36469,1'
b'12-7-2023 12:28:3,0.69162,10.11131,-0.45699,1'
b'12-7-2023 12:28:3,-0.55545,9.73183,-0.83408,1'
b'12-7-2023 12:28:3,-0.52792,9.75338,-0.96007,1'
b'12-7-2023 12:28:3,-0.23433,9.79169,-0.72754,1'
b'12-7-2023 12:28:3,-0.40672,9.77014,-0.81014,1'
b'12-7-2023 12:28:3,0,0,0,0'
b'12-7-2023 12:28:4,0,0,0,0'
b'12-7-2023 12:28:4,-4.14017,7.19128,-0.57431,1'
b'12-7-2023 12:28:4,-6.95725,2.06021,-0.72514,1'
b'12-7-2023 12:28:4,-12.27028,-4.49392,0.38756,1'
b'12-7-2023 12:28:4,-9.25329,-3.62781,-1.13006,1'
b'12-7-2023 12:28:4,-9.71447,-3.1379,-0.18016,1'
b'12-7-2023 12:28:5,-10.16967,-2.98946,-0.41509,1'
b'12-7-2023 12:28:5,-12.72548,-3.11755,-1.07021,1'
b'12-7-2023 12:28:5,-7.04943,4.89046,-0.11552,1'
b'12-7-2023 12:28:5,-3.14119,7.97568,-0.63656,1'
b'12-7-2023 12:28:5,3.34919,10.31991,-1.59244,1'
b'12-7-2023 12:28:5,1.52391,9.19523,-1.8989,1'
b'12-7-2023 12:28:6,0.34776,9.71986,-0.26875,1'
b'12-7-2023 12:28:6,0.38966,9.7869,-0.5348,1'
b'12-7-2023 12:28:6,0.44712,9.76535,-0.48931,1'
b'12-7-2023 12:28:6,0.27833,9.72225,-0.58987,1'
b'12-7-2023 12:28:6,0,0,0,0'
b'12-7-2023 12:28:6,0,0,0,0'
b'12-7-2023 12:28:7,0,0,0,0'
b'12-7-2023 12:28:7,0,0,0,0'
b'12-7-2023 12:28:13,0,0,0,0'
b'12-7-2023 12:28:13,0,0,0,0'
b'12-7-2023 12:28:13,0,0,0,0'
b'12-7-2023 12:28:13,0,0,0,0'
b'12-7-2023 12:28:14,0,0,0,0'
b'12-7-2023 12:28:14,-5.26605,4.00879,-1.6523,1'
b'12-7-2023 12:28:14,-17.62312,-5.11671,-0.49051,1'
b'12-7-2023 12:28:14,-9.54089,-2.02639,-0.28311,1'
b'12-7-2023 12:28:14,-12.33762,-1.88873,-0.33728,1'
b'12-7-2023 12:28:14,-7.74165,3.0149,-0.13946,1'
b'12-7-2023 12:28:15,-3.39169,7.10749,-0.16819,1'
b'12-7-2023 12:28:15,-0.27863,8.34828,-1.76722,1'
b'12-7-2023 12:28:15,1.9803,9.98322,0.79936,1'
b'12-7-2023 12:28:15,0.74071,10.85411,-0.25558,1'
b'12-7-2023 12:28:15,1.18363,9.96646,-0.32052,1'
b'12-7-2023 12:28:15,0.41958,9.78331,-0.53002,1'
b'12-7-2023 12:28:16,0.70958,9.8264,-0.48094,1'
b'12-7-2023 12:28:16,0.51775,9.75458,-0.65811,1'
b'12-7-2023 12:28:16,0.59436,9.7857,-0.53361,1'
b'12-7-2023 12:28:16,0.50697,9.77852,-0.55156,1'
b'12-7-2023 12:28:16,0,0,0,0'
b'12-7-2023 12:28:16,0,0,0,0'
b'12-7-2023 12:28:17,0,0,0,0'
b'12-7-2023 12:28:17,2.19818,10.88404,-0.52164,1'
b'12-7-2023 12:28:17,-1.22852,7.38282,-1.82468,1'
b'12-7-2023 12:28:17,-6.51881,2.54773,0.4139,1'
b'12-7-2023 12:28:17,-10.11939,-2.3966,0.48213,1'
b'12-7-2023 12:28:17,-11.08216,-2.83025,0.82121,1'
b'12-7-2023 12:28:18,-9.23414,-2.50553,-0.05567,1'
b'12-7-2023 12:28:18,-13.57602,-3.40874,0.59586,1'
b'12-7-2023 12:28:18,-11.03787,0,0.43185,1'
b'12-7-2023 12:28:18,-2.19279,6.84143,-2.17094,1'
b'12-7-2023 12:28:18,1.0735,9.72465,-1.78877,1'
b'12-7-2023 12:28:18,2.30831,12.33313,-1.46316,1'
b'12-7-2023 12:28:19,-0.58897,10.10293,-1.49548,1'
b'12-7-2023 12:28:19,-0.44861,9.69113,-1.0738,1'
b'12-7-2023 12:28:19,0.70479,9.89105,-0.68684,1'
b'12-7-2023 12:28:19,0.10475,9.76176,-0.69282,1'
b'12-7-2023 12:28:19,0,0,0,0'
b'12-7-2023 12:28:19,0,0,0,0'
b'12-7-2023 12:28:20,0,0,0,0'
b'12-7-2023 12:28:20,0,0,0,0'
b'12-7-2023 12:28:20,1.87137,10.67425,-0.69282,1'
b'12-7-2023 12:28:20,-1.64422,7.28825,-2.49775,1'
b'12-7-2023 12:28:20,-8.25072,1.10433,1.34434,1'
b'12-7-2023 12:28:21,-9.84496,-2.39899,-0.26635,1'
b'12-7-2023 12:28:21,-10.58866,-3.36445,-0.50727,1'
b'12-7-2023 12:28:21,-9.1264,-3.11396,-0.39474,1'
b'12-7-2023 12:28:21,-9.68335,-2.88651,0.10714,1'
b'12-7-2023 12:28:21,-12.60338,-1.55952,1.28928,1'
b'12-7-2023 12:28:21,-6.26024,3.25432,-0.85922,1'
b'12-7-2023 12:28:22,-0.42108,8.28364,-1.16478,1'
b'12-7-2023 12:28:22,2.3948,10.18074,-0.77662,1'
b'12-7-2023 12:28:22,-0.76136,9.73662,-0.64135,1'
b'12-7-2023 12:28:22,1.02202,9.93055,-0.40193,1'
b'12-7-2023 12:28:22,0.45789,9.72345,-0.64015,1'
b'12-7-2023 12:28:22,0.38966,9.7869,-0.52044,1'
b'12-7-2023 12:28:23,0,0,0,0'
b'12-7-2023 12:28:23,0,0,0,0'
b'12-7-2023 12:28:23,0,0,0,0'
b'12-7-2023 12:28:23,0,0,0,0'
b'12-7-2023 12:28:23,0,0,0,0'
b'12-7-2023 12:28:24,-4.76656,5.33727,-1.3228,1'
b'12-7-2023 12:28:24,-9.60195,-0.44921,-0.30107,1'
b'12-7-2023 12:28:24,-10.1577,-3.29502,0.22565,1'
b'12-7-2023 12:28:24,-9.24252,-2.63721,-0.35524,1'
b'12-7-2023 12:28:24,-9.48463,-2.95714,0.21009,1'
b'12-7-2023 12:28:24,-11.20816,-2.69378,0.47016,1'
b'12-7-2023 12:28:25,-7.23408,3.55988,-1.23661,1'
b'12-7-2023 12:28:25,-2.83114,7.68958,-1.86179,1'
b'12-7-2023 12:28:25,1.51194,9.44423,-1.6116,1'
b'12-7-2023 12:28:25,2.15508,10.3642,-0.91339,1'
b'12-7-2023 12:28:25,0.2065,9.24671,-1.01993,1'
b'12-7-2023 12:28:25,0.58,9.81443,-0.5779,1'
b'12-7-2023 12:28:26,0.73472,9.79049,-0.51445,1'
b'12-7-2023 12:28:26,0.5776,9.78211,-0.56713,1'
b'12-7-2023 12:28:26,0.81852,9.88626,-0.65451,1'
b'12-7-2023 12:28:26,0,0,0,0'
b'12-7-2023 12:28:26,0,0,0,0'
b'12-7-2023 12:28:26,0,0,0,0'
b'12-7-2023 12:28:27,-3.11486,6.9782,0.27025,1'
b'12-7-2023 12:28:27,-7.34302,0.90561,-1.05704,1'
b'12-7-2023 12:28:27,-9.92397,-2.49476,0.36482,1'
b'12-7-2023 12:28:27,-9.30237,-2.29005,0.24002,1'
b'12-7-2023 12:28:27,-9.8689,-2.57736,0.53121,1'
b'12-7-2023 12:28:27,-13.32313,-3.22768,-1.17196,1'
b'12-7-2023 12:28:28,-7.26161,3.96091,0.67606,1'
b'12-7-2023 12:28:28,-5.95827,5.9876,-0.39714,1'
b'12-7-2023 12:28:28,-1.44161,8.63349,-1.37547,1'
b'12-7-2023 12:28:28,1.59693,10.34744,-1.47393,1'
b'12-7-2023 12:28:28,-0.07991,9.13298,-2.04644,1'
b'12-7-2023 12:28:28,-0.07991,9.76176,-0.59346,1'
b'12-7-2023 12:28:29,0.61232,9.84556,-0.76824,1'
b'12-7-2023 12:28:29,0.18735,9.80366,-0.47615,1'
b'12-7-2023 12:28:29,0.15622,9.77493,-0.6617,1'
b'12-7-2023 12:28:29,0,0,0,0'
b'12-7-2023 12:28:29,0,0,0,0'
b'12-7-2023 12:28:30,0,0,0,0'
b'12-7-2023 12:28:30,1.4449,11.17254,-0.69043,1'
b'12-7-2023 12:28:30,-1.74238,6.03548,-0.48931,1'
b'12-7-2023 12:28:30,-11.72441,-2.7249,0.12749,1'
b'12-7-2023 12:28:30,-11.66305,-2.53546,0.26546,1'
b'12-7-2023 12:28:30,-9.52174,-2.23738,0.48333,1'
b'12-7-2023 12:28:31,-10.76134,-2.36068,1.075,1'
b'12-7-2023 12:28:31,-9.61392,0.88406,0.30376,1'
b'12-7-2023 12:28:31,-4.5427,5.82958,-0.67726,1'
b'12-7-2023 12:28:31,-2.45855,8.89326,-0.47615,1'
b'12-7-2023 12:28:31,3.56138,9.60105,-1.43173,1'
b'12-7-2023 12:28:31,0.59316,9.46937,1.08577,1'
b'12-7-2023 12:28:32,0.75986,9.77852,0.01975,1'
b'12-7-2023 12:28:32,0.82929,9.70071,-0.13228,1'
b'12-7-2023 12:28:32,0.56204,9.80485,-0.09158,1'
b'12-7-2023 12:28:32,0.62788,9.81323,-0.24241,1'
b'12-7-2023 12:28:32,0,0,0,0'
b'12-7-2023 12:28:32,0,0,0,0'
b'12-7-2023 12:28:33,0,0,0,0'
b'12-7-2023 12:28:33,0,0,0,0'
b'12-7-2023 12:28:33,0,0,0,0'
