b'12-7-2023 12:32:47,0,0,0,0'
b'12-7-2023 12:32:47,0,0,0,0'
b'12-7-2023 12:32:47,0,0,0,0'
b'12-7-2023 12:32:47,0,0,0,0'
b'12-7-2023 12:32:48,0,0,0,0'
b'12-7-2023 12:32:48,0,0,0,0'
b'12-7-2023 12:32:48,0,0,0,0'
b'12-7-2023 12:32:48,0,0,0,0'
b'12-7-2023 12:32:48,0,0,0,0'
b'12-7-2023 12:32:48,0,0,0,0'
b'12-7-2023 12:32:49,-3.11007,9.10994,2.8919,1'
b'12-7-2023 12:32:49,7.58932,3.43029,0.62698,1'
b'12-7-2023 12:32:49,14.20929,0.46477,-0.13228,1'
b'12-7-2023 12:32:49,9.55825,-0.58808,0.4127,1'
b'12-7-2023 12:32:49,11.50234,0.79667,2.24397,1'
b'12-7-2023 12:32:50,-3.45633,8.96629,1.05105,1'
b'12-7-2023 12:32:50,-4.09349,9.455,1.18274,1'
b'12-7-2023 12:32:50,-0.92416,9.69951,1.60801,1'
b'12-7-2023 12:32:50,-1.0741,9.55795,1.99257,1'
b'12-7-2023 12:32:50,-0.58778,9.64773,1.87137,1'
b'12-7-2023 12:32:50,-1.04028,9.56274,1.92643,1'
b'12-7-2023 12:32:51,-0.52074,9.65133,1.63674,1'
b'12-7-2023 12:32:51,-0.59855,9.55795,1.75884,1'
b'12-7-2023 12:32:51,-0.87508,9.63217,2.04405,1'
b'12-7-2023 12:32:51,-0.63446,9.60344,2.12306,1'
b'12-7-2023 12:32:51,0,0,0,0'
b'12-7-2023 12:32:52,0,0,0,0'
b'12-7-2023 12:32:52,0,0,0,0'
b'12-7-2023 12:32:52,0,0,0,0'
b'12-7-2023 12:32:52,0,0,0,0'
b'12-7-2023 12:32:52,-3.41683,9.22755,1.87257,1'
b'12-7-2023 12:32:52,4.58071,5.51325,0.71437,1'
b'12-7-2023 12:32:53,11.87614,0.51864,0.75148,1'
b'12-7-2023 12:32:53,11.86656,-0.16759,0.84276,1'
b'12-7-2023 12:32:53,14.61151,0.70449,2.41036,1'
b'12-7-2023 12:32:53,3.70862,6.39132,1.12767,1'
b'12-7-2023 12:32:53,-2.42383,8.35068,2.0237,1'
b'12-7-2023 12:32:53,-1.41886,9.53162,1.33118,1'
b'12-7-2023 12:32:54,-0.4534,9.73542,2.13503,1'
b'12-7-2023 12:32:54,0.2496,9.47535,1.95666,1'
b'12-7-2023 12:32:54,-0.17089,9.55436,2.29903,1'
b'12-7-2023 12:32:54,-0.71228,9.43824,2.13383,1'
b'12-7-2023 12:32:54,-1.08607,9.52084,1.76123,1'
b'12-7-2023 12:32:54,-0.0811,9.63217,2.30262,1'
b'12-7-2023 12:32:55,0.38128,9.72944,2.69437,1'
b'12-7-2023 12:32:55,0,0,0,0'
b'12-7-2023 12:32:55,0,0,0,0'
b'12-7-2023 12:32:55,0,0,0,0'
b'12-7-2023 12:32:55,0,0,0,0'
b'12-7-2023 12:32:55,-1.88843,9.10156,2.0632,1'
b'12-7-2023 12:32:56,3.41982,6.36498,0.91937,1'
b'12-7-2023 12:32:56,10.34175,2.91883,1.05824,1'
b'12-7-2023 12:32:56,11.06391,-0.79158,-1.00916,1'
b'12-7-2023 12:32:56,10.14154,0.62878,0.38876,1'
b'12-7-2023 12:32:56,12.81736,0.1631,0.01736,1'
b'12-7-2023 12:32:57,4.69204,6.56011,0.36721,1'
b'12-7-2023 12:32:57,-2.57945,9.49211,1.61519,1'
b'12-7-2023 12:32:57,-1.00916,9.62978,1.46794,1'
b'12-7-2023 12:32:57,-0.21638,9.77373,1.40929,1'
b'12-7-2023 12:32:57,-0.43305,9.7031,1.86299,1'
b'12-7-2023 12:32:57,-0.40073,9.65013,1.54935,1'
b'12-7-2023 12:32:58,-0.48094,9.73542,2.07637,1'
b'12-7-2023 12:32:58,-0.60214,9.61661,1.56491,1'
b'12-7-2023 12:32:58,-0.70629,9.69712,1.72293,1'
b'12-7-2023 12:32:58,0,0,0,0'
b'12-7-2023 12:32:58,0,0,0,0'
b'12-7-2023 12:32:58,0,0,0,0'
b'12-7-2023 12:32:59,0,0,0,0'
b'12-7-2023 12:32:59,0,0,0,0'
b'12-7-2023 12:32:59,6.96413,5.31932,1.08936,1'
b'12-7-2023 12:32:59,10.67215,0.52104,0.21847,1'
b'12-7-2023 12:32:59,11.08665,-0.80475,0.27264,1'
b'12-7-2023 12:32:59,10.2795,-0.03711,0.6593,1'
b'12-7-2023 12:33:0,14.22485,-0.68265,0.7862,1'
b'12-7-2023 12:33:0,5.10623,6.22463,0.88945,1'
b'12-7-2023 12:33:0,-1.10043,9.25389,-0.2077,1'
b'12-7-2023 12:33:0,-1.5673,9.68634,0.89783,1'
b'12-7-2023 12:33:0,0.39804,9.66569,1.09654,1'
b'12-7-2023 12:33:0,0.21727,9.81683,1.1145,1'
b'12-7-2023 12:33:1,-0.03681,9.83239,1.38175,1'
b'12-7-2023 12:33:1,0.17418,9.88865,1.42246,1'
b'12-7-2023 12:33:1,-0.30137,9.72944,1.28329,1'
b'12-7-2023 12:33:1,-0.03921,9.85992,1.1971,1'
b'12-7-2023 12:33:1,-0.17567,9.76535,1.35033,1'
b'12-7-2023 12:33:1,0,0,0,0'
b'12-7-2023 12:33:2,0,0,0,0'
b'12-7-2023 12:33:2,0,0,0,0'
b'12-7-2023 12:33:2,0,0,0,0'
b'12-7-2023 12:33:2,0,0,0,0'
b'12-7-2023 12:33:2,3.39468,6.80791,1.34315,1'
b'12-7-2023 12:33:3,8.37971,3.29502,-0.73233,1'
b'12-7-2023 12:33:3,12.09401,-0.69941,-0.2484,1'
b'12-7-2023 12:33:3,10.03619,-0.46717,-0.14545,1'
b'12-7-2023 12:33:3,10.97891,-0.72335,-0.28192,1'
b'12-7-2023 12:33:3,10.6949,0.71886,0.29419,1'
b'12-7-2023 12:33:3,3.61644,7.22361,0.44622,1'
b'12-7-2023 12:33:4,-1.02831,8.39138,0.11552,1'
b'12-7-2023 12:33:4,-0.55785,9.92097,1.23661,1'
b'12-7-2023 12:33:4,0.23044,9.72345,1.0726,1'
b'12-7-2023 12:33:4,0.18615,9.81204,0.8655,1'
b'12-7-2023 12:33:4,0.24481,9.74739,0.87987,1'
b'12-7-2023 12:33:4,-0.04639,9.72106,1.1995,1'
b'12-7-2023 12:33:5,0.01227,9.67168,1.16119,1'
b'12-7-2023 12:33:5,0.26276,9.83718,1.51703,1'
b'12-7-2023 12:33:5,0,0,0,0'
b'12-7-2023 12:33:5,0,0,0,0'
b'12-7-2023 12:33:5,0,0,0,0'
b'12-7-2023 12:33:6,-2.03926,9.74739,1.24379,1'
b'12-7-2023 12:33:6,3.45124,8.13041,1.2797,1'
b'12-7-2023 12:33:6,8.44914,4.64385,-0.01736,1'
b'12-7-2023 12:33:6,10.59554,0.74041,0.27743,1'
b'12-7-2023 12:33:6,10.8173,-0.07063,0.59945,1'
b'12-7-2023 12:33:6,10.58836,-0.48273,0.81403,1'
b'12-7-2023 12:33:7,10.21606,-0.13408,0.69522,1'
b'12-7-2023 12:33:7,11.45925,0.97264,0.48333,1'
b'12-7-2023 12:33:7,7.12574,5.52163,1.03789,1'
b'12-7-2023 12:33:7,2.13234,9.02255,0.49889,1'
b'12-7-2023 12:33:7,-1.24528,10.43483,1.37816,1'
b'12-7-2023 12:33:7,-0.12779,9.64055,1.78159,1'
b'12-7-2023 12:33:8,0.19692,9.84316,1.39732,1'
b'12-7-2023 12:33:8,0.09637,9.78331,1.3204,1'
b'12-7-2023 12:33:8,-0.08589,9.7869,1.22583,1'
b'12-7-2023 12:33:8,0,0,0,0'
b'12-7-2023 12:33:8,0,0,0,0'
b'12-7-2023 12:33:8,0,0,0,0'
b'12-7-2023 12:33:9,0,0,0,0'
b'12-7-2023 12:33:9,0,0,0,0'
b'12-7-2023 12:33:9,-1.92673,9.22037,1.5673,1'
b'12-7-2023 12:33:9,4.52534,7.49325,-0.36601,1'
b'12-7-2023 12:33:9,7.7234,4.99221,0.24002,1'
b'12-7-2023 12:33:9,10.9849,1.97641,1.69061,1'
b'12-7-2023 12:33:10,10.00148,0.31633,0.22805,1'
b'12-7-2023 12:33:10,9.98352,0.23254,1.02352,1'
b'12-7-2023 12:33:10,12.40406,-0.13767,0.44502,1'
b'12-7-2023 12:33:10,9.27574,2.32118,-0.00419,1'
b'12-7-2023 12:33:10,5.59256,6.75883,0.26665,1'
b'12-7-2023 12:33:10,0.54887,9.84675,0.88226,1'
b'12-7-2023 12:33:11,-0.83558,9.93414,0.95888,1'
b'12-7-2023 12:33:11,0.76944,9.76655,1.35392,1'
b'12-7-2023 12:33:11,0.25678,9.74261,1.24977,1'
b'12-7-2023 12:33:11,0.56683,9.83718,1.08577,1'
b'12-7-2023 12:33:11,0.1658,9.72465,1.36829,1'
b'12-7-2023 12:33:11,0,0,0,0'
b'12-7-2023 12:33:12,0,0,0,0'
b'12-7-2023 12:33:12,0,0,0,0'
b'12-7-2023 12:33:12,-3.53414,10.10413,1.99617,1'
b'12-7-2023 12:33:12,5.88615,6.76841,1.78518,1'
b'12-7-2023 12:33:12,8.73914,3.55748,0.84994,1'
b'12-7-2023 12:33:13,9.36193,0.10295,0.76225,1'
b'12-7-2023 12:33:13,10.62786,-0.26815,1.15281,1'
b'12-7-2023 12:33:13,10.02183,0.13916,1.17076,1'
b'12-7-2023 12:33:13,12.56716,-0.39145,0.55037,1'
b'12-7-2023 12:33:13,7.51031,3.86035,1.02831,1'
b'12-7-2023 12:33:13,4.13628,8.20463,-0.06644,1'
b'12-7-2023 12:33:14,-0.55785,8.80228,1.78757,1'
b'12-7-2023 12:33:14,-0.35524,10.14124,0.91937,1'
b'12-7-2023 12:33:14,0.71557,9.89105,1.44999,1'
b'12-7-2023 12:33:14,0.52493,9.73662,1.37457,1'
b'12-7-2023 12:33:14,0.25438,9.72704,1.59484,1'
b'12-7-2023 12:33:14,0.39325,9.81563,1.53019,1'
b'12-7-2023 12:33:15,0,0,0,0'
b'12-7-2023 12:33:15,0,0,0,0'
b'12-7-2023 12:33:15,0,0,0,0'
b'12-7-2023 12:33:15,0,0,0,0'
b'12-7-2023 12:33:15,0,0,0,0'
b'12-7-2023 12:33:15,6.58076,6.87405,1.76123,1'
b'12-7-2023 12:33:16,9.06983,3.19925,1.8175,1'
b'12-7-2023 12:33:16,11.48918,-0.05148,1.09415,1'
b'12-7-2023 12:33:16,10.45308,-0.54259,0.83558,1'
b'12-7-2023 12:33:16,9.95599,0.23373,1.4883,1'
b'12-7-2023 12:33:16,10.66018,-0.05028,1.44999,1'
b'12-7-2023 12:33:16,9.40023,2.09253,1.1959,1'
b'12-7-2023 12:33:17,6.96892,6.17554,0.73113,1'
b'12-7-2023 12:33:17,4.15184,8.49313,-0.05327,1'
b'12-7-2023 12:33:17,-0.04878,9.16171,1.2809,1'
b'12-7-2023 12:33:17,-0.67876,9.67168,1.69779,1'
b'12-7-2023 12:33:17,1.01365,9.82161,1.18393,1'
b'12-7-2023 12:33:17,0.25079,9.63936,1.22583,1'
b'12-7-2023 12:33:18,0.58957,9.75338,1.29287,1'
b'12-7-2023 12:33:18,0.331,9.8695,1.1995,1'
b'12-7-2023 12:33:18,0,0,0,0'
b'12-7-2023 12:33:18,0,0,0,0'
b'12-7-2023 12:33:18,0,0,0,0'
b'12-7-2023 12:33:19,-0.62489,8.61314,0.85712,1'
b'12-7-2023 12:33:19,7.267,6.14562,1.73011,1'
b'12-7-2023 12:33:19,9.34876,3.38839,1.27012,1'
b'12-7-2023 12:33:19,9.85423,0.92237,1.15281,1'
b'12-7-2023 12:33:19,10.60392,-0.33758,1.01993,1'
b'12-7-2023 12:33:19,9.94521,-0.2873,1.4452,1'
b'12-7-2023 12:33:20,9.786,0.18465,1.45957,1'
b'12-7-2023 12:33:20,11.20995,0.24092,0.61262,1'
b'12-7-2023 12:33:20,7.33164,4.13838,0.61501,1'
b'12-7-2023 12:33:20,4.63458,7.80929,1.34554,1'
b'12-7-2023 12:33:20,0.8257,9.64534,2.33016,1'
b'12-7-2023 12:33:20,0.27234,9.52683,0.68564,1'
b'12-7-2023 12:33:21,0.19573,9.74979,1.80672,1'
b'12-7-2023 12:33:21,0.56802,9.81922,1.61758,1'
b'12-7-2023 12:33:21,0.25678,9.63098,1.50266,1'
b'12-7-2023 12:33:21,0,0,0,0'
b'12-7-2023 12:33:21,0,0,0,0'
b'12-7-2023 12:33:21,0,0,0,0'
b'12-7-2023 12:33:22,0,0,0,0'
b'12-7-2023 12:33:22,-0.65003,9.66809,1.38774,1'
b'12-7-2023 12:33:22,1.41737,7.89668,2.06799,1'
b'12-7-2023 12:33:22,7.3508,5.15741,1.90728,1'
b'12-7-2023 12:33:22,10.53568,1.70796,1.9013,1'
b'12-7-2023 12:33:22,9.99789,0.23972,1.35751,1'
b'12-7-2023 12:33:23,10.00028,-0.39863,1.22703,1'
b'12-7-2023 12:33:23,9.59656,0.23134,1.35153,1'
b'12-7-2023 12:33:23,11.11299,-0.0395,1.41168,1'
b'12-7-2023 12:33:23,9.81473,1.90818,1.38175,1'
b'12-7-2023 12:33:23,5.5758,7.05003,1.06781,1'
b'12-7-2023 12:33:23,1.55623,9.43226,0.17059,1'
b'12-7-2023 12:33:24,0.58598,9.76655,0.25827,1'
b'12-7-2023 12:33:24,0.90351,9.72585,1.42605,1'
b'12-7-2023 12:33:24,0.87478,9.67287,1.52541,1'
b'12-7-2023 12:33:24,0.76944,9.67287,1.00317,1'
b'12-7-2023 12:33:24,0,0,0,0'
b'12-7-2023 12:33:24,0,0,0,0'
b'12-7-2023 12:33:25,0,0,0,0'
b'12-7-2023 12:33:25,0,0,0,0'
b'12-7-2023 12:33:25,-0.88585,9.60584,1.23182,1'
b'12-7-2023 12:33:25,3.41383,7.52677,1.49428,1'
b'12-7-2023 12:33:25,8.48744,4.39575,2.27629,1'
b'12-7-2023 12:33:26,11.24467,1.71275,1.72053,1'
b'12-7-2023 12:33:26,9.96557,-0.0826,1.17914,1'
b'12-7-2023 12:33:26,10.47822,-1.01574,1.34674,1'
b'12-7-2023 12:33:26,9.79677,-0.21428,1.70737,1'
b'12-7-2023 12:33:26,12.11556,-0.61202,1.33716,1'
b'12-7-2023 12:33:26,7.33524,3.95013,0.83079,1'
b'12-7-2023 12:33:27,5.57939,6.6882,0.75627,1'
b'12-7-2023 12:33:27,4.1291,9.17967,1.53498,1'
b'12-7-2023 12:33:27,0.23284,9.09438,0.69522,1'
b'12-7-2023 12:33:27,-0.59496,9.66928,1.59244,1'
b'12-7-2023 12:33:27,0.79098,9.77852,1.72772,1'
b'12-7-2023 12:33:27,0.38008,9.78211,1.51463,1'
b'12-7-2023 12:33:28,0,0,0,0'
b'12-7-2023 12:33:28,0,0,0,0'
b'12-7-2023 12:33:28,0,0,0,0'
b'12-7-2023 12:33:28,0,0,0,0'
b'12-7-2023 12:33:28,0,0,0,0'
b'12-7-2023 12:33:28,2.37445,8.7556,2.03328,1'
b'12-7-2023 12:33:29,6.51612,6.1504,1.21865,1'
b'12-7-2023 12:33:29,9.56304,3.44107,2.27748,1'
b'12-7-2023 12:33:29,11.15249,0.2481,1.06542,1'
b'12-7-2023 12:33:29,10.79216,-0.36152,1.77081,1'
b'12-7-2023 12:33:29,10.06253,0.21219,1.50865,1'
b'12-7-2023 12:33:29,11.37784,0.31035,0.85234,1'
b'12-7-2023 12:33:30,7.17961,4.20901,1.24618,1'
b'12-7-2023 12:33:30,5.48721,7.3098,1.17436,1'
b'12-7-2023 12:33:30,3.6332,8.85615,0.8691,1'
b'12-7-2023 12:33:30,0.64254,9.54957,1.02232,1'
b'12-7-2023 12:33:30,0.25678,9.74141,0.82001,1'
b'12-7-2023 12:33:30,1.06273,9.76415,1.30125,1'
b'12-7-2023 12:33:31,0.79218,9.66689,1.29047,1'
b'12-7-2023 12:33:31,0.85323,9.77373,1.18154,1'
b'12-7-2023 12:33:31,0,0,0,0'
b'12-7-2023 12:33:31,0,0,0,0'
b'12-7-2023 12:33:31,0,0,0,0'
b'12-7-2023 12:33:32,-0.24391,9.619,1.21625,1'
b'12-7-2023 12:33:32,2.55282,8.64427,0.96606,1'
b'12-7-2023 12:33:32,7.68389,6.46674,1.76004,1'
b'12-7-2023 12:33:32,7.69107,3.08433,1.02472,1'
b'12-7-2023 12:33:32,11.99585,-0.66828,1.05345,1'
b'12-7-2023 12:33:32,9.31763,-0.35554,1.1564,1'
b'12-7-2023 12:33:33,9.82191,-0.55456,1.04148,1'
b'12-7-2023 12:33:33,10.57519,-0.03711,1.01873,1'
b'12-7-2023 12:33:33,10.49498,1.48171,1.60082,1'
b'12-7-2023 12:33:33,7.01561,6.41048,0.51685,1'
b'12-7-2023 12:33:33,2.17423,8.23216,1.7337,1'
b'12-7-2023 12:33:33,0.80655,9.83598,1.71215,1'
b'12-7-2023 12:33:34,-0.57581,9.64654,1.00916,1'
b'12-7-2023 12:33:34,0.38487,9.69951,1.16119,1'
b'12-7-2023 12:33:34,0.09038,9.77134,1.1552,1'
b'12-7-2023 12:33:34,0,0,0,0'
b'12-7-2023 12:33:34,0,0,0,0'
b'12-7-2023 12:33:34,0,0,0,0'
b'12-7-2023 12:33:35,0,0,0,0'
b'12-7-2023 12:33:35,-1.15311,9.68993,1.30005,1'
b'12-7-2023 12:33:35,5.25138,6.99017,0.09158,1'
b'12-7-2023 12:33:35,9.09737,4.91919,2.07278,1'
b'12-7-2023 12:33:35,9.07103,2.90207,1.74448,1'
b'12-7-2023 12:33:35,10.67934,0.26127,2.09193,1'
b'12-7-2023 12:33:36,9.92606,0.58688,2.00095,1'
b'12-7-2023 12:33:36,9.98951,0.93075,1.57688,1'
b'12-7-2023 12:33:36,11.50115,0.8278,1.87496,1'
b'12-7-2023 12:33:36,8.96419,3.90105,1.36469,1'
b'12-7-2023 12:33:36,5.68713,7.87992,1.07619,1'
b'12-7-2023 12:33:36,2.8907,8.59159,1.20428,1'
b'12-7-2023 12:33:37,-0.77213,9.65372,1.06303,1'
b'12-7-2023 12:33:37,0.59915,9.87788,0.73352,1'
b'12-7-2023 12:33:37,0.51176,9.70669,0.71557,1'
b'12-7-2023 12:33:37,0.91189,9.72106,0.47615,1'
b'12-7-2023 12:33:37,0,0,0,0'
b'12-7-2023 12:33:38,0,0,0,0'
b'12-7-2023 12:33:38,0,0,0,0'
b'12-7-2023 12:33:38,-0.41629,9.6633,0.75627,1'
b'12-7-2023 12:33:38,2.80062,8.76757,1.16238,1'
b'12-7-2023 12:33:38,6.55562,5.63296,1.10971,1'
b'12-7-2023 12:33:38,11.34552,2.1895,1.01155,1'
b'12-7-2023 12:33:39,9.44094,1.06243,1.02472,1'
b'12-7-2023 12:33:39,10.55723,0.21578,1.31681,1'
b'12-7-2023 12:33:39,10.10323,0.62279,1.15161,1'
b'12-7-2023 12:33:39,10.95138,0.49829,1.12887,1'
b'12-7-2023 12:33:39,9.92247,1.83037,0.87388,1'
b'12-7-2023 12:33:39,7.21553,6.28209,0.10475,1'
b'12-7-2023 12:33:40,3.80918,8.49553,0.76944,1'
b'12-7-2023 12:33:40,1.90728,9.0441,0.48333,1'
b'12-7-2023 12:33:40,-1.05255,10.12568,0.26665,1'
b'12-7-2023 12:33:40,0.65571,9.75458,0.71676,1'
b'12-7-2023 12:33:40,0.4974,9.86591,0.58748,1'
b'12-7-2023 12:33:40,0,0,0,0'
b'12-7-2023 12:33:41,0,0,0,0'
b'12-7-2023 12:33:41,0,0,0,0'
b'12-7-2023 12:33:41,0,0,0,0'
b'12-7-2023 12:33:41,0,0,0,0'
b'12-7-2023 12:33:41,3.15047,8.49553,0.78141,1'
b'12-7-2023 12:33:41,6.74237,6.82587,0.32292,1'
b'12-7-2023 12:33:42,8.23246,3.81127,1.85581,1'
b'12-7-2023 12:33:42,10.98011,1.30095,2.13982,1'
b'12-7-2023 12:33:42,10.10802,0.47315,1.55533,1'
b'12-7-2023 12:33:42,9.7022,0.82301,1.70617,1'
b'12-7-2023 12:33:42,9.51994,0.69851,1.06183,1'
b'12-7-2023 12:33:42,11.12256,1.44101,1.72652,1'
b'12-7-2023 12:33:43,6.34972,5.71436,0.90142,1'
b'12-7-2023 12:33:43,4.61303,8.18907,-0.2903,1'
b'12-7-2023 12:33:43,0.14305,9.23952,0.71198,1'
b'12-7-2023 12:33:43,-0.18286,9.87548,-0.02334,1'
b'12-7-2023 12:33:43,1.50476,9.76296,0.54199,1'
b'12-7-2023 12:33:43,1.05195,9.77972,0.38517,1'
b'12-7-2023 12:33:44,0.76944,9.7019,0.30496,1'
b'12-7-2023 12:33:44,0,0,0,0'
b'12-7-2023 12:33:44,0,0,0,0'
b'12-7-2023 12:33:44,0,0,0,0'
b'12-7-2023 12:33:44,0,0,0,0'
b'12-7-2023 12:33:44,1.61728,8.74362,0.32292,1'
b'12-7-2023 12:33:45,6.40359,6.75165,-0.0844,1'
b'12-7-2023 12:33:45,9.44453,3.1777,1.53019,1'
b'12-7-2023 12:33:45,10.37048,1.29975,1.29766,1'
b'12-7-2023 12:33:45,9.96437,-0.02993,1.54336,1'
b'12-7-2023 12:33:45,10.16788,-0.11372,1.42485,1'
b'12-7-2023 12:33:46,10.05295,0.32591,0.88346,1'
b'12-7-2023 12:33:46,9.73452,1.59424,1.5278,1'
b'12-7-2023 12:33:46,7.25862,5.68563,0.72634,1'
b'12-7-2023 12:33:46,4.60944,8.73884,1.36948,1'
b'12-7-2023 12:33:46,1.78877,9.14256,1.92284,1'
b'12-7-2023 12:33:46,-0.03801,9.75937,0.63776,1'
b'12-7-2023 12:33:47,0.96935,9.68514,0.89304,1'
b'12-7-2023 12:33:47,1.06632,9.77732,1.16238,1'
b'12-7-2023 12:33:47,1.00527,9.78331,0.92057,1'
b'12-7-2023 12:33:47,0,0,0,0'
b'12-7-2023 12:33:47,0,0,0,0'
b'12-7-2023 12:33:47,0,0,0,0'
b'12-7-2023 12:33:48,0,0,0,0'
b'12-7-2023 12:33:48,-0.4558,9.6214,0.70958,1'
b'12-7-2023 12:33:48,4.79499,8.04182,1.41288,1'
b'12-7-2023 12:33:48,7.75213,5.70718,1.18633,1'
b'12-7-2023 12:33:48,9.07103,2.91404,1.16957,1'
b'12-7-2023 12:33:48,11.19798,-0.60124,1.17555,1'
b'12-7-2023 12:33:49,9.01327,0.23852,0.62339,1'
b'12-7-2023 12:33:49,10.26155,-0.13048,1.3216,1'
b'12-7-2023 12:33:49,9.9081,0.29718,0.77782,1'
b'12-7-2023 12:33:49,12.3442,0.31274,1.4452,1'
b'12-7-2023 12:33:49,8.714,3.48416,1.17675,1'
b'12-7-2023 12:33:49,6.06451,7.06679,0.3696,1'
b'12-7-2023 12:33:50,1.97671,8.56645,2.76141,1'
b'12-7-2023 12:33:50,-0.35524,9.48852,0.58029,1'
b'12-7-2023 12:33:50,1.27372,9.86112,1.03908,1'
b'12-7-2023 12:33:50,0.9095,9.70549,0.55156,1'
b'12-7-2023 12:33:50,0,0,0,0'
b'12-7-2023 12:33:50,0,0,0,0'
b'12-7-2023 12:33:51,0,0,0,0'
b'12-7-2023 12:33:51,0,0,0,0'
b'12-7-2023 12:33:51,2.56479,8.62631,0.97205,1'
b'12-7-2023 12:33:51,7.04434,6.20308,2.19129,1'
b'12-7-2023 12:33:51,8.78463,3.78134,1.63434,1'
b'12-7-2023 12:33:52,10.09605,1.11031,1.46794,1'
b'12-7-2023 12:33:52,10.35373,0.28521,2.10031,1'
b'12-7-2023 12:33:52,10.12119,0.25169,2.05004,1'
b'12-7-2023 12:33:52,9.61571,0.17627,1.18393,1'
b'12-7-2023 12:33:52,10.13076,0.50188,1.4859,1'
b'12-7-2023 12:33:52,10.52371,2.34632,1.60681,1'
b'12-7-2023 12:33:53,6.13394,6.95665,1.08816,1'
b'12-7-2023 12:33:53,3.86783,8.97945,1.38894,1'
b'12-7-2023 12:33:53,1.3611,8.90523,0.46058,1'
b'12-7-2023 12:33:53,-0.51954,9.84196,0.78739,1'
b'12-7-2023 12:33:53,0.31304,9.71627,0.85353,1'
b'12-7-2023 12:33:53,0.7443,9.76056,0.92416,1'
b'12-7-2023 12:33:54,0,0,0,0'
b'12-7-2023 12:33:54,0,0,0,0'
b'12-7-2023 12:33:54,0,0,0,0'
b'12-7-2023 12:33:54,-0.48333,9.60703,0.9517,1'
b'12-7-2023 12:33:54,2.44029,8.87291,1.34315,1'
b'12-7-2023 12:33:54,6.17584,6.88961,0.28222,1'
b'12-7-2023 12:33:55,9.2099,4.2114,1.61519,1'
b'12-7-2023 12:33:55,9.77762,1.70437,1.35632,1'
b'12-7-2023 12:33:55,10.78498,0.21937,1.76602,1'
b'12-7-2023 12:33:55,9.72255,-0.08739,1.09535,1'
b'12-7-2023 12:33:55,9.71298,-0.16281,0.99958,1'
b'12-7-2023 12:33:55,10.52491,-0.1664,1.00197,1'
b'12-7-2023 12:33:56,10.68891,1.1977,1.35512,1'
b'12-7-2023 12:33:56,7.018,5.67725,0.89783,1'
b'12-7-2023 12:33:56,5.328,8.2585,0.87628,1'
b'12-7-2023 12:33:56,0.66768,8.83221,0.7838,1'
b'12-7-2023 12:33:56,-0.47136,9.97005,0.56354,1'
b'12-7-2023 12:33:56,1.18244,9.68395,1.19351,1'
b'12-7-2023 12:33:57,0,0,0,0'
b'12-7-2023 12:33:57,0,0,0,0'
b'12-7-2023 12:33:57,0,0,0,0'
b'12-7-2023 12:33:57,0,0,0,0'
b'12-7-2023 12:33:57,-0.65841,9.66569,0.67367,1'
b'12-7-2023 12:33:57,5.492,7.57825,0.85473,1'
b'12-7-2023 12:33:58,8.2169,5.16699,1.15041,1'
b'12-7-2023 12:33:58,10.52012,2.13683,1.32758,1'
b'12-7-2023 12:33:58,9.88177,0.14635,1.25576,1'
b'12-7-2023 12:33:58,9.90332,0.63596,1.26534,1'
b'12-7-2023 12:33:58,9.88656,0.25528,1.13246,1'
b'12-7-2023 12:33:58,10.92025,0.39893,1.27012,1'
b'12-7-2023 12:33:59,10.40759,1.91656,1.13485,1'
b'12-7-2023 12:33:59,7.16764,5.50726,0.57191,1'
b'12-7-2023 12:33:59,4.85365,7.73866,1.7325,1'
b'12-7-2023 12:33:59,2.38881,9.4131,0.59227,1'
b'12-7-2023 12:33:59,0.92985,9.47775,0.37798,1'
b'12-7-2023 12:34:0,1.01005,9.56274,1.07619,1'
b'12-7-2023 12:34:0,1.69749,9.72704,0.84635,1'
b'12-7-2023 12:34:0,0,0,0,0'
b'12-7-2023 12:34:0,0,0,0,0'
b'12-7-2023 12:34:0,0,0,0,0'
b'12-7-2023 12:34:0,0,0,0,0'
b'12-7-2023 12:34:1,2.27,8.6706,1.11091,1'
b'12-7-2023 12:34:1,6.46225,6.12527,1.24738,1'
b'12-7-2023 12:34:1,9.66509,2.8889,1.08457,1'
b'12-7-2023 12:34:1,10.56441,0.05028,1.70976,1'
b'12-7-2023 12:34:1,10.35373,-0.21907,1.32639,1'
b'12-7-2023 12:34:1,10.08767,0.00718,1.64871,1'
b'12-7-2023 12:34:2,10.90709,0.05866,1.76243,1'
b'12-7-2023 12:34:2,9.2075,2.96941,1.80433,1'
b'12-7-2023 12:34:2,6.92104,6.51462,0.56713,1'
b'12-7-2023 12:34:2,2.36846,8.40455,2.12545,1'
b'12-7-2023 12:34:2,0.52972,9.75099,0.10235,1'
b'12-7-2023 12:34:2,0.97654,9.76296,0.42228,1'
b'12-7-2023 12:34:3,0.99689,9.71986,0.61262,1'
b'12-7-2023 12:34:3,1.0304,9.71387,0.59825,1'
b'12-7-2023 12:34:3,1.06273,9.71028,0.49291,1'
b'12-7-2023 12:34:3,0,0,0,0'
b'12-7-2023 12:34:3,0,0,0,0'
b'12-7-2023 12:34:4,0,0,0,0'
b'12-7-2023 12:34:4,0,0,0,0'
b'12-7-2023 12:34:4,0,0,0,0'
b'12-7-2023 12:34:4,4.53013,6.48709,0.64015,1'
b'12-7-2023 12:34:4,9.68305,3.81726,1.10852,1'
b'12-7-2023 12:34:4,10.3645,0.77033,0.96606,1'
b'12-7-2023 12:34:5,10.66138,-0.51266,1.68821,1'
b'12-7-2023 12:34:5,9.6208,-0.49829,0.98402,1'
b'12-7-2023 12:34:5,9.61571,0.01197,1.66068,1'
b'12-7-2023 12:34:5,12.19098,-0.4118,1.47393,1'
b'12-7-2023 12:34:5,9.31045,2.25654,1.68342,1'
b'12-7-2023 12:34:5,5.88854,6.154,0.49889,1'
b'12-7-2023 12:34:6,3.51589,8.26449,2.60938,1'
b'12-7-2023 12:34:6,0.75866,9.27304,0.04489,1'
b'12-7-2023 12:34:6,-0.44383,9.59746,0.62219,1'
b'12-7-2023 12:34:6,0.65212,9.84915,0.87388,1'
b'12-7-2023 12:34:6,0.8652,9.69233,0.94691,1'
b'12-7-2023 12:34:6,0.40642,9.8288,0.95529,1'
b'12-7-2023 12:34:7,0,0,0,0'
b'12-7-2023 12:34:7,0,0,0,0'
b'12-7-2023 12:34:7,0,0,0,0'
b'12-7-2023 12:34:7,0,0,0,0'
b'12-7-2023 12:34:7,-2.10989,9.54957,0.80056,1'
b'12-7-2023 12:34:7,5.67037,7.73267,1.69539,1'
b'12-7-2023 12:34:8,8.39048,5.07242,1.36829,1'
b'12-7-2023 12:34:8,9.71896,2.50104,1.26653,1'
b'12-7-2023 12:34:8,10.4459,-0.23583,1.28569,1'
b'12-7-2023 12:34:8,9.69981,-0.11133,1.16119,1'
b'12-7-2023 12:34:8,9.76565,0.0012,1.28928,1'
b'12-7-2023 12:34:9,9.58818,0.01317,1.08218,1'
b'12-7-2023 12:34:9,12.1407,0.82301,2.1458,1'
b'12-7-2023 12:34:9,6.62027,5.72513,0.96486,1'
b'12-7-2023 12:34:9,3.78044,8.62391,1.72053,1'
b'12-7-2023 12:34:9,-0.21877,9.56753,0.32412,1'
b'12-7-2023 12:34:9,-0.03561,9.69951,1.01155,1'
b'12-7-2023 12:34:10,0.66529,9.80007,1.26534,1'
b'12-7-2023 12:34:10,0.60633,9.619,0.76345,1'
b'12-7-2023 12:34:10,0,0,0,0'
b'12-7-2023 12:34:10,0,0,0,0'
b'12-7-2023 12:34:10,0,0,0,0'
b'12-7-2023 12:34:10,0,0,0,0'
b'12-7-2023 12:34:11,3.56616,9.0034,1.0726,1'
b'12-7-2023 12:34:11,4.85604,6.98538,0.02334,1'
b'12-7-2023 12:34:11,9.17757,3.52756,1.24977,1'
b'12-7-2023 12:34:11,10.26753,1.64571,1.39133,1'
b'12-7-2023 12:34:11,10.47942,-0.22386,1.05704,1'
b'12-7-2023 12:34:11,10.02542,0.34985,1.67744,1'
b'12-7-2023 12:34:12,9.91648,0.10774,1.15999,1'
b'12-7-2023 12:34:12,12.53245,0.30556,1.55294,1'
b'12-7-2023 12:34:12,7.13532,5.18644,0.5767,1'
b'12-7-2023 12:34:12,3.90255,8.42011,0.74669,1'
b'12-7-2023 12:34:12,2.00544,8.73524,0.63416,1'
b'12-7-2023 12:34:13,-0.56503,9.59746,1.58287,1'
b'12-7-2023 12:34:13,-0.10744,9.60943,1.17196,1'
b'12-7-2023 12:34:13,0.58119,9.84196,1.18872,1'
b'12-7-2023 12:34:13,0.37529,9.88626,1.55533,1'
b'12-7-2023 12:34:13,0,0,0,0'
b'12-7-2023 12:34:13,-0.28581,9.85154,1.06901,1'
b'12-7-2023 12:34:14,1.23182,8.96988,0.22805,1'
b'12-7-2023 12:34:14,4.85724,7.85837,1.56132,1'
b'12-7-2023 12:34:14,7.31967,5.50487,0.93494,1'
b'12-7-2023 12:34:14,9.4541,2.83384,1.32758,1'
b'12-7-2023 12:34:14,8.79779,-0.11372,1.16957,1'
b'12-7-2023 12:34:14,9.47805,0.01437,1.48949,1'
b'12-7-2023 12:34:15,10.33816,-0.07901,1.44759,1'
b'12-7-2023 12:34:15,11.8088,0.29359,1.81271,1'
b'12-7-2023 12:34:15,6.29705,5.42227,1.22823,1'
b'12-7-2023 12:34:15,2.88831,8.32793,2.08355,1'
b'12-7-2023 12:34:15,-0.19842,9.88865,1.64751,1'
b'12-7-2023 12:34:15,-0.59017,9.80605,0.77063,1'
b'12-7-2023 12:34:16,0.19692,9.80007,1.47154,1'
b'12-7-2023 12:34:16,0.03741,9.74261,1.07021,1'
b'12-7-2023 12:34:16,0,0,0,0'
b'12-7-2023 12:34:16,0,0,0,0'
b'12-7-2023 12:34:16,0,0,0,0'
b'12-7-2023 12:34:16,0,0,0,0'
b'12-7-2023 12:34:17,0,0,0,0'
b'12-7-2023 12:34:17,0,0,0,0'
b'12-7-2023 12:34:17,0,0,0,0'
b'12-7-2023 12:34:17,-1.30035,9.27065,1.9806,1'
b'12-7-2023 12:34:17,7.62164,4.69413,-0.05686,1'
b'12-7-2023 12:34:18,10.83885,2.18231,1.1169,1'
b'12-7-2023 12:34:18,9.87099,0.1221,1.04746,1'
b'12-7-2023 12:34:18,10.20648,-0.68265,1.22463,1'
b'12-7-2023 12:34:18,9.68904,-0.72574,1.24618,1'
b'12-7-2023 12:34:18,10.18134,-0.67187,0.47854,1'
b'12-7-2023 12:34:18,11.03278,-0.02753,1.47632,1'
b'12-7-2023 12:34:19,7.16405,4.92757,0.32052,1'
b'12-7-2023 12:34:19,4.89315,7.54233,1.75285,1'
b'12-7-2023 12:34:19,0.47226,9.70071,0.6186,1'
b'12-7-2023 12:34:19,-0.67277,9.62379,1.41527,1'
b'12-7-2023 12:34:19,0.23882,9.8695,0.66649,1'
b'12-7-2023 12:34:19,0.53211,9.77493,1.09774,1'
b'12-7-2023 12:34:20,0.33459,9.81563,1.35751,1'
b'12-7-2023 12:34:20,0,0,0,0'
b'12-7-2023 12:34:20,0,0,0,0'
b'12-7-2023 12:34:20,0,0,0,0'
b'12-7-2023 12:34:20,0,0,0,0'
b'12-7-2023 12:34:20,0,0,0,0'
b'12-7-2023 12:34:21,4.88357,7.61536,1.54336,1'
b'12-7-2023 12:34:21,7.92211,4.50948,1.17675,1'
b'12-7-2023 12:34:21,9.98951,0.72604,1.72412,1'
b'12-7-2023 12:34:21,10.8197,-0.7425,0.91818,1'
b'12-7-2023 12:34:21,9.99908,-0.59406,1.20787,1'
b'12-7-2023 12:34:21,9.58698,-0.2059,0.93613,1'
b'12-7-2023 12:34:22,10.16428,-0.3304,0.98282,1'
b'12-7-2023 12:34:22,11.96592,0.80385,1.33118,1'
b'12-7-2023 12:34:22,7.59171,4.86292,0.60304,1'
b'12-7-2023 12:34:22,4.97096,8.08253,2.04525,1'
b'12-7-2023 12:34:22,0.49979,9.01656,-0.35165,1'
b'12-7-2023 12:34:23,0.28671,9.76415,1.44999,1'
b'12-7-2023 12:34:23,0.89872,9.54478,1.13246,1'
b'12-7-2023 12:34:23,0.59316,9.75218,1.41048,1'
b'12-7-2023 12:34:23,0.83528,9.7881,0.89663,1'
b'12-7-2023 12:34:23,0,0,0,0'
b'12-7-2023 12:34:23,0,0,0,0'
b'12-7-2023 12:34:24,0,0,0,0'
b'12-7-2023 12:34:24,0,0,0,0'
b'12-7-2023 12:34:24,0,0,0,0'
b'12-7-2023 12:34:24,0,0,0,0'
b'12-7-2023 12:34:24,-0.55905,9.45141,0.69761,1'
b'12-7-2023 12:34:24,5.42736,6.79834,0.71557,1'
b'12-7-2023 12:34:25,8.37013,3.73346,0.7838,1'
b'12-7-2023 12:34:25,10.66976,0.75118,1.04507,1'
b'12-7-2023 12:34:25,11.19559,-1.26713,1.33118,1'
b'12-7-2023 12:34:25,9.89733,-0.62399,1.36589,1'
b'12-7-2023 12:34:25,9.84945,-0.33399,1.18513,1'
b'12-7-2023 12:34:25,11.87973,-0.23583,0.7419,1'
b'12-7-2023 12:34:26,8.39407,3.46501,1.16837,1'
b'12-7-2023 12:34:26,5.83108,6.54455,0.55516,1'
b'12-7-2023 12:34:26,1.69629,9.42986,1.74448,1'
b'12-7-2023 12:34:26,0.2484,9.8695,-0.32531,1'
b'12-7-2023 12:34:26,0.29868,9.68395,0.57551,1'
b'12-7-2023 12:34:26,1.29407,9.68754,0.94451,1'
b'12-7-2023 12:34:27,0.58119,9.77134,0.75627,1'
b'12-7-2023 12:34:27,0,0,0,0'
b'12-7-2023 12:34:27,0,0,0,0'
b'12-7-2023 12:34:27,0,0,0,0'
b'12-7-2023 12:34:27,0,0,0,0'
b'12-7-2023 12:34:28,-0.69192,9.7462,0.35045,1'
b'12-7-2023 12:34:28,3.68109,8.69694,1.13365,1'
b'12-7-2023 12:34:28,5.77841,6.59004,-0.67965,1'
b'12-7-2023 12:34:28,9.90212,2.86855,1.16598,1'
b'12-7-2023 12:34:28,10.34894,0.22655,1.34315,1'
b'12-7-2023 12:34:28,10.22923,-0.37469,1.26653,1'
b'12-7-2023 12:34:29,10.20169,-0.17119,1.1564,1'
b'12-7-2023 12:34:29,9.84705,-0.04429,1.30604,1'
b'12-7-2023 12:34:29,11.23988,-0.2059,1.46076,1'
b'12-7-2023 12:34:29,9.56783,1.98,1.14323,1'
b'12-7-2023 12:34:29,5.96276,6.96743,0.80415,1'
b'12-7-2023 12:34:29,5.67156,7.36486,0.42228,1'
b'12-7-2023 12:34:30,1.04477,9.86591,1.29407,1'
b'12-7-2023 12:34:30,-0.10864,9.64773,0.30496,1'
b'12-7-2023 12:34:30,0.51176,9.79887,0.82001,1'
b'12-7-2023 12:34:30,0,0,0,0'
b'12-7-2023 12:34:30,0,0,0,0'
b'12-7-2023 12:34:30,0,0,0,0'
b'12-7-2023 12:34:31,0,0,0,0'
b'12-7-2023 12:34:31,-0.60334,9.43226,0.44143,1'
b'12-7-2023 12:34:31,5.58537,7.09432,1.48111,1'
b'12-7-2023 12:34:31,8.31027,4.99939,1.01275,1'
b'12-7-2023 12:34:31,9.60254,2.60878,1.44759,1'
b'12-7-2023 12:34:32,10.38246,-0.14844,1.15999,1'
b'12-7-2023 12:34:32,9.80515,0.13198,1.17675,1'
b'12-7-2023 12:34:32,9.93444,-0.20949,0.88705,1'
b'12-7-2023 12:34:32,9.9081,0.2481,1.70018,1'
b'12-7-2023 12:34:32,11.03039,-0.03591,1.78637,1'
b'12-7-2023 12:34:32,8.32823,3.47339,1.46076,1'
b'12-7-2023 12:34:33,7.05392,6.52779,1.00556,1'
b'12-7-2023 12:34:33,3.83072,8.44166,0.00778,1'
b'12-7-2023 12:34:33,0.15263,9.33888,0.70599,1'
b'12-7-2023 12:34:33,-0.38517,9.87668,0.73831,1'
b'12-7-2023 12:34:33,1.06512,9.83957,1.10492,1'
b'12-7-2023 12:34:33,0,0,0,0'
b'12-7-2023 12:34:34,0,0,0,0'
b'12-7-2023 12:34:34,0,0,0,0'
b'12-7-2023 12:34:34,0,0,0,0'
b'12-7-2023 12:34:34,0,0,0,0'
b'12-7-2023 12:34:34,1.89292,8.78193,0.46058,1'
b'12-7-2023 12:34:34,5.06912,7.05721,1.0307,1'
b'12-7-2023 12:34:35,9.44812,3.69994,1.39732,1'
b'12-7-2023 12:34:35,9.95,0.68265,0.536,1'
b'12-7-2023 12:34:35,10.49498,-0.26217,1.35751,1'
b'12-7-2023 12:34:35,10.22564,-0.4552,0.88945,1'
b'12-7-2023 12:34:35,10.00028,-0.1664,1.12408,1'
b'12-7-2023 12:34:35,11.61726,-0.58688,0.21368,1'
b'12-7-2023 12:34:36,9.88656,2.07218,0.87269,1'
b'12-7-2023 12:34:36,7.79283,5.55275,0.69402,1'
b'12-7-2023 12:34:36,5.71616,6.97341,0.57551,1'
b'12-7-2023 12:34:36,1.57658,9.48373,0.18974,1'
b'12-7-2023 12:34:36,-0.22476,10.10892,0.3301,1'
b'12-7-2023 12:34:36,-0.01885,9.93294,1.32878,1'
b'12-7-2023 12:34:37,0.71078,9.67527,1.14443,1'
b'12-7-2023 12:34:37,0,0,0,0'
b'12-7-2023 12:34:37,0,0,0,0'
b'12-7-2023 12:34:37,0,0,0,0'
b'12-7-2023 12:34:37,0,0,0,0'
b'12-7-2023 12:34:37,-0.70988,9.88626,0.93972,1'
b'12-7-2023 12:34:38,1.20309,9.06804,0.21009,1'
b'12-7-2023 12:34:38,6.77828,6.57687,1.0331,1'
b'12-7-2023 12:34:38,7.99065,4.30956,0.55875,1'
b'12-7-2023 12:34:38,10.08288,1.81331,0.31454,1'
b'12-7-2023 12:34:38,10.1559,-0.44083,0.63297,1'
b'12-7-2023 12:34:38,9.94761,-0.52822,0.9098,1'
b'12-7-2023 12:34:39,9.65312,-0.54019,0.42826,1'
b'12-7-2023 12:34:39,11.40897,-0.55097,1.11211,1'
b'12-7-2023 12:34:39,9.55466,1.22164,0.82361,1'
b'12-7-2023 12:34:39,6.61668,5.43783,0.38756,1'
b'12-7-2023 12:34:39,5.37708,7.93498,1.38534,1'
b'12-7-2023 12:34:39,2.79703,9.42029,0.47256,1'
b'12-7-2023 12:34:40,1.0328,9.41909,-0.58149,1'
b'12-7-2023 12:34:40,-0.09786,9.90661,0.61262,1'
b'12-7-2023 12:34:40,0,0,0,0'
b'12-7-2023 12:34:40,0,0,0,0'
b'12-7-2023 12:34:40,0,0,0,0'
b'12-7-2023 12:34:41,0,0,0,0'
b'12-7-2023 12:34:41,0,0,0,0'
b'12-7-2023 12:34:41,0,0,0,0'
b'12-7-2023 12:34:41,4.31944,8.09091,0.69761,1'
b'12-7-2023 12:34:41,7.66354,5.46776,1.20309,1'
b'12-7-2023 12:34:41,9.34876,2.94786,1.50865,1'
b'12-7-2023 12:34:42,10.48541,-0.33399,0.57191,1'
b'12-7-2023 12:34:42,9.61092,0.05746,0.9912,1'
b'12-7-2023 12:34:42,9.76445,-0.31603,0.83558,1'
b'12-7-2023 12:34:42,9.99789,0.01437,1.51463,1'
b'12-7-2023 12:34:42,10.63624,-0.25857,0.54199,1'
b'12-7-2023 12:34:42,10.62307,1.49488,1.16837,1'
b'12-7-2023 12:34:43,6.46345,6.4009,1.91805,1'
b'12-7-2023 12:34:43,4.50978,8.91002,0.92416,1'
b'12-7-2023 12:34:43,1.56102,8.89685,1.10014,1'
b'12-7-2023 12:34:43,-0.97923,10.363,0.72155,1'
b'12-7-2023 12:34:43,-0.77812,9.75099,1.09535,1'
b'12-7-2023 12:34:43,0.43155,9.8276,1.41168,1'
b'12-7-2023 12:34:44,0,0,0,0'
b'12-7-2023 12:34:44,0,0,0,0'
b'12-7-2023 12:34:44,0,0,0,0'
b'12-7-2023 12:34:44,0,0,0,0'
b'12-7-2023 12:34:44,1.2797,9.11353,1.25576,1'
b'12-7-2023 12:34:45,6.04895,7.55431,0.05088,1'
b'12-7-2023 12:34:45,9.10096,4.06895,1.74208,1'
b'12-7-2023 12:34:45,9.3727,2.57167,0.99359,1'
b'12-7-2023 12:34:45,10.85561,0.40851,1.57928,1'
b'12-7-2023 12:34:45,8.87321,0.64554,1.34315,1'
b'12-7-2023 12:34:45,9.76685,0.5354,1.50865,1'
b'12-7-2023 12:34:46,10.09246,0.82181,1.76722,1'
b'12-7-2023 12:34:46,10.92025,2.14999,1.96384,1'
b'12-7-2023 12:34:46,7.96671,5.08558,1.20907,1'
b'12-7-2023 12:34:46,6.71125,7.00214,0.53361,1'
b'12-7-2023 12:34:46,2.78506,8.99382,0.17298,1'
b'12-7-2023 12:34:46,0.08679,8.99142,1.04866,1'
b'12-7-2023 12:34:47,-0.19004,9.96287,-0.19573,1'
b'12-7-2023 12:34:47,0.75028,9.84077,1.09056,1'
b'12-7-2023 12:34:47,0,0,0,0'
b'12-7-2023 12:34:47,0,0,0,0'
b'12-7-2023 12:34:47,0,0,0,0'
b'12-7-2023 12:34:47,0,0,0,0'
b'12-7-2023 12:34:48,0,0,0,0'
b'12-7-2023 12:34:48,3.58891,8.85495,1.25456,1'
b'12-7-2023 12:34:48,6.4,6.58765,0.44622,1'
b'12-7-2023 12:34:48,8.28753,4.97784,1.26294,1'
b'12-7-2023 12:34:48,9.91888,2.40647,1.1576,1'
b'12-7-2023 12:34:48,11.13693,-0.0826,1.10492,1'
b'12-7-2023 12:34:49,9.91289,0.0431,1.31442,1'
b'12-7-2023 12:34:49,9.60853,0.17148,0.79098,1'
b'12-7-2023 12:34:49,10.27232,0.44802,1.1983,1'
b'12-7-2023 12:34:49,11.21474,1.4853,1.43682,1'
b'12-7-2023 12:34:49,8.10318,4.50469,1.40809,1'
b'12-7-2023 12:34:49,5.39503,7.8045,0.87149,1'
b'12-7-2023 12:34:50,2.45705,8.77834,1.05105,1'
b'12-7-2023 12:34:50,-0.23792,10.0335,0.85832,1'
b'12-7-2023 12:34:50,0.51415,9.94851,0.85593,1'
b'12-7-2023 12:34:50,0.98611,9.77732,0.63536,1'
b'12-7-2023 12:34:50,0,0,0,0'
b'12-7-2023 12:34:50,0,0,0,0'
b'12-7-2023 12:34:51,0,0,0,0'
b'12-7-2023 12:34:51,0,0,0,0'
b'12-7-2023 12:34:51,2.58275,8.7125,1.04746,1'
b'12-7-2023 12:34:51,7.22391,6.24857,1.04866,1'
b'12-7-2023 12:34:51,8.77385,4.72406,1.15401,1'
b'12-7-2023 12:34:52,9.50678,1.64093,1.41168,1'
b'12-7-2023 12:34:52,10.9849,-0.16041,1.43562,1'
b'12-7-2023 12:34:52,10.20169,-0.0012,1.21386,1'
b'12-7-2023 12:34:52,9.56065,0.38936,0.9493,1'
b'12-7-2023 12:34:52,9.90451,0.26127,1.35153,1'
b'12-7-2023 12:34:52,11.05313,0.49949,1.08936,1'
b'12-7-2023 12:34:53,7.75452,4.37062,0.58508,1'
b'12-7-2023 12:34:53,6.33416,6.73848,0.90261,1'
b'12-7-2023 12:34:53,3.95402,8.9591,0.65332,1'
b'12-7-2023 12:34:53,0.78859,8.99382,0.99958,1'
b'12-7-2023 12:34:53,-0.32412,9.69712,-0.36003,1'
b'12-7-2023 12:34:53,0.52972,9.80007,1.23182,1'
b'12-7-2023 12:34:54,0,0,0,0'
b'12-7-2023 12:34:54,0,0,0,0'
b'12-7-2023 12:34:54,0,0,0,0'
b'12-7-2023 12:34:54,0,0,0,0'
b'12-7-2023 12:34:54,-0.77093,8.6718,0.76106,1'
b'12-7-2023 12:34:54,8.91391,6.13125,1.47154,1'
b'12-7-2023 12:34:55,8.14268,3.65206,1.80912,1'
b'12-7-2023 12:34:55,9.88177,0.58688,1.46076,1'
b'12-7-2023 12:34:55,10.08288,-0.09337,1.33956,1'
b'12-7-2023 12:34:55,9.28172,0.50667,1.55653,1'
b'12-7-2023 12:34:55,9.73812,0.37379,1.26174,1'
b'12-7-2023 12:34:56,10.75625,1.39432,1.33237,1'
b'12-7-2023 12:34:56,7.94157,4.23893,1.16598,1'
b'12-7-2023 12:34:56,6.63822,6.89081,1.17316,1'
b'12-7-2023 12:34:56,4.2536,8.48116,0.95529,1'
b'12-7-2023 12:34:56,0.62668,10.01794,0.4534,1'
b'12-7-2023 12:34:56,0.06015,9.67647,1.46076,1'
b'12-7-2023 12:34:57,0.87119,9.68874,0.77303,1'
b'12-7-2023 12:34:57,0.78859,9.80485,0.78739,1'
b'12-7-2023 12:34:57,0,0,0,0'
b'12-7-2023 12:34:57,0,0,0,0'
b'12-7-2023 12:34:57,0,0,0,0'
b'12-7-2023 12:34:57,0,0,0,0'
b'12-7-2023 12:34:58,0,0,0,0'
b'12-7-2023 12:34:58,5.40581,7.54353,1.36948,1'
b'12-7-2023 12:34:58,8.23127,5.70838,0.18735,1'
b'12-7-2023 12:34:58,9.01327,3.90225,1.2797,1'
b'12-7-2023 12:34:58,11.08066,0.3726,1.14084,1'
b'12-7-2023 12:34:58,10.41478,-0.22625,1.37337,1'
b'12-7-2023 12:34:59,10.33936,-0.19034,1.16957,1'
b'12-7-2023 12:34:59,10.62427,0.12809,1.18992,1'
b'12-7-2023 12:34:59,10.84124,1.67205,1.79236,1'
b'12-7-2023 12:34:59,8.02536,4.80427,0.57431,1'
b'12-7-2023 12:34:59,7.50433,6.41407,0.52164,1'
b'12-7-2023 12:34:59,4.82132,8.5458,0.62459,1'
b'12-7-2023 12:35:0,1.09385,8.92678,1.80553,1'
b'12-7-2023 12:35:0,-0.96486,10.01794,-0.01736,1'
b'12-7-2023 12:35:0,0.54408,9.84915,1.90728,1'
b'12-7-2023 12:35:0,0.52732,9.77852,0.94451,1'
b'12-7-2023 12:35:0,0,0,0,0'
b'12-7-2023 12:35:0,0,0,0,0'
b'12-7-2023 12:35:1,0,0,0,0'
b'12-7-2023 12:35:1,0,0,0,0'
b'12-7-2023 12:35:1,2.80541,8.41412,0.81642,1'
b'12-7-2023 12:35:1,6.58316,6.87046,0.64973,1'
b'12-7-2023 12:35:1,8.79779,4.40773,0.8248,1'
b'12-7-2023 12:35:2,9.6639,1.70796,1.4033,1'
b'12-7-2023 12:35:2,10.97053,-0.2071,1.4452,1'
b'12-7-2023 12:35:2,9.93324,0.0395,0.68444,1'
b'12-7-2023 12:35:2,9.8279,0.3726,1.16957,1'
b'12-7-2023 12:35:2,11.41017,0.10295,1.4057,1'
b'12-7-2023 12:35:2,9.69023,2.23259,1.24259,1'
b'12-7-2023 12:35:3,8.07804,5.35403,1.46794,1'
b'12-7-2023 12:35:3,6.70526,6.69898,0.18136,1'
b'12-7-2023 12:35:3,5.00568,9.11503,1.00556,1'
b'12-7-2023 12:35:3,0.78141,8.95791,1.45478,1'
b'12-7-2023 12:35:3,-0.90501,9.87429,-0.3313,1'
b'12-7-2023 12:35:3,0.99808,9.93414,1.30005,1'
b'12-7-2023 12:35:4,0,0,0,0'
b'12-7-2023 12:35:4,0,0,0,0'
b'12-7-2023 12:35:4,0,0,0,0'
b'12-7-2023 12:35:4,-0.51356,10.1173,1.03789,1'
b'12-7-2023 12:35:4,3.27617,8.03584,0.59705,1'
b'12-7-2023 12:35:4,7.88979,5.31932,0.60903,1'
b'12-7-2023 12:35:5,8.69005,3.81247,0.77542,1'
b'12-7-2023 12:35:5,10.0338,1.00137,1.26893,1'
b'12-7-2023 12:35:5,10.89392,-0.25738,1.74088,1'
b'12-7-2023 12:35:5,9.57381,0.23972,1.06422,1'
b'12-7-2023 12:35:5,9.79797,0.44562,1.30484,1'
b'12-7-2023 12:35:5,10.31542,0.57371,1.8175,1'
b'12-7-2023 12:35:6,9.50917,3.45423,2.69318,1'
b'12-7-2023 12:35:6,7.12215,6.42723,0.64733,1'
b'12-7-2023 12:35:6,5.10504,8.1328,2.65846,1'
b'12-7-2023 12:35:6,0.80056,8.97227,0.39115,1'
b'12-7-2023 12:35:6,0.09756,9.5807,0.58628,1'
b'12-7-2023 12:35:6,1.30484,9.7438,1.17076,1'
b'12-7-2023 12:35:7,0,0,0,0'
b'12-7-2023 12:35:7,0,0,0,0'
b'12-7-2023 12:35:7,0,0,0,0'
b'12-7-2023 12:35:7,0,0,0,0'
b'12-7-2023 12:35:7,0,0,0,0'
b'12-7-2023 12:35:7,0.7012,8.65504,0.16819,1'
b'12-7-2023 12:35:8,6.63224,6.07858,1.35033,1'
b'12-7-2023 12:35:8,9.53072,3.26749,0.81163,1'
b'12-7-2023 12:35:8,8.85885,2.21823,1.51942,1'
b'12-7-2023 12:35:8,11.39341,-0.32801,1.23062,1'
b'12-7-2023 12:35:8,9.49002,0.32711,1.25935,1'
b'12-7-2023 12:35:8,8.77744,0.81942,1.24618,1'
b'12-7-2023 12:35:9,10.39562,1.88424,1.7349,1'
b'12-7-2023 12:35:9,8.18937,4.30238,1.28808,1'
b'12-7-2023 12:35:9,7.29334,6.44759,0.84276,1'
b'12-7-2023 12:35:9,4.99011,7.40317,0.44023,1'
b'12-7-2023 12:35:9,0.17178,10.04787,0.11791,1'
b'12-7-2023 12:35:10,-0.35524,9.59267,0.71796,1'
b'12-7-2023 12:35:10,1.17765,9.79408,0.80894,1'
b'12-7-2023 12:35:10,0.96576,9.73063,1.48231,1'
b'12-7-2023 12:35:10,0,0,0,0'
b'12-7-2023 12:35:10,0,0,0,0'
b'12-7-2023 12:35:10,0,0,0,0'
b'12-7-2023 12:35:11,-0.72664,9.83598,1.37068,1'
b'12-7-2023 12:35:11,2.55641,8.77714,1.16478,1'
b'12-7-2023 12:35:11,6.03578,5.64253,-0.67008,1'
b'12-7-2023 12:35:11,11.03398,1.9393,1.32519,1'
b'12-7-2023 12:35:11,9.97754,0.2457,0.17538,1'
b'12-7-2023 12:35:11,9.40622,0.33429,1.29407,1'
b'12-7-2023 12:35:12,10.86399,0.10534,0.85832,1'
b'12-7-2023 12:35:12,10.62188,1.88783,1.64392,1'
b'12-7-2023 12:35:12,8.72597,4.20422,1.35272,1'
b'12-7-2023 12:35:12,6.22852,7.516,0.07003,1'
b'12-7-2023 12:35:12,1.8187,9.00938,1.01754,1'
b'12-7-2023 12:35:12,-0.62848,10.47314,1.7349,1'
b'12-7-2023 12:35:13,0.55007,9.64295,1.4057,1'
b'12-7-2023 12:35:13,1.12498,9.85872,1.29646,1'
b'12-7-2023 12:35:13,0.7012,9.71507,1.2378,1'
b'12-7-2023 12:35:13,0,0,0,0'
b'12-7-2023 12:35:13,0,0,0,0'
b'12-7-2023 12:35:14,0,0,0,0'
b'12-7-2023 12:35:14,0.5788,9.54478,0.03172,1'
b'12-7-2023 12:35:14,4.28592,7.40676,1.44999,1'
b'12-7-2023 12:35:14,8.99172,4.43406,0.06524,1'
b'12-7-2023 12:35:14,10.325,0.27683,0.24002,1'
b'12-7-2023 12:35:14,9.75009,-0.18914,0.41749,1'
b'12-7-2023 12:35:15,10.09725,-0.76525,-0.51086,1'
b'12-7-2023 12:35:15,9.94402,-0.19513,0.96606,1'
b'12-7-2023 12:35:15,10.40879,-0.25019,0.30137,1'
b'12-7-2023 12:35:15,11.22671,1.16298,0.64853,1'
b'12-7-2023 12:35:15,7.65037,4.95271,-1.23421,1'
b'12-7-2023 12:35:15,5.86579,7.21762,1.19112,1'
b'12-7-2023 12:35:16,1.6927,9.1665,0.88585,1'
b'12-7-2023 12:35:16,-0.63327,9.53401,1.08218,1'
b'12-7-2023 12:35:16,0.60992,9.77014,1.02232,1'
b'12-7-2023 12:35:16,0.49261,9.69712,0.95289,1'
b'12-7-2023 12:35:16,0,0,0,0'
b'12-7-2023 12:35:16,0,0,0,0'
b'12-7-2023 12:35:17,0,0,0,0'
b'12-7-2023 12:35:17,0,0,0,0'
b'12-7-2023 12:35:17,-1.03908,9.64055,0.8691,1'
b'12-7-2023 12:35:17,3.24983,7.57944,-0.07841,1'
b'12-7-2023 12:35:17,8.72238,4.61961,0.92057,1'
b'12-7-2023 12:35:18,9.48523,1.94289,0.62459,1'
b'12-7-2023 12:35:18,11.20756,-0.88137,0.70719,1'
b'12-7-2023 12:35:18,9.6639,-0.1233,-0.02574,1'
b'12-7-2023 12:35:18,10.11161,-0.14126,0.91818,1'
b'12-7-2023 12:35:18,11.6041,0.16909,0.33369,1'
b'12-7-2023 12:35:18,10.29626,2.49745,1.16957,1'
b'12-7-2023 12:35:19,7.13293,6.37935,0.13228,1'
b'12-7-2023 12:35:19,3.79002,9.26825,0.85473,1'
b'12-7-2023 12:35:19,-0.00569,8.70053,1.18513,1'
b'12-7-2023 12:35:19,-0.60334,9.80605,0.37798,1'
b'12-7-2023 12:35:19,0.14664,9.77972,0.93015,1'
b'12-7-2023 12:35:19,0.15742,9.77972,0.8667,1'
b'12-7-2023 12:35:20,0,0,0,0'
b'12-7-2023 12:35:20,0,0,0,0'
b'12-7-2023 12:35:20,0,0,0,0'
b'12-7-2023 12:35:20,0,0,0,0'
b'12-7-2023 12:35:20,0.96456,9.42029,0.81163,1'
b'12-7-2023 12:35:20,4.71358,7.70634,-0.27234,1'
b'12-7-2023 12:35:21,8.12113,3.81606,1.04627,1'
b'12-7-2023 12:35:21,11.29854,0.3714,0.4534,1'
b'12-7-2023 12:35:21,9.69263,-0.19273,0.13946,1'
b'12-7-2023 12:35:21,9.83508,-0.40821,0.22326,1'
b'12-7-2023 12:35:21,10.09964,0.00239,0.50607,1'
b'12-7-2023 12:35:21,11.52748,-0.49111,0.52882,1'
b'12-7-2023 12:35:22,10.28549,1.82917,0.82121,1'
b'12-7-2023 12:35:22,7.07307,6.32069,0.84156,1'
b'12-7-2023 12:35:22,5.13885,8.86214,-0.99,1'
b'12-7-2023 12:35:22,0.22685,9.086,0.5791,1'
b'12-7-2023 12:35:22,-0.55067,9.31374,0.29299,1'
b'12-7-2023 12:35:22,0.47465,9.96766,0.77662,1'
b'12-7-2023 12:35:23,0.41839,9.77612,0.95768,1'
b'12-7-2023 12:35:23,0,0,0,0'
b'12-7-2023 12:35:23,0,0,0,0'
b'12-7-2023 12:35:23,0,0,0,0'
b'12-7-2023 12:35:23,0,0,0,0'
b'12-7-2023 12:35:24,0,0,0,0'
b'12-7-2023 12:35:24,6.24528,5.75536,0.15622,1'
b'12-7-2023 12:35:24,9.47445,3.70114,-0.54318,1'
b'12-7-2023 12:35:24,9.27095,1.33567,0.54318,1'
b'12-7-2023 12:35:24,11.35271,-0.91369,0.96367,1'
b'12-7-2023 12:35:24,9.77283,-0.1652,-0.7443,1'
b'12-7-2023 12:35:25,9.86022,0.38577,0.73113,1'
b'12-7-2023 12:35:25,12.015,-0.00599,0.15981,1'
b'12-7-2023 12:35:25,6.8959,4.46399,-0.38277,1'
b'12-7-2023 12:35:25,4.9973,7.23438,0.23523,1'
b'12-7-2023 12:35:25,1.54905,10.26245,0.52882,1'
b'12-7-2023 12:35:25,-1.13755,9.61302,-0.62818,1'
b'12-7-2023 12:35:26,-1.06692,9.70789,0.7431,1'
b'12-7-2023 12:35:26,-0.03801,9.79049,0.58628,1'
b'12-7-2023 12:35:26,-0.49919,9.73063,0.46657,1'
b'12-7-2023 12:35:26,0.0398,9.91259,0.67726,1'
b'12-7-2023 12:35:26,0,0,0,0'
b'12-7-2023 12:35:26,0,0,0,0'
b'12-7-2023 12:35:27,0,0,0,0'
b'12-7-2023 12:35:27,0,0,0,0'
b'12-7-2023 12:35:27,-0.6201,10.21426,1.33357,1'
b'12-7-2023 12:35:27,5.10504,7.54952,0.35165,1'
b'12-7-2023 12:35:27,8.32224,4.52025,-0.47495,1'
b'12-7-2023 12:35:27,10.91427,0.43724,0.11073,1'
b'12-7-2023 12:35:28,10.18972,-0.81912,-0.5348,1'
b'12-7-2023 12:35:28,9.97993,-0.84545,0.15622,1'
b'12-7-2023 12:35:28,9.88177,-0.72814,-0.30466,1'
b'12-7-2023 12:35:28,12.01979,-0.84665,-0.10475,1'
b'12-7-2023 12:35:28,9.51037,2.38732,0.28222,1'
b'12-7-2023 12:35:29,7.36636,5.7,1.28808,1'
b'12-7-2023 12:35:29,3.18399,9.61302,-1.27491,1'
b'12-7-2023 12:35:29,0.26037,9.02734,0.92416,1'
b'12-7-2023 12:35:29,-0.49799,9.81922,-0.17897,1'
b'12-7-2023 12:35:29,0.52493,9.83478,0.38517,1'
b'12-7-2023 12:35:29,0.19812,9.77612,0.68923,1'
b'12-7-2023 12:35:30,0,0,0,0'
b'12-7-2023 12:35:30,0,0,0,0'
b'12-7-2023 12:35:30,0,0,0,0'
b'12-7-2023 12:35:30,0,0,0,0'
b'12-7-2023 12:35:30,0,0,0,0'
b'12-7-2023 12:35:30,4.59507,7.96491,-0.26875,1'
b'12-7-2023 12:35:31,5.77841,5.51085,-0.6605,1'
b'12-7-2023 12:35:31,10.72243,1.59424,0.09038,1'
b'12-7-2023 12:35:31,10.69011,-1.2396,-0.42228,1'
b'12-7-2023 12:35:31,9.98711,-1.35572,-0.26396,1'
b'12-7-2023 12:35:31,9.47924,-0.79996,-0.13946,1'
b'12-7-2023 12:35:31,10.34175,-0.63955,0.2906,1'
b'12-7-2023 12:35:32,11.44369,0.26007,-0.12151,1'
b'12-7-2023 12:35:32,7.41095,4.54659,-0.86999,1'
b'12-7-2023 12:35:32,4.80217,8.07534,2.82845,1'
b'12-7-2023 12:35:32,0.70599,9.42507,-0.82211,1'
b'12-7-2023 12:35:32,-0.16011,9.64175,0.04968,1'
b'12-7-2023 12:35:32,0.68444,9.77972,1.19231,1'
b'12-7-2023 12:35:33,0.3705,9.74021,0.69641,1'
b'12-7-2023 12:35:33,0.58598,9.77134,0.92057,1'
b'12-7-2023 12:35:33,0,0,0,0'
b'12-7-2023 12:35:33,0,0,0,0'
b'12-7-2023 12:35:33,0,0,0,0'
b'12-7-2023 12:35:33,0,0,0,0'
b'12-7-2023 12:35:34,1.14652,8.84538,-0.30227,1'
b'12-7-2023 12:35:34,6.66217,5.5755,0.4558,1'
b'12-7-2023 12:35:34,10.87117,2.44238,0.58628,1'
b'12-7-2023 12:35:34,11.30602,-1.23601,0.02574,1'
b'12-7-2023 12:35:34,9.39545,-0.93883,-0.00419,1'
b'12-7-2023 12:35:35,9.83149,-0.76285,-0.62339,1'
b'12-7-2023 12:35:35,11.96353,-0.35434,-0.36601,1'
b'12-7-2023 12:35:35,8.82174,3.00412,0.06404,1'
b'12-7-2023 12:35:35,5.71017,8.08731,0.47136,1'
b'12-7-2023 12:35:35,1.82827,7.71472,0.46657,1'
b'12-7-2023 12:35:35,-2.37954,9.8707,0.98282,1'
b'12-7-2023 12:35:36,-0.31214,9.76415,0.73951,1'
b'12-7-2023 12:35:36,0.22326,9.85753,0.81163,1'
b'12-7-2023 12:35:36,-0.21518,9.69113,0.7024,1'
b'12-7-2023 12:35:36,-0.13018,9.73542,1.02232,1'
b'12-7-2023 12:35:36,0,0,0,0'
b'12-7-2023 12:35:36,-0.96845,9.89943,0.9912,1'
b'12-7-2023 12:35:37,1.93601,9.03452,0.7036,1'
b'12-7-2023 12:35:37,5.14125,7.07995,0.4534,1'
b'12-7-2023 12:35:37,8.65294,3.61854,-0.34207,1'
b'12-7-2023 12:35:37,13.03553,-0.34836,1.03669,1'
b'12-7-2023 12:35:37,10.71166,-0.93643,0.30736,1'
b'12-7-2023 12:35:37,10.28788,-0.12689,0.25349,1'
b'12-7-2023 12:35:38,11.08545,-0.16161,1.00556,1'
b'12-7-2023 12:35:38,9.11892,3.20524,1.41048,1'
b'12-7-2023 12:35:38,6.17943,6.74447,-0.67247,1'
b'12-7-2023 12:35:38,1.06871,9.22995,1.78757,1'
b'12-7-2023 12:35:38,-0.46777,10.86249,0.30736,1'
b'12-7-2023 12:35:39,1.07709,9.76296,1.33477,1'
b'12-7-2023 12:35:39,0.78141,9.72225,1.19471,1'
b'12-7-2023 12:35:39,0.36571,9.72106,0.86072,1'
b'12-7-2023 12:35:39,0,0,0,0'
b'12-7-2023 12:35:39,0,0,0,0'
b'12-7-2023 12:35:39,0,0,0,0'
b'12-7-2023 12:35:40,-0.71587,9.73183,0.55156,1'
b'12-7-2023 12:35:40,3.20673,7.50163,0.36242,1'
b'12-7-2023 12:35:40,7.79881,5.45459,-0.41749,1'
b'12-7-2023 12:35:40,9.48882,1.47213,1.12647,1'
b'12-7-2023 12:35:40,10.37886,-1.18333,0.77662,1'
b'12-7-2023 12:35:40,9.77164,-0.56533,0.29538,1'
b'12-7-2023 12:35:41,9.84107,-0.53061,0.40432,1'
b'12-7-2023 12:35:41,12.53365,0.03591,0.72993,1'
b'12-7-2023 12:35:41,7.25024,4.35745,-0.20889,1'
b'12-7-2023 12:35:41,4.99371,8.11365,-0.15742,1'
b'12-7-2023 12:35:41,1.29167,8.27167,0.36482,1'
b'12-7-2023 12:35:41,-1.50745,10.27801,-0.56473,1'
b'12-7-2023 12:35:42,-0.47016,9.79288,1.45478,1'
b'12-7-2023 12:35:42,-0.17687,9.73901,0.7419,1'
b'12-7-2023 12:35:42,-0.05956,9.75338,0.60783,1'
b'12-7-2023 12:35:42,0,0,0,0'
b'12-7-2023 12:35:42,0,0,0,0'
b'12-7-2023 12:35:42,0,0,0,0'
b'12-7-2023 12:35:43,0,0,0,0'
b'12-7-2023 12:35:43,0,0,0,0'
b'12-7-2023 12:35:43,4.41042,7.65965,-0.01736,1'
b'12-7-2023 12:35:43,7.79043,5.43663,-0.29748,1'
b'12-7-2023 12:35:43,10.52611,0.71527,0.7431,1'
b'12-7-2023 12:35:43,9.83149,0.06943,-0.39834,1'
b'12-7-2023 12:35:44,10.16907,-0.34477,0.7443,1'
b'12-7-2023 12:35:44,9.88536,-0.01317,0.16939,1'
b'12-7-2023 12:35:44,11.47242,-0.00359,0.34806,1'
b'12-7-2023 12:35:44,8.94025,3.35488,2.08116,1'
b'12-7-2023 12:35:44,6.33057,6.43921,-1.07859,1'
b'12-7-2023 12:35:45,3.47638,8.79869,1.12767,1'
b'12-7-2023 12:35:45,0.52732,9.03811,-1.07859,1'
b'12-7-2023 12:35:45,-0.31095,9.61422,-0.64733,1'
b'12-7-2023 12:35:45,0.48782,9.71268,1.07141,1'
b'12-7-2023 12:35:45,0.88316,9.8288,1.05345,1'
b'12-7-2023 12:35:45,0.35733,9.77852,0.99718,1'
b'12-7-2023 12:35:46,0,0,0,0'
b'12-7-2023 12:35:46,0,0,0,0'
b'12-7-2023 12:35:46,0,0,0,0'
b'12-7-2023 12:35:46,-1.50506,10.01554,0.57311,1'
b'12-7-2023 12:35:46,4.26916,8.05499,0.74909,1'
b'12-7-2023 12:35:46,7.33883,4.67737,-0.25438,1'
b'12-7-2023 12:35:47,11.46284,1.37637,0.57072,1'
b'12-7-2023 12:35:47,10.07091,-0.65272,0.38038,1'
b'12-7-2023 12:35:47,9.81353,-0.5354,0.46777,1'
b'12-7-2023 12:35:47,9.77403,-0.31484,-0.02933,1'
b'12-7-2023 12:35:47,10.89871,-0.50548,0.16939,1'
b'12-7-2023 12:35:47,10.04338,1.50326,0.42946,1'
b'12-7-2023 12:35:48,6.25635,7.35409,-0.15742,1'
b'12-7-2023 12:35:48,4.82731,7.92541,1.50027,1'
b'12-7-2023 12:35:48,0.38128,9.99759,-1.74208,1'
b'12-7-2023 12:35:48,-1.1974,10.17596,0.4965,1'
b'12-7-2023 12:35:48,-0.00688,9.81443,1.08816,1'
b'12-7-2023 12:35:48,0.2891,9.81922,0.8691,1'
b'12-7-2023 12:35:49,0,0,0,0'
b'12-7-2023 12:35:49,0,0,0,0'
b'12-7-2023 12:35:49,0,0,0,0'
b'12-7-2023 12:35:49,0,0,0,0'
b'12-7-2023 12:35:49,-1.22972,10.10174,0.51924,1'
b'12-7-2023 12:35:49,2.00544,8.24892,0.69522,1'
b'12-7-2023 12:35:50,6.8528,6.7708,0.25708,1'
b'12-7-2023 12:35:50,8.85286,2.91763,0.36003,1'
b'12-7-2023 12:35:50,11.36348,-1.71993,-0.18256,1'
b'12-7-2023 12:35:50,9.77642,-0.87658,0.40193,1'
b'12-7-2023 12:35:50,9.43734,-0.69581,-0.01018,1'
b'12-7-2023 12:35:51,12.6785,-1.76303,-0.56593,1'
b'12-7-2023 12:35:51,9.19074,2.19907,0.04729,1'
b'12-7-2023 12:35:51,5.41898,6.14921,0.47136,1'
b'12-7-2023 12:35:51,2.71323,9.32093,-0.60783,1'
b'12-7-2023 12:35:51,-0.13617,9.60703,1.62117,1'
b'12-7-2023 12:35:51,0.0808,9.58549,-0.06883,1'
b'12-7-2023 12:35:52,0.19692,9.8707,0.64135,1'
b'12-7-2023 12:35:52,0.33339,9.80366,0.81523,1'
b'12-7-2023 12:35:52,0,0,0,0'
b'12-7-2023 12:35:52,0,0,0,0'
b'12-7-2023 12:35:52,0,0,0,0'
b'12-7-2023 12:35:52,0,0,0,0'
b'12-7-2023 12:35:53,0,0,0,0'
b'12-7-2023 12:35:53,4.97336,6.66546,-0.81253,1'
b'12-7-2023 12:35:53,9.7022,3.45184,1.09176,1'
b'12-7-2023 12:35:53,10.74907,0.03711,0.17298,1'
b'12-7-2023 12:35:53,9.8291,-0.28611,0.3313,1'
b'12-7-2023 12:35:53,9.87578,-0.45041,-0.02334,1'
b'12-7-2023 12:35:54,11.32757,0.1233,0.60065,1'
b'12-7-2023 12:35:54,10.56202,2.42443,1.01514,1'
b'12-7-2023 12:35:54,6.95695,5.54437,-0.41509,1'
b'12-7-2023 12:35:54,4.39486,8.69335,1.49428,1'
b'12-7-2023 12:35:54,-1.87406,9.69831,-0.33369,1'
b'12-7-2023 12:35:55,-1.13874,9.73183,0.76225,1'
b'12-7-2023 12:35:55,-0.88466,9.73303,0.57551,1'
b'12-7-2023 12:35:55,-0.82121,9.78929,0.29778,1'
b'12-7-2023 12:35:55,-0.73023,9.76774,0.52882,1'
b'12-7-2023 12:35:55,-0.54588,9.79647,0.40193,1'
b'12-7-2023 12:35:55,0,0,0,0'
b'12-7-2023 12:35:56,0.46627,10.06702,0.47256,1'
b'12-7-2023 12:35:56,1.42814,9.08121,1.15281,1'
b'12-7-2023 12:35:56,4.35056,7.69915,-0.33728,1'
b'12-7-2023 12:35:56,9.6193,2.27808,0.35165,1'
b'12-7-2023 12:35:56,8.31147,1.65409,0.55396,1'
b'12-7-2023 12:35:56,11.14291,-0.41061,0.92177,1'
b'12-7-2023 12:35:57,9.45291,0.62399,-0.2496,1'
b'12-7-2023 12:35:57,12.25203,0.71048,-0.01856,1'
b'12-7-2023 12:35:57,6.2767,4.81264,1.11809,1'
b'12-7-2023 12:35:57,5.47404,7.63212,-0.69641,1'
b'12-7-2023 12:35:57,2.57915,9.25509,1.10014,1'
b'12-7-2023 12:35:57,-0.63327,9.47894,-1.1564,1'
b'12-7-2023 12:35:58,-0.52313,9.96646,0.2077,1'
b'12-7-2023 12:35:58,-0.36721,9.83239,0.37679,1'
b'12-7-2023 12:35:58,-0.46178,9.7857,0.44263,1'
b'12-7-2023 12:35:58,0,0,0,0'
b'12-7-2023 12:35:58,0,0,0,0'
b'12-7-2023 12:35:59,0,0,0,0'
b'12-7-2023 12:35:59,0,0,0,0'
b'12-7-2023 12:35:59,0,0,0,0'
b'12-7-2023 12:35:59,1.488,9.61541,1.63195,1'
b'12-7-2023 12:35:59,3.22469,8.41532,-0.55635,1'
b'12-7-2023 12:35:59,6.56759,6.33266,-0.06285,1'
b'12-7-2023 12:36:0,9.18595,1.75106,0.55635,1'
b'12-7-2023 12:36:0,10.30943,-0.07661,0.82241,1'
b'12-7-2023 12:36:0,10.08887,-0.14605,1.02711,1'
b'12-7-2023 12:36:0,9.84825,0.02753,0.33489,1'
b'12-7-2023 12:36:0,10.84843,1.16298,0.33369,1'
b'12-7-2023 12:36:0,8.47787,4.47357,-0.55516,1'
b'12-7-2023 12:36:1,9.02524,6.24857,0.7419,1'
b'12-7-2023 12:36:1,2.12755,8.45482,-0.81014,1'
b'12-7-2023 12:36:1,-0.03083,9.68155,-0.39834,1'
b'12-7-2023 12:36:1,0.92506,9.97245,0.92895,1'
b'12-7-2023 12:36:1,-0.22715,9.7019,1.1169,1'
b'12-7-2023 12:36:1,-0.21518,9.81084,0.21967,1'
b'12-7-2023 12:36:2,0,0,0,0'
b'12-7-2023 12:36:2,0,0,0,0'
b'12-7-2023 12:36:2,0,0,0,0'
b'12-7-2023 12:36:2,0,0,0,0'
b'12-7-2023 12:36:2,3.35637,9.8695,2.50643,1'
b'12-7-2023 12:36:3,1.72143,9.6226,1.43083,1'
b'12-7-2023 12:36:3,0.78859,9.60105,1.4452,1'
b'12-7-2023 12:36:3,0.39325,9.37958,2.24875,1'
b'12-7-2023 12:36:3,6.13873,5.23791,0.7024,1'
b'12-7-2023 12:36:3,11.63762,1.0732,-0.29987,1'
b'12-7-2023 12:36:3,10.96574,-0.18794,-0.71676,1'
b'12-7-2023 12:36:4,10.26155,-1.1139,0.4127,1'
b'12-7-2023 12:36:4,9.94881,-0.08978,0.58628,1'
b'12-7-2023 12:36:4,13.07144,0.44921,0.06165,1'
b'12-7-2023 12:36:4,7.50672,6.14442,0.26306,1'
b'12-7-2023 12:36:4,4.42957,7.96371,-0.9493,1'
b'12-7-2023 12:36:4,-1.79864,10.32829,3.219,1'
b'12-7-2023 12:36:5,-1.18423,9.66689,-0.12031,1'
b'12-7-2023 12:36:5,-0.06195,9.80605,0.72874,1'
b'12-7-2023 12:36:5,0,0,0,0'
b'12-7-2023 12:36:5,0,0,0,0'
b'12-7-2023 12:36:5,0,0,0,0'
b'12-7-2023 12:36:5,0,0,0,0'
b'12-7-2023 12:36:6,0,0,0,0'
b'12-7-2023 12:36:6,0,0,0,0'
b'12-7-2023 12:36:6,-1.50506,9.57471,0.92296,1'
b'12-7-2023 12:36:6,1.41856,9.75697,0.7036,1'
b'12-7-2023 12:36:6,4.90153,7.04165,1.3635,1'
b'12-7-2023 12:36:7,8.878,3.31657,-0.4139,1'
b'12-7-2023 12:36:7,12.1407,0.80984,1.27731,1'
b'12-7-2023 12:36:7,10.63145,0.08739,0.4139,1'
b'12-7-2023 12:36:7,11.28896,0.67906,0.75028,1'
b'12-7-2023 12:36:7,9.14765,3.44705,0.90501,1'
b'12-7-2023 12:36:7,7.38821,6.06661,0.7012,1'
b'12-7-2023 12:36:8,1.06871,9.62738,1.10971,1'
b'12-7-2023 12:36:8,-1.28359,9.89943,-0.40672,1'
b'12-7-2023 12:36:8,-0.92775,9.75338,0.52643,1'
b'12-7-2023 12:36:8,-0.47854,9.73423,0.6186,1'
b'12-7-2023 12:36:8,0.06853,9.77972,0.97205,1'
b'12-7-2023 12:36:8,0.02304,9.82042,0.3708,1'
b'12-7-2023 12:36:9,0,0,0,0'
b'12-7-2023 12:36:9,0,0,0,0'
b'12-7-2023 12:36:9,0,0,0,0'
b'12-7-2023 12:36:9,0,0,0,0'
b'12-7-2023 12:36:9,0,0,0,0'
b'12-7-2023 12:36:9,-1.52062,9.62978,0.35763,1'
b'12-7-2023 12:36:10,3.24265,7.76978,1.13246,1'
b'12-7-2023 12:36:10,7.67072,5.53001,-0.2496,1'
b'12-7-2023 12:36:10,9.34038,1.72712,0.23523,1'
b'12-7-2023 12:36:10,10.54406,-1.39402,-0.0425,1'
b'12-7-2023 12:36:10,9.62319,-0.70898,0.70838,1'
b'12-7-2023 12:36:10,9.61332,-0.44083,0.71437,1'
b'12-7-2023 12:36:11,12.94425,0.17268,0.59586,1'
b'12-7-2023 12:36:11,8.14029,4.93116,-0.19932,1'
b'12-7-2023 12:36:11,4.43197,8.33392,0.03531,1'
b'12-7-2023 12:36:11,-0.3732,8.72567,1.37697,1'
b'12-7-2023 12:36:11,-1.20339,9.59626,-0.19573,1'
b'12-7-2023 12:36:11,-0.46657,9.80605,0.33489,1'
b'12-7-2023 12:36:12,-0.01766,9.7857,0.75627,1'
b'12-7-2023 12:36:12,-0.2475,9.80246,0.58508,1'
b'12-7-2023 12:36:12,0,0,0,0'
b'12-7-2023 12:36:12,0,0,0,0'
b'12-7-2023 12:36:12,0,0,0,0'
b'12-7-2023 12:36:12,0,0,0,0'
b'12-7-2023 12:36:13,0,0,0,0'
b'12-7-2023 12:36:13,6.41077,6.76841,1.37936,1'
b'12-7-2023 12:36:13,9.40263,3.69755,0.31813,1'
b'12-7-2023 12:36:13,9.51037,1.66726,0.38158,1'
b'12-7-2023 12:36:13,10.34774,-0.60723,-0.15024,1'
b'12-7-2023 12:36:13,9.22187,-0.0419,0.18615,1'
b'12-7-2023 12:36:14,11.44728,0.16191,0.81642,1'
b'12-7-2023 12:36:14,7.42651,5.24151,0.21249,1'
b'12-7-2023 12:36:14,6.04416,8.13041,0.68325,1'
b'12-7-2023 12:36:14,0.91309,9.44183,0.42347,1'
b'12-7-2023 12:36:14,-1.16747,9.09318,-0.22326,1'
b'12-7-2023 12:36:15,-1.03549,9.76296,-0.65451,1'
b'12-7-2023 12:36:15,-0.11582,9.85154,0.69522,1'
b'12-7-2023 12:36:15,0.03023,9.85872,0.52643,1'
b'12-7-2023 12:36:15,-0.38158,9.76774,0.60783,1'
b'12-7-2023 12:36:15,-0.18525,9.80845,0.39115,1'
b'12-7-2023 12:36:15,0,0,0,0'
b'12-7-2023 12:36:16,0,0,0,0'
b'12-7-2023 12:36:16,0,0,0,0'
b'12-7-2023 12:36:16,-2.07398,9.73542,0.24481,1'
b'12-7-2023 12:36:16,2.4367,7.929,0.81642,1'
b'12-7-2023 12:36:16,9.46368,4.56933,-0.31184,1'
b'12-7-2023 12:36:16,10.53808,0.88765,1.03549,1'
b'12-7-2023 12:36:17,10.76702,-1.50655,0.11193,1'
b'12-7-2023 12:36:17,9.77403,-1.07919,0.29299,1'
b'12-7-2023 12:36:17,12.83172,-1.12587,0.082,1'
b'12-7-2023 12:36:17,8.11515,3.44466,0.43066,1'
b'12-7-2023 12:36:17,4.91829,7.38521,-0.71317,1'
b'12-7-2023 12:36:17,1.84264,8.92558,0.56593,1'
b'12-7-2023 12:36:18,-0.84396,9.17129,-0.55276,1'
b'12-7-2023 12:36:18,-0.41749,9.85753,0.61022,1'
b'12-7-2023 12:36:18,-0.01885,9.82999,0.48213,1'
b'12-7-2023 12:36:18,0.21009,9.82161,0.52044,1'
b'12-7-2023 12:36:18,-0.22236,9.79049,0.42108,1'
b'12-7-2023 12:36:18,0,0,0,0'
b'12-7-2023 12:36:19,0,0,0,0'
b'12-7-2023 12:36:19,0,0,0,0'
b'12-7-2023 12:36:19,0,0,0,0'
b'12-7-2023 12:36:19,-1.80343,9.70669,0.69881,1'
b'12-7-2023 12:36:19,2.32178,7.89907,0.39953,1'
b'12-7-2023 12:36:20,8.86244,4.76117,-0.15024,1'
b'12-7-2023 12:36:20,9.02285,2.42323,0.167,1'
b'12-7-2023 12:36:20,12.03416,-1.59903,1.55533,1'
b'12-7-2023 12:36:20,9.29968,-0.80116,0.4558,1'
b'12-7-2023 12:36:20,10.45428,-0.81912,0.55875,1'
b'12-7-2023 12:36:20,12.95742,0.20022,0.37918,1'
b'12-7-2023 12:36:21,7.4756,5.05446,0.40432,1'
b'12-7-2023 12:36:21,2.67372,8.08971,-0.67726,1'
b'12-7-2023 12:36:21,-0.95529,9.72824,-1.04866,1'
b'12-7-2023 12:36:21,-2.49206,9.46099,0.11193,1'
b'12-7-2023 12:36:21,-0.40193,9.7845,0.61621,1'
b'12-7-2023 12:36:21,-0.33609,9.85034,0.38277,1'
b'12-7-2023 12:36:22,-0.85473,9.73901,0.46657,1'
b'12-7-2023 12:36:22,0,0,0,0'
b'12-7-2023 12:36:22,0,0,0,0'
b'12-7-2023 12:36:22,0,0,0,0'
b'12-7-2023 12:36:22,0,0,0,0'
b'12-7-2023 12:36:22,4.26198,7.65007,0.41988,1'
b'12-7-2023 12:36:23,7.95593,5.09396,0.04968,1'
b'12-7-2023 12:36:23,10.15231,2.74765,1.06781,1'
b'12-7-2023 12:36:23,11.2327,-0.88496,0.87867,1'
b'12-7-2023 12:36:23,9.23623,0.08978,0.6617,1'
b'12-7-2023 12:36:23,10.38485,-0.27773,0.7826,1'
b'12-7-2023 12:36:23,10.3645,1.5691,1.33596,1'
b'12-7-2023 12:36:24,6.59752,5.79008,-0.04729,1'
b'12-7-2023 12:36:24,3.23307,7.87992,0.3289,1'
b'12-7-2023 12:36:24,-1.37098,9.53042,0.07242,1'
b'12-7-2023 12:36:24,-1.36859,9.73183,0.9481,1'
b'12-7-2023 12:36:24,-0.32292,9.79169,0.35165,1'
b'12-7-2023 12:36:25,-0.05237,9.83837,0.63656,1'
b'12-7-2023 12:36:25,-0.57581,9.75817,0.56952,1'
b'12-7-2023 12:36:25,-0.24152,9.81084,0.41988,1'
b'12-7-2023 12:36:25,0,0,0,0'
b'12-7-2023 12:36:25,0,0,0,0'
b'12-7-2023 12:36:25,0,0,0,0'
b'12-7-2023 12:36:26,0.07093,9.20002,-0.22087,1'
b'12-7-2023 12:36:26,5.14723,6.84622,0.20291,1'
b'12-7-2023 12:36:26,9.79677,3.51678,0.11313,1'
b'12-7-2023 12:36:26,10.56801,-0.3316,-0.33369,1'
b'12-7-2023 12:36:26,9.34756,-1.08876,0.71437,1'
b'12-7-2023 12:36:26,10.13795,-0.64913,0.57551,1'
b'12-7-2023 12:36:27,12.35618,-1.21685,0.15742,1'
b'12-7-2023 12:36:27,8.05529,2.60519,-0.02574,1'
b'12-7-2023 12:36:27,6.96533,7.03207,0.46896,1'
b'12-7-2023 12:36:27,2.76231,8.06457,-0.72036,1'
b'12-7-2023 12:36:27,-0.9098,8.94593,0.7036,1'
b'12-7-2023 12:36:28,-0.88346,9.70071,0.10714,1'
b'12-7-2023 12:36:28,0.47704,9.9114,0.7419,1'
b'12-7-2023 12:36:28,-0.22595,9.77253,0.57191,1'
b'12-7-2023 12:36:28,-0.04878,9.82401,0.57072,1'
b'12-7-2023 12:36:28,0,0,0,0'
b'12-7-2023 12:36:28,-1.47034,9.81683,0.33609,1'
b'12-7-2023 12:36:29,1.76483,8.82862,0.25468,1'
b'12-7-2023 12:36:29,6.99765,6.86777,-0.45939,1'
b'12-7-2023 12:36:29,8.41801,4.54659,0.33369,1'
b'12-7-2023 12:36:29,9.64714,2.8099,0.56114,1'
b'12-7-2023 12:36:29,10.4878,0.34267,0.93494,1'
b'12-7-2023 12:36:29,11.29734,-1.99886,0.59346,1'
b'12-7-2023 12:36:30,10.23162,-1.14622,0.21967,1'
b'12-7-2023 12:36:30,13.70621,-0.65631,0.42347,1'
b'12-7-2023 12:36:30,7.99544,4.81264,0.83677,1'
b'12-7-2023 12:36:30,5.22983,7.71352,-0.12151,1'
b'12-7-2023 12:36:30,-1.21775,10.10892,0.17538,1'
b'12-7-2023 12:36:30,-1.86448,11.02051,1.83306,1'
b'12-7-2023 12:36:31,-0.98162,9.65372,0.59705,1'
b'12-7-2023 12:36:31,0.03023,9.89703,0.59227,1'
b'12-7-2023 12:36:31,0,0,0,0'
b'12-7-2023 12:36:31,0,0,0,0'
b'12-7-2023 12:36:31,0,0,0,0'
b'12-7-2023 12:36:31,0,0,0,0'
b'12-7-2023 12:36:32,-0.75417,9.26825,-0.2077,1'
b'12-7-2023 12:36:32,6.0274,6.87884,0.41509,1'
b'12-7-2023 12:36:32,8.90074,4.72885,-0.0808,1'
b'12-7-2023 12:36:32,9.40023,1.64093,0.87747,1'
b'12-7-2023 12:36:32,10.67215,-1.39163,0.31095,1'
b'12-7-2023 12:36:32,10.25676,-0.87658,0.2053,1'
b'12-7-2023 12:36:33,10.00148,-0.47914,0.40791,1'
b'12-7-2023 12:36:33,11.64001,-0.22027,0.41509,1'
b'12-7-2023 12:36:33,6.96533,5.49888,0.69641,1'
b'12-7-2023 12:36:33,5.84544,7.56268,0.05088,1'
b'12-7-2023 12:36:33,-0.05836,9.90781,-0.6198,1'
b'12-7-2023 12:36:33,0.04579,9.25149,-0.10235,1'
b'12-7-2023 12:36:34,0.27114,9.84556,0.71557,1'
b'12-7-2023 12:36:34,0.14784,9.75697,0.96367,1'
b'12-7-2023 12:36:34,0.21009,9.7869,0.84396,1'
b'12-7-2023 12:36:34,0,0,0,0'
b'12-7-2023 12:36:34,0,0,0,0'
b'12-7-2023 12:36:34,0,0,0,0'
b'12-7-2023 12:36:35,0,0,0,0'
b'12-7-2023 12:36:35,0,0,0,0'
b'12-7-2023 12:36:35,-0.2056,8.76996,-0.87358,1'
b'12-7-2023 12:36:35,5.86939,6.3985,0.75747,1'
b'12-7-2023 12:36:35,9.0444,3.53354,-0.06404,1'
b'12-7-2023 12:36:36,12.30111,-0.93883,0.621,1'
b'12-7-2023 12:36:36,10.08408,-1.20368,0.88107,1'
b'12-7-2023 12:36:36,10.01943,-1.0337,0.35883,1'
b'12-7-2023 12:36:36,10.37767,-0.92326,0.46418,1'
b'12-7-2023 12:36:36,11.33475,0.52702,1.42126,1'
b'12-7-2023 12:36:36,7.33045,5.43185,0.24481,1'
b'12-7-2023 12:36:37,3.32644,8.04901,-0.36841,1'
b'12-7-2023 12:36:37,-0.09427,10.12448,-1.39223,1'
b'12-7-2023 12:36:37,0.44233,9.71148,2.33375,1'
b'12-7-2023 12:36:37,0.63776,9.73183,0.89304,1'
b'12-7-2023 12:36:37,0.71916,9.745,1.07978,1'
b'12-7-2023 12:36:37,0.61232,9.81683,1.04507,1'
b'12-7-2023 12:36:38,0,0,0,0'
b'12-7-2023 12:36:38,0,0,0,0'
b'12-7-2023 12:36:38,0,0,0,0'
b'12-7-2023 12:36:38,-1.24289,10.04787,0.43305,1'
b'12-7-2023 12:36:38,2.84252,8.39377,0.64135,1'
b'12-7-2023 12:36:38,8.09839,5.55515,0.60543,1'
b'12-7-2023 12:36:39,9.76804,2.82665,1.29885,1'
b'12-7-2023 12:36:39,10.035,-0.48153,0.31334,1'
b'12-7-2023 12:36:39,9.52952,-0.3316,0.85712,1'
b'12-7-2023 12:36:39,10.52252,-0.55456,0.40911,1'
b'12-7-2023 12:36:39,11.8917,0.38816,1.12887,1'
b'12-7-2023 12:36:40,7.99065,4.82701,0.00539,1'
b'12-7-2023 12:36:40,5.96994,7.03686,0.59107,1'
b'12-7-2023 12:36:40,0.71078,9.68036,0.73592,1'
b'12-7-2023 12:36:40,-0.99718,10.58207,0.27982,1'
b'12-7-2023 12:36:40,-0.19124,9.73183,0.8679,1'
b'12-7-2023 12:36:40,0.36811,9.79049,0.82361,1'
b'12-7-2023 12:36:41,0.14066,9.78091,0.84156,1'
b'12-7-2023 12:36:41,0,0,0,0'
b'12-7-2023 12:36:41,0,0,0,0'
b'12-7-2023 12:36:41,0,0,0,0'
b'12-7-2023 12:36:41,-1.25127,10.10892,0.73831,1'
b'12-7-2023 12:36:41,3.02597,7.89069,0.26067,1'
b'12-7-2023 12:36:42,9.68784,4.69772,0.21608,1'
b'12-7-2023 12:36:42,10.19212,1.59544,1.20189,1'
b'12-7-2023 12:36:42,10.84843,-0.81433,0.54678,1'
b'12-7-2023 12:36:42,9.50917,-0.02514,0.63177,1'
b'12-7-2023 12:36:42,10.53209,-0.21069,0.63776,1'
b'12-7-2023 12:36:42,11.15129,1.18453,0.90381,1'
b'12-7-2023 12:36:43,7.29334,5.31214,0.63656,1'
b'12-7-2023 12:36:43,3.86424,7.91703,0.26306,1'
b'12-7-2023 12:36:43,0.98013,8.72567,-0.35524,1'
b'12-7-2023 12:36:43,0.03741,9.97125,1.20907,1'
b'12-7-2023 12:36:43,0.07961,9.85872,0.5779,1'
b'12-7-2023 12:36:44,0.33339,9.83358,0.55516,1'
b'12-7-2023 12:36:44,0.01347,9.79049,0.56114,1'
b'12-7-2023 12:36:44,0,0,0,0'
b'12-7-2023 12:36:44,0,0,0,0'
b'12-7-2023 12:36:44,0,0,0,0'
b'12-7-2023 12:36:44,0,0,0,0'
b'12-7-2023 12:36:45,0,0,0,0'
b'12-7-2023 12:36:45,1.37667,8.75679,0.9517,1'
b'12-7-2023 12:36:45,6.55922,5.21876,0.54797,1'
b'12-7-2023 12:36:45,10.68891,1.92374,1.2785,1'
b'12-7-2023 12:36:45,8.68048,0.7835,0.44622,1'
b'12-7-2023 12:36:45,10.60153,-1.26354,0.58867,1'
b'12-7-2023 12:36:46,10.13436,-0.6204,0.32531,1'
b'12-7-2023 12:36:46,11.05433,-0.59646,0.44502,1'
b'12-7-2023 12:36:46,10.24958,1.88304,0.64015,1'
b'12-7-2023 12:36:46,6.79265,6.15519,0.34447,1'
b'12-7-2023 12:36:46,3.90015,7.72669,0.13228,1'
b'12-7-2023 12:36:46,-0.74819,9.96287,-0.4953,1'
b'12-7-2023 12:36:47,-0.0835,9.63337,1.87017,1'
b'12-7-2023 12:36:47,-0.21518,9.73901,0.49769,1'
b'12-7-2023 12:36:47,0.167,9.7857,0.75507,1'
b'12-7-2023 12:36:47,0.07961,9.79767,0.75387,1'
b'12-7-2023 12:36:47,0,0,0,0'
b'12-7-2023 12:36:47,0,0,0,0'
b'12-7-2023 12:36:48,0,0,0,0'
b'12-7-2023 12:36:48,-1.67654,10.35582,0.83677,1'
b'12-7-2023 12:36:48,4.06206,7.71112,1.15999,1'
b'12-7-2023 12:36:48,7.95593,4.72047,-0.26516,1'
b'12-7-2023 12:36:48,9.83149,1.91297,0.56832,1'
b'12-7-2023 12:36:48,10.43034,-0.89573,0.50727,1'
b'12-7-2023 12:36:49,10.59793,-0.92446,0.15742,1'
b'12-7-2023 12:36:49,9.78121,-0.15562,0.57191,1'
b'12-7-2023 12:36:49,12.47858,-1.12827,0.28581,1'
b'12-7-2023 12:36:49,9.86142,1.88543,0.7419,1'
b'12-7-2023 12:36:49,7.04793,6.58525,-0.09397,1'
b'12-7-2023 12:36:49,3.41742,8.56167,-0.57311,1'
b'12-7-2023 12:36:50,-1.35302,9.62379,1.44879,1'
b'12-7-2023 12:36:50,-1.43443,9.57112,-0.97683,1'
b'12-7-2023 12:36:50,-0.50159,9.90421,0.2882,1'
b'12-7-2023 12:36:50,-0.662,9.80605,0.45939,1'
b'12-7-2023 12:36:50,0,0,0,0'
b'12-7-2023 12:36:50,0,0,0,0'
b'12-7-2023 12:36:51,0,0,0,0'
b'12-7-2023 12:36:51,0,0,0,0'
b'12-7-2023 12:36:51,0,0,0,0'
b'12-7-2023 12:36:51,5.15202,6.71813,1.42964,1'
b'12-7-2023 12:36:51,8.03853,3.68079,0.38517,1'
b'12-7-2023 12:36:52,11.13813,-0.66708,1.08816,1'
b'12-7-2023 12:36:52,9.14645,0.23613,1.32639,1'
b'12-7-2023 12:36:52,10.858,0.06704,0.90501,1'
b'12-7-2023 12:36:52,8.05409,2.74286,1.91327,1'
b'12-7-2023 12:36:52,6.27909,6.99735,0.27264,1'
b'12-7-2023 12:36:52,1.64242,8.78672,0.18136,1'
b'12-7-2023 12:36:53,-1.33746,8.85495,0.97324,1'
b'12-7-2023 12:36:53,-1.88005,10.37976,-0.17538,1'
b'12-7-2023 12:36:53,-1.05016,9.68634,0.93015,1'
b'12-7-2023 12:36:53,-0.91578,9.81922,0.81163,1'
b'12-7-2023 12:36:53,-1.24528,9.68155,0.4522,1'
b'12-7-2023 12:36:53,-0.72664,9.80126,0.68684,1'
b'12-7-2023 12:36:54,-0.67756,9.76774,0.33249,1'
b'12-7-2023 12:36:54,0,0,0,0'
b'12-7-2023 12:36:54,0,0,0,0'
b'12-7-2023 12:36:54,0,0,0,0'
b'12-7-2023 12:36:54,0,0,0,0'
b'12-7-2023 12:36:55,-2.72311,9.84196,0.826,1'
b'12-7-2023 12:36:55,3.24145,7.98287,-0.47016,1'
b'12-7-2023 12:36:55,7.51989,4.87489,0.03771,1'
b'12-7-2023 12:36:55,9.44692,1.91416,0.3301,1'
b'12-7-2023 12:36:55,11.40059,-1.25636,-0.43904,1'
b'12-7-2023 12:36:55,9.43854,-0.75208,0.74669,1'
b'12-7-2023 12:36:56,10.1571,-0.64195,0.54917,1'
b'12-7-2023 12:36:56,11.38982,-0.07781,0.91698,1'
b'12-7-2023 12:36:56,5.92804,5.72274,0.45699,1'
b'12-7-2023 12:36:56,-0.05118,8.9196,1.60441,1'
b'12-7-2023 12:36:56,-1.29317,9.64893,0.62938,1'
b'12-7-2023 12:36:56,-0.1242,9.85513,1.03549,1'
b'12-7-2023 12:36:57,-0.39594,9.68634,0.85593,1'
b'12-7-2023 12:36:57,-0.16131,9.76655,0.96845,1'
b'12-7-2023 12:36:57,-0.51116,9.67407,1.0319,1'
b'12-7-2023 12:36:57,0,0,0,0'
b'12-7-2023 12:36:57,0,0,0,0'
b'12-7-2023 12:36:57,0,0,0,0'
b'12-7-2023 12:36:58,1.65559,8.79031,0.58628,1'
b'12-7-2023 12:36:58,6.40359,6.41646,1.06063,1'
b'12-7-2023 12:36:58,9.7453,1.87107,0.20411,1'
b'12-7-2023 12:36:58,10.38844,-0.59646,0.86072,1'
b'12-7-2023 12:36:58,10.35971,-0.65631,0.0808,1'
b'12-7-2023 12:36:58,11.62086,0.30676,0.246,1'
b'12-7-2023 12:36:59,7.94636,3.92978,1.10253,1'
b'12-7-2023 12:36:59,7.37743,6.81869,0.51685,1'
b'12-7-2023 12:36:59,1.38505,8.64307,1.1971,1'
b'12-7-2023 12:36:59,-1.08368,9.4155,-0.54678,1'
b'12-7-2023 12:36:59,0.4543,9.81443,0.62698,1'
b'12-7-2023 12:37:0,0.06375,9.74141,1.24858,1'
b'12-7-2023 12:37:0,0.11073,9.75697,0.94451,1'
b'12-7-2023 12:37:0,0.09278,9.78211,1.08697,1'
b'12-7-2023 12:37:0,0.07093,9.73662,1.29167,1'
b'12-7-2023 12:37:0,0,0,0,0'
b'12-7-2023 12:37:0,0,0,0,0'
b'12-7-2023 12:37:1,0,0,0,0'
b'12-7-2023 12:37:1,0,0,0,0'
b'12-7-2023 12:37:1,2.1048,9.36163,1.38894,1'
b'12-7-2023 12:37:1,4.98174,7.53994,0.07602,1'
b'12-7-2023 12:37:1,7.31488,4.58849,0.38517,1'
b'12-7-2023 12:37:1,9.54628,1.2818,0.5767,1'
b'12-7-2023 12:37:2,11.04355,-1.485,-0.0401,1'
b'12-7-2023 12:37:2,10.31183,-1.05046,0.32412,1'
b'12-7-2023 12:37:2,13.10736,-0.80715,0.44742,1'
b'12-7-2023 12:37:2,7.45884,3.71071,0.19213,1'
b'12-7-2023 12:37:2,4.02495,7.70753,-1.57808,1'
b'12-7-2023 12:37:2,-1.30634,8.27047,2.09553,1'
b'12-7-2023 12:37:3,-1.25247,9.61422,0.79098,1'
b'12-7-2023 12:37:3,0.02065,9.90182,0.84755,1'
b'12-7-2023 12:37:3,0.42796,9.84436,1.21386,1'
b'12-7-2023 12:37:3,-0.13258,9.77732,0.94451,1'
b'12-7-2023 12:37:3,-0.05596,9.75099,0.87628,1'
b'12-7-2023 12:37:3,0,0,0,0'
b'12-7-2023 12:37:4,0,0,0,0'
b'12-7-2023 12:37:4,0,0,0,0'
b'12-7-2023 12:37:4,0,0,0,0'
b'12-7-2023 12:37:4,3.64757,8.02866,0.71198,1'
b'12-7-2023 12:37:4,8.02297,4.40413,-0.44023,1'
b'12-7-2023 12:37:4,11.84352,1.64691,1.31442,1'
b'12-7-2023 12:37:5,12.25682,-1.32938,-0.18974,1'
b'12-7-2023 12:37:5,8.94145,-0.09457,0.49291,1'
b'12-7-2023 12:37:5,11.40059,-0.44802,0.56234,1'
b'12-7-2023 12:37:5,7.94396,3.05321,0.82241,1'
b'12-7-2023 12:37:5,6.96174,5.78649,-0.60663,1'
b'12-7-2023 12:37:5,3.87741,7.54233,-0.24481,1'
b'12-7-2023 12:37:6,-2.69198,10.28998,1.74088,1'
b'12-7-2023 12:37:6,-2.03088,9.45859,-0.78739,1'
b'12-7-2023 12:37:6,0.04818,9.90421,0.90261,1'
b'12-7-2023 12:37:6,-0.89184,9.69831,0.98641,1'
b'12-7-2023 12:37:6,-0.84755,9.7462,0.57431,1'
b'12-7-2023 12:37:6,-0.7003,9.75338,0.92536,1'
b'12-7-2023 12:37:7,0,0,0,0'
b'12-7-2023 12:37:7,0,0,0,0'
b'12-7-2023 12:37:7,0,0,0,0'
b'12-7-2023 12:37:7,0,0,0,0'
b'12-7-2023 12:37:7,0,0,0,0'
b'12-7-2023 12:37:8,0,0,0,0'
b'12-7-2023 12:37:8,0,0,0,0'
b'12-7-2023 12:37:8,2.13832,8.26568,0.45939,1'
b'12-7-2023 12:37:8,7.46003,4.44603,-1.29047,1'
b'12-7-2023 12:37:8,10.20888,0.24211,0.6186,1'
b'12-7-2023 12:37:8,11.11418,-1.28389,-0.00658,1'
b'12-7-2023 12:37:9,9.67826,-0.41659,0.67965,1'
b'12-7-2023 12:37:9,12.60547,-0.74849,0.5348,1'
b'12-7-2023 12:37:9,8.25162,4.42209,-0.12031,1'
b'12-7-2023 12:37:9,5.22026,7.34691,0.88107,1'
b'12-7-2023 12:37:9,-1.74837,9.94611,1.67624,1'
b'12-7-2023 12:37:9,-1.6092,9.48732,0.22326,1'
b'12-7-2023 12:37:10,0.17178,9.89105,1.02831,1'
b'12-7-2023 12:37:10,-0.30257,9.77732,0.83318,1'
b'12-7-2023 12:37:10,-0.36841,9.79528,1.27012,1'
b'12-7-2023 12:37:10,-0.62489,9.74021,0.89902,1'
b'12-7-2023 12:37:10,-0.22476,9.79408,1.26055,1'
b'12-7-2023 12:37:10,0,0,0,0'
b'12-7-2023 12:37:11,0,0,0,0'
b'12-7-2023 12:37:11,-1.63704,9.84675,1.78637,1'
b'12-7-2023 12:37:11,-0.41031,8.35307,-0.54678,1'
b'12-7-2023 12:37:11,7.49714,4.39097,0.6593,1'
b'12-7-2023 12:37:11,11.28537,0.7428,0.56234,1'
b'12-7-2023 12:37:11,10.68772,-1.2803,0.67247,1'
b'12-7-2023 12:37:12,9.2482,-0.19273,0.60065,1'
b'12-7-2023 12:37:12,13.70501,-1.49937,0.14425,1'
b'12-7-2023 12:37:12,6.66695,4.38019,0.08799,1'
b'12-7-2023 12:37:12,2.17304,8.26927,1.79595,1'
b'12-7-2023 12:37:12,-1.69928,9.47894,-2.00215,1'
b'12-7-2023 12:37:12,-2.07278,9.63816,0.50967,1'
b'12-7-2023 12:37:13,-0.64045,9.80485,0.82959,1'
b'12-7-2023 12:37:13,-1.1986,9.71387,0.48812,1'
b'12-7-2023 12:37:13,-0.97564,9.75697,0.73831,1'
b'12-7-2023 12:37:13,-0.96007,9.76176,0.5791,1'
b'12-7-2023 12:37:13,0,0,0,0'
b'12-7-2023 12:37:13,0,0,0,0'
b'12-7-2023 12:37:14,0,0,0,0'
b'12-7-2023 12:37:14,-3.54731,9.64893,0.92057,1'
b'12-7-2023 12:37:14,1.6089,7.95414,0.93374,1'
b'12-7-2023 12:37:14,8.81455,4.44364,-0.40911,1'
b'12-7-2023 12:37:14,9.6615,1.46854,0.60663,1'
b'12-7-2023 12:37:14,11.17643,-1.53648,1.10133,1'
b'12-7-2023 12:37:15,9.2075,-0.79996,0.28102,1'
b'12-7-2023 12:37:15,9.94641,-1.18453,0.4522,1'
b'12-7-2023 12:37:15,12.53006,-0.97115,0.76585,1'
b'12-7-2023 12:37:15,6.59393,4.3371,-0.3732,1'
b'12-7-2023 12:37:15,3.61524,7.32895,0.96247,1'
b'12-7-2023 12:37:15,-1.06332,9.98203,0.93134,1'
b'12-7-2023 12:37:16,-1.39612,9.62978,0.77303,1'
b'12-7-2023 12:37:16,0.09637,9.89943,1.21027,1'
b'12-7-2023 12:37:16,-0.30855,9.76056,0.83438,1'
b'12-7-2023 12:37:16,-0.31813,9.77134,0.71796,1'
b'12-7-2023 12:37:16,0,0,0,0'
b'12-7-2023 12:37:16,0,0,0,0'
b'12-7-2023 12:37:17,0,0,0,0'
b'12-7-2023 12:37:17,0,0,0,0'
b'12-7-2023 12:37:17,-2.85509,9.83358,1.7361,1'
b'12-7-2023 12:37:17,5.58178,7.98646,0.62219,1'
b'12-7-2023 12:37:17,8.36654,3.83521,0.6593,1'
b'12-7-2023 12:37:18,10.34774,0.80385,0.48333,1'
b'12-7-2023 12:37:18,10.71166,-1.80134,0.76465,1'
b'12-7-2023 12:37:18,9.60733,-1.04447,0.47854,1'
b'12-7-2023 12:37:18,9.75607,-1.00616,0.47256,1'
b'12-7-2023 12:37:18,13.28213,-1.20847,0.79218,1'
b'12-7-2023 12:37:18,6.7735,4.47596,-0.04848,1'
b'12-7-2023 12:37:19,3.39109,8.49553,-0.23284,1'
b'12-7-2023 12:37:19,-0.56264,9.4143,-1.33956,1'
b'12-7-2023 12:37:19,-2.1458,9.60225,1.74926,1'
b'12-7-2023 12:37:19,-0.15652,9.8288,0.78141,1'
b'12-7-2023 12:37:19,-0.33848,9.73423,0.89663,1'
b'12-7-2023 12:37:19,-0.18884,9.78211,0.65811,1'
b'12-7-2023 12:37:20,0,0,0,0'
b'12-7-2023 12:37:20,0,0,0,0'
b'12-7-2023 12:37:20,0,0,0,0'
b'12-7-2023 12:37:20,0,0,0,0'
b'12-7-2023 12:37:20,0,0,0,0'
b'12-7-2023 12:37:20,-3.46351,9.97125,1.14922,1'
b'12-7-2023 12:37:21,4.93984,7.11347,0.30855,1'
b'12-7-2023 12:37:21,8.52246,3.95492,0.45819,1'
b'12-7-2023 12:37:21,11.03518,1.21685,1.15281,1'
b'12-7-2023 12:37:21,11.397,-1.70318,0.33728,1'
b'12-7-2023 12:37:21,9.14286,-0.59047,0.38038,1'
b'12-7-2023 12:37:21,11.20037,-0.88735,0.45699,1'
b'12-7-2023 12:37:22,10.82089,1.03609,0.59705,1'
b'12-7-2023 12:37:22,6.30304,5.99239,-0.96726,1'
b'12-7-2023 12:37:22,0.92865,8.53862,0.71916,1'
b'12-7-2023 12:37:22,-1.06452,10.00597,-1.02472,1'
b'12-7-2023 12:37:22,-0.93134,9.70071,0.42826,1'
b'12-7-2023 12:37:22,0.20051,9.86591,1.07141,1'
b'12-7-2023 12:37:23,-0.49919,9.75099,0.7012,1'
b'12-7-2023 12:37:23,-0.07991,9.81922,0.90621,1'
b'12-7-2023 12:37:23,0,0,0,0'
b'12-7-2023 12:37:23,0,0,0,0'
b'12-7-2023 12:37:23,0,0,0,0'
b'12-7-2023 12:37:23,0,0,0,0'
b'12-7-2023 12:37:24,-2.62734,10.49827,0.60065,1'
b'12-7-2023 12:37:24,4.42957,7.39719,0.44981,1'
b'12-7-2023 12:37:24,8.74632,3.25791,0.40791,1'
b'12-7-2023 12:37:24,12.91193,-0.46477,2.08595,1'
b'12-7-2023 12:37:24,9.84585,-0.93883,0.30736,1'
b'12-7-2023 12:37:25,9.80994,-0.24062,0.67367,1'
b'12-7-2023 12:37:25,14.71596,-1.30544,0.32651,1'
b'12-7-2023 12:37:25,7.11617,4.48554,0.41869,1'
b'12-7-2023 12:37:25,4.41042,7.70753,-0.06883,1'
b'12-7-2023 12:37:25,-0.86072,9.45261,-0.62339,1'
b'12-7-2023 12:37:25,-0.96486,10.2397,1.30723,1'
b'12-7-2023 12:37:25,-0.38636,9.7881,0.92536,1'
b'12-7-2023 12:37:26,-0.10265,9.84556,0.83677,1'
b'12-7-2023 12:37:26,-0.40432,9.75937,0.72874,1'
b'12-7-2023 12:37:26,-0.24391,9.7845,0.79697,1'
b'12-7-2023 12:37:26,0,0,0,0'
b'12-7-2023 12:37:26,0,0,0,0'
b'12-7-2023 12:37:27,0,0,0,0'
b'12-7-2023 12:37:27,0,0,0,0'
b'12-7-2023 12:37:27,3.93128,7.05122,-0.34566,1'
b'12-7-2023 12:37:27,8.50331,2.99215,0.12869,1'
b'12-7-2023 12:37:27,11.57297,0.00718,0.72754,1'
b'12-7-2023 12:37:27,10.12717,-1.25995,0.50009,1'
b'12-7-2023 12:37:28,9.29968,-0.82989,0.11552,1'
b'12-7-2023 12:37:28,12.57794,-1.42754,0.74789,1'
b'12-7-2023 12:37:28,8.07444,2.3933,0.26665,1'
b'12-7-2023 12:37:28,4.32902,6.16477,-0.1251,1'
b'12-7-2023 12:37:28,-0.9924,10.38216,0.71796,1'
b'12-7-2023 12:37:28,-1.12079,9.61661,-0.59945,1'
b'12-7-2023 12:37:29,-0.30137,9.89583,0.8667,1'
b'12-7-2023 12:37:29,-0.08469,9.82161,1.04148,1'
b'12-7-2023 12:37:29,-0.53271,9.7857,0.78141,1'
b'12-7-2023 12:37:29,-0.50398,9.77134,0.82361,1'
b'12-7-2023 12:37:29,-0.42467,9.80725,0.76824,1'
b'12-7-2023 12:37:29,0,0,0,0'
b'12-7-2023 12:37:30,0,0,0,0'
b'12-7-2023 12:37:30,0,0,0,0'
b'12-7-2023 12:37:30,-2.40228,9.67796,0.82361,1'
b'12-7-2023 12:37:30,6.1543,6.05105,0.18495,1'
b'12-7-2023 12:37:30,10.05056,2.68181,-0.34087,1'
b'12-7-2023 12:37:31,10.36929,0.81822,0.60304,1'
b'12-7-2023 12:37:31,10.21606,-1.1139,0.89423,1'
b'12-7-2023 12:37:31,9.97634,-0.58927,0.56234,1'
b'12-7-2023 12:37:31,11.1094,-0.88256,0.56593,1'
b'12-7-2023 12:37:31,10.1164,1.80373,0.50129,1'
b'12-7-2023 12:37:31,6.3988,6.29166,-0.04609,1'
b'12-7-2023 12:37:31,0.04938,7.92062,0.03531,1'
b'12-7-2023 12:37:32,-2.22152,9.9497,-0.65811,1'
b'12-7-2023 12:37:32,-1.84054,9.71028,1.35512,1'
b'12-7-2023 12:37:32,-1.06572,9.71507,0.61022,1'
b'12-7-2023 12:37:32,-0.9924,9.73901,0.60184,1'
b'12-7-2023 12:37:32,-0.85952,9.77612,0.50727,1'
b'12-7-2023 12:37:33,0,0,0,0'
b'12-7-2023 12:37:33,0,0,0,0'
b'12-7-2023 12:37:33,0,0,0,0'
b'12-7-2023 12:37:33,-2.19878,10.31632,0.96486,1'
b'12-7-2023 12:37:33,-0.11941,8.90284,0.37439,1'
b'12-7-2023 12:37:33,6.75434,4.88567,-0.2472,1'
b'12-7-2023 12:37:34,10.93462,0.64554,0.18375,1'
b'12-7-2023 12:37:34,10.6123,-0.89214,0.05926,1'
b'12-7-2023 12:37:34,9.79438,-0.69941,0.43066,1'
b'12-7-2023 12:37:34,9.96676,-0.90291,0.1646,1'
b'12-7-2023 12:37:34,13.90732,-1.7331,0.27982,1'
b'12-7-2023 12:37:34,6.26592,3.51918,0.19812,1'
b'12-7-2023 12:37:35,3.03315,7.1829,-0.91578,1'
b'12-7-2023 12:37:35,-0.56982,9.97245,1.30484,1'
b'12-7-2023 12:37:35,-2.03926,10.86489,1.35991,1'
b'12-7-2023 12:37:35,-0.54588,9.73542,0.51565,1'
b'12-7-2023 12:37:35,-0.17927,9.79887,0.85712,1'
b'12-7-2023 12:37:35,-0.4115,9.7857,0.78739,1'
b'12-7-2023 12:37:36,0,0,0,0'
b'12-7-2023 12:37:36,0,0,0,0'
b'12-7-2023 12:37:36,0,0,0,0'
b'12-7-2023 12:37:36,-1.96624,10.073,0.75866,1'
b'12-7-2023 12:37:36,0.69162,8.10527,-0.20889,1'
b'12-7-2023 12:37:36,8.14507,3.43748,0.10594,1'
b'12-7-2023 12:37:37,10.89871,0.37858,0.34806,1'
b'12-7-2023 12:37:37,10.2819,-1.40959,-0.07003,1'
b'12-7-2023 12:37:37,9.88057,-0.89573,0.25109,1'
b'12-7-2023 12:37:37,10.01225,-0.98671,0.23882,1'
b'12-7-2023 12:37:37,12.16584,-1.54127,-0.04369,1'
b'12-7-2023 12:37:37,9.11652,2.69378,0.01137,1'
b'12-7-2023 12:37:38,7.27658,6.18632,-0.07003,1'
b'12-7-2023 12:37:38,6.12078,7.59979,0.40911,1'
b'12-7-2023 12:37:38,0.06973,10.16398,1.08936,1'
b'12-7-2023 12:37:38,-0.53151,9.27783,-1.0319,1'
b'12-7-2023 12:37:38,-0.22236,9.90421,1.31801,1'
b'12-7-2023 12:37:38,-0.93494,9.70789,0.69641,1'
b'12-7-2023 12:37:39,0,0,0,0'
b'12-7-2023 12:37:39,0,0,0,0'
b'12-7-2023 12:37:39,0,0,0,0'
b'12-7-2023 12:37:39,0,0,0,0'
b'12-7-2023 12:37:39,0,0,0,0'
b'12-7-2023 12:37:40,-1.87526,10.20708,1.1983,1'
b'12-7-2023 12:37:40,1.28928,8.75799,-0.74549,1'
b'12-7-2023 12:37:40,4.51098,7.74105,0.23643,1'
b'12-7-2023 12:37:40,8.50929,5.06523,-0.11432,1'
b'12-7-2023 12:37:40,9.3751,2.45196,0.68564,1'
b'12-7-2023 12:37:40,11.271,-0.993,1.27731,1'
b'12-7-2023 12:37:41,9.24461,-0.17478,0.621,1'
b'12-7-2023 12:37:41,9.88895,-0.51266,0.3708,1'
b'12-7-2023 12:37:41,11.81598,-0.96995,0.18495,1'
b'12-7-2023 12:37:41,9.13328,2.7237,0.67846,1'
b'12-7-2023 12:37:41,6.42155,6.70376,0.18974,1'
b'12-7-2023 12:37:41,3.24384,9.02255,0.96965,1'
b'12-7-2023 12:37:42,-2.3113,10.45638,1.12288,1'
b'12-7-2023 12:37:42,-0.60334,9.73303,0.30855,1'
b'12-7-2023 12:37:42,-0.59735,9.87189,0.81163,1'
b'12-7-2023 12:37:42,0,0,0,0'
b'12-7-2023 12:37:42,0,0,0,0'
b'12-7-2023 12:37:42,0,0,0,0'
b'12-7-2023 12:37:43,0,0,0,0'
b'12-7-2023 12:37:43,0,0,0,0'
b'12-7-2023 12:37:43,6.20817,6.30872,-0.70838,1'
b'12-7-2023 12:37:43,9.07223,3.8831,0.0808,1'
b'12-7-2023 12:37:43,10.48182,1.56671,0.84156,1'
b'12-7-2023 12:37:43,9.34876,0.23972,0.54079,1'
b'12-7-2023 12:37:44,10.69131,-1.21685,0.31933,1'
b'12-7-2023 12:37:44,9.67587,-0.58089,0.38756,1'
b'12-7-2023 12:37:44,12.50372,-0.66708,0.60065,1'
b'12-7-2023 12:37:44,8.40006,3.21003,0.14545,1'
b'12-7-2023 12:37:44,6.41796,6.87764,0.1239,1'
b'12-7-2023 12:37:44,1.23182,9.39156,-0.34686,1'
b'12-7-2023 12:37:45,-0.28102,9.03811,-1.61279,1'
b'12-7-2023 12:37:45,-1.58167,10.40849,1.0319,1'
b'12-7-2023 12:37:45,-0.71228,9.71028,1.06542,1'
b'12-7-2023 12:37:45,-0.54229,9.79049,0.96965,1'
b'12-7-2023 12:37:45,-0.72903,9.76894,0.87628,1'
b'12-7-2023 12:37:46,0,0,0,0'
b'12-7-2023 12:37:46,0,0,0,0'
b'12-7-2023 12:37:46,0,0,0,0'
b'12-7-2023 12:37:46,-2.95205,10.02871,1.80074,1'
b'12-7-2023 12:37:46,3.64158,7.45973,0.07003,1'
b'12-7-2023 12:37:46,9.03003,3.93218,-0.28551,1'
b'12-7-2023 12:37:47,11.66156,1.22523,0.60903,1'
b'12-7-2023 12:37:47,10.1152,0.15233,-0.01975,1'
b'12-7-2023 12:37:47,10.35851,-0.48752,-0.00419,1'
b'12-7-2023 12:37:47,9.84945,-0.26935,0.73711,1'
b'12-7-2023 12:37:47,12.02218,0,0.61621,1'
b'12-7-2023 12:37:47,7.49714,4.41491,0.50248,1'
b'12-7-2023 12:37:48,4.7088,8.20942,-0.60424,1'
b'12-7-2023 12:37:48,0.41719,8.2178,-0.34207,1'
b'12-7-2023 12:37:48,-1.65858,9.96407,-1.20668,1'
b'12-7-2023 12:37:48,-1.94828,9.62379,1.28209,1'
b'12-7-2023 12:37:48,-0.68115,9.77732,0.51326,1'
b'12-7-2023 12:37:48,-0.89304,9.77732,0.68325,1'
b'12-7-2023 12:37:49,0,0,0,0'
b'12-7-2023 12:37:49,0,0,0,0'
b'12-7-2023 12:37:49,0,0,0,0'
b'12-7-2023 12:37:49,0,0,0,0'
b'12-7-2023 12:37:49,-1.0729,9.27304,-0.43066,1'
b'12-7-2023 12:37:49,5.85861,6.91116,0.43305,1'
b'12-7-2023 12:37:50,9.59297,3.74304,-0.47734,1'
b'12-7-2023 12:37:50,9.79558,2.12126,0.26665,1'
b'12-7-2023 12:37:50,10.01105,0.28521,0.28341,1'
b'12-7-2023 12:37:50,10.2807,-0.39863,0.29419,1'
b'12-7-2023 12:37:50,9.63995,-0.15203,0.64853,1'
b'12-7-2023 12:37:50,12.12753,-0.5797,0.42347,1'
b'12-7-2023 12:37:51,9.21349,2.72251,0.21727,1'
b'12-7-2023 12:37:51,6.48021,6.19829,-0.55994,1'
b'12-7-2023 12:37:51,3.84389,8.33631,2.16137,1'
b'12-7-2023 12:37:51,-0.50996,9.14735,-1.21865,1'
b'12-7-2023 12:37:51,-1.06213,9.83718,1.47992,1'
b'12-7-2023 12:37:51,-0.9517,9.70669,1.13485,1'
b'12-7-2023 12:37:52,-0.6177,9.75099,1.1169,1'
b'12-7-2023 12:37:52,0,0,0,0'
b'12-7-2023 12:37:52,0,0,0,0'
b'12-7-2023 12:37:52,0,0,0,0'
b'12-7-2023 12:37:52,0,0,0,0'
b'12-7-2023 12:37:52,4.50738,7.92541,-1.06303,1'
b'12-7-2023 12:37:53,7.27179,4.82102,0.90142,1'
b'12-7-2023 12:37:53,11.8507,1.1965,0.57311,1'
b'12-7-2023 12:37:53,10.35253,0.59047,0.87867,1'
b'12-7-2023 12:37:53,9.08899,0.72844,0.83079,1'
b'12-7-2023 12:37:53,10.19331,0.22296,0.55994,1'
b'12-7-2023 12:37:53,12.12753,-0.01556,0.47974,1'
b'12-7-2023 12:37:54,7.44926,4.03393,0.27384,1'
b'12-7-2023 12:37:54,6.37366,6.44399,0.12031,1'
b'12-7-2023 12:37:54,2.47022,8.95192,0.82959,1'
b'12-7-2023 12:37:54,-1.24289,10.22743,-0.54079,1'
b'12-7-2023 12:37:54,-2.21075,9.58908,0.34447,1'
b'12-7-2023 12:37:55,-0.91339,9.79767,0.79936,1'
b'12-7-2023 12:37:55,-0.7829,9.74739,0.5767,1'
b'12-7-2023 12:37:55,-0.91339,9.76655,0.66289,1'
b'12-7-2023 12:37:55,0,0,0,0'
b'12-7-2023 12:37:55,0,0,0,0'
b'12-7-2023 12:37:55,0,0,0,0'
b'12-7-2023 12:37:56,0,0,0,0'
b'12-7-2023 12:37:56,3.91811,7.37683,0.42587,1'
b'12-7-2023 12:37:56,8.53204,4.37181,-0.21368,1'
b'12-7-2023 12:37:56,9.43734,2.32118,0.56593,1'
b'12-7-2023 12:37:56,10.93701,0.42527,0.47256,1'
b'12-7-2023 12:37:56,10.01225,0.04908,0.19692,1'
b'12-7-2023 12:37:57,10.73081,0.01676,0.66649,1'
b'12-7-2023 12:37:57,10.63145,0.94751,0.48333,1'
b'12-7-2023 12:37:57,7.1437,6.01753,-0.4546,1'
b'12-7-2023 12:37:57,2.2712,8.219,0.5384,1'
b'12-7-2023 12:37:57,-1.0729,9.86112,-1.49428,1'
b'12-7-2023 12:37:57,-2.22511,9.34846,0.62698,1'
b'12-7-2023 12:37:58,-1.16987,9.72585,-0.2077,1'
b'12-7-2023 12:37:58,-1.42365,9.71507,0.54558,1'
b'12-7-2023 12:37:58,-1.04627,9.74979,0.63057,1'
b'12-7-2023 12:37:58,-1.29197,9.73662,0.58508,1'
b'12-7-2023 12:37:58,0,0,0,0'
b'12-7-2023 12:37:59,0,0,0,0'
b'12-7-2023 12:37:59,0,0,0,0'
b'12-7-2023 12:37:59,-2.2311,9.52204,0.13587,1'
b'12-7-2023 12:37:59,4.38289,6.74686,0.81044,1'
b'12-7-2023 12:37:59,9.64833,3.03166,-0.37439,1'
b'12-7-2023 12:37:59,9.95479,1.36799,0.61022,1'
b'12-7-2023 12:38:0,10.56202,-0.43485,-0.05686,1'
b'12-7-2023 12:38:0,9.70939,-0.02993,0.35524,1'
b'12-7-2023 12:38:0,12.50372,-0.90291,0.31214,1'
b'12-7-2023 12:38:0,7.66833,3.62452,0.40672,1'
b'12-7-2023 12:38:0,5.85143,6.90398,0.13348,1'
b'12-7-2023 12:38:0,1.22463,8.68257,-0.87987,1'
b'12-7-2023 12:38:1,-1.35781,9.36163,-0.51924,1'
b'12-7-2023 12:38:1,-2.29454,9.32452,1.56012,1'
b'12-7-2023 12:38:1,-1.00078,9.76535,0.33609,1'
b'12-7-2023 12:38:1,-1.11719,9.74739,0.74071,1'
b'12-7-2023 12:38:1,-1.22972,9.73183,0.62818,1'
b'12-7-2023 12:38:1,0,0,0,0'
b'12-7-2023 12:38:2,-2.32686,10.12089,0.82121,1'
b'12-7-2023 12:38:2,1.67235,8.52545,-0.4522,1'
b'12-7-2023 12:38:2,5.55664,6.52061,-0.65212,1'
b'12-7-2023 12:38:2,10.12837,2.88531,0.14305,1'
b'12-7-2023 12:38:2,10.74548,0.76195,0.8272,1'
b'12-7-2023 12:38:3,10.28429,0.06704,0.44742,1'
b'12-7-2023 12:38:3,9.34517,0.33668,0.44622,1'
b'12-7-2023 12:38:3,9.78839,0.29838,0.81283,1'
b'12-7-2023 12:38:3,13.20073,0.39774,0.65451,1'
b'12-7-2023 12:38:3,7.37235,4.27485,0.63177,1'
b'12-7-2023 12:38:3,4.70999,7.16016,-0.51685,1'
b'12-7-2023 12:38:4,-1.36739,8.82982,1.13006,1'
b'12-7-2023 12:38:4,-2.1039,9.76415,-1.6523,1'
b'12-7-2023 12:38:4,-2.10151,9.77134,1.28928,1'
b'12-7-2023 12:38:4,-1.10522,9.75577,0.54438,1'
b'12-7-2023 12:38:4,0,0,0,0'
b'12-7-2023 12:38:4,0,0,0,0'
b'12-7-2023 12:38:5,0,0,0,0'
b'12-7-2023 12:38:5,-2.9329,9.74141,0.52403,1'
b'12-7-2023 12:38:5,-0.208,8.68616,-0.36721,1'
b'12-7-2023 12:38:5,5.46566,7.4334,-1.01275,1'
b'12-7-2023 12:38:5,7.23827,5.0772,-0.12629,1'
b'12-7-2023 12:38:6,10.44949,2.48428,0.71676,1'
b'12-7-2023 12:38:6,10.54885,0.11133,0.92775,1'
b'12-7-2023 12:38:6,9.68185,0.76195,1.01873,1'
b'12-7-2023 12:38:6,9.7429,0.73562,1.00197,1'
b'12-7-2023 12:38:6,10.51055,0.69103,0.58748,1'
b'12-7-2023 12:38:6,11.44009,2.00036,1.86059,1'
b'12-7-2023 12:38:7,7.07427,5.36361,-0.27234,1'
b'12-7-2023 12:38:7,5.92685,8.03225,1.21745,1'
b'12-7-2023 12:38:7,0.75028,9.55436,-1.30963,1'
b'12-7-2023 12:38:7,-1.25127,10.11251,0.28222,1'
b'12-7-2023 12:38:7,-0.92057,9.4143,0.167,1'
b'12-7-2023 12:38:7,0,0,0,0'
b'12-7-2023 12:38:8,0,0,0,0'
b'12-7-2023 12:38:16,0,0,0,0'
b'12-7-2023 12:38:16,0,0,0,0'
b'12-7-2023 12:38:16,0,0,0,0'
b'12-7-2023 12:38:17,0,0,0,0'
b'12-7-2023 12:38:17,0,0,0,0'
b'12-7-2023 12:38:17,0,0,0,0'
b'12-7-2023 12:38:17,2.68689,8.63828,0.90501,1'
b'12-7-2023 12:38:17,6.87076,6.17674,-1.12049,1'
b'12-7-2023 12:38:18,10.18972,3.03166,-0.17178,1'
b'12-7-2023 12:38:18,10.79695,1.39432,0.59945,1'
b'12-7-2023 12:38:18,9.80755,0.80505,0.06165,1'
b'12-7-2023 12:38:18,10.28908,0.54737,0.19453,1'
b'12-7-2023 12:38:18,13.41381,0.38098,1.02352,1'
b'12-7-2023 12:38:18,5.75686,5.30256,-0.18735,1'
b'12-7-2023 12:38:19,3.44406,7.81767,0.86191,1'
b'12-7-2023 12:38:19,-0.81044,9.48852,-2.08595,1'
b'12-7-2023 12:38:19,-2.94008,9.62379,1.20668,1'
b'12-7-2023 12:38:19,-2.36158,9.48732,0.03292,1'
b'12-7-2023 12:38:19,-1.90758,9.63457,0.88945,1'
b'12-7-2023 12:38:19,-2.0632,9.59865,0.18974,1'
b'12-7-2023 12:38:19,-1.78188,9.67048,0.6593,1'
b'12-7-2023 12:38:20,0,0,0,0'
b'12-7-2023 12:38:20,0,0,0,0'
b'12-7-2023 12:38:20,0,0,0,0'
b'12-7-2023 12:38:20,0,0,0,0'
b'12-7-2023 12:38:20,0,0,0,0'
b'12-7-2023 12:38:21,6.71005,6.51582,0.11911,1'
b'12-7-2023 12:38:21,9.2889,4.1719,-1.05225,1'
b'12-7-2023 12:38:21,9.96916,2.1488,-0.01736,1'
b'12-7-2023 12:38:21,9.27574,0.73442,0.11911,1'
b'12-7-2023 12:38:21,10.42196,0.14635,-0.02813,1'
b'12-7-2023 12:38:21,10.09006,0.25768,0.36721,1'
b'12-7-2023 12:38:22,12.11436,0.07542,0.30975,1'
b'12-7-2023 12:38:22,7.35559,4.02675,-0.42826,1'
b'12-7-2023 12:38:22,6.75793,6.80432,0.16221,1'
b'12-7-2023 12:38:22,-0.8691,9.76894,1.09774,1'
b'12-7-2023 12:38:22,-1.33626,10.07899,-2.12066,1'
b'12-7-2023 12:38:22,-1.74837,10.59045,1.66547,1'
b'12-7-2023 12:38:23,-1.14952,9.6609,0.83797,1'
b'12-7-2023 12:38:23,-0.79847,9.7869,1.06662,1'
b'12-7-2023 12:38:23,-1.05135,9.73303,0.91818,1'
b'12-7-2023 12:38:23,0,0,0,0'
b'12-7-2023 12:38:23,0,0,0,0'
b'12-7-2023 12:38:23,0,0,0,0'
b'12-7-2023 12:38:24,0,0,0,0'
b'12-7-2023 12:38:24,-3.78314,9.92696,0.91578,1'
b'12-7-2023 12:38:24,3.25342,7.8883,0.99359,1'
b'12-7-2023 12:38:24,7.61805,5.63894,-0.1646,1'
b'12-7-2023 12:38:24,10.68891,2.81708,-0.04848,1'
b'12-7-2023 12:38:25,10.13076,0.1655,0.29419,1'
b'12-7-2023 12:38:25,9.56304,-0.30885,0.30855,1'
b'12-7-2023 12:38:25,10.48182,-0.06823,0.68564,1'
b'12-7-2023 12:38:25,11.61846,0.44442,0.62219,1'
b'12-7-2023 12:38:25,7.30411,4.88088,-0.0808,1'
b'12-7-2023 12:38:25,5.63805,8.01549,0.7036,1'
b'12-7-2023 12:38:26,-0.02723,8.39138,-0.83408,1'
b'12-7-2023 12:38:26,-3.21661,9.57471,0.42347,1'
b'12-7-2023 12:38:26,-1.45717,9.69951,1.06662,1'
b'12-7-2023 12:38:26,-1.16628,9.75338,1.03669,1'
b'12-7-2023 12:38:26,-1.42964,9.65133,1.02113,1'
b'12-7-2023 12:38:26,0,0,0,0'
b'12-7-2023 12:38:27,0,0,0,0'
b'12-7-2023 12:38:27,0,0,0,0'
b'12-7-2023 12:38:27,-2.57586,9.86591,1.70138,1'
b'12-7-2023 12:38:27,1.41378,7.86914,1.05465,1'
b'12-7-2023 12:38:27,10.37527,4.85454,0.15143,1'
b'12-7-2023 12:38:27,10.26514,2.8099,0.85712,1'
b'12-7-2023 12:38:28,10.26753,0.97983,0.50488,1'
b'12-7-2023 12:38:28,10.26993,-0.48872,0.51445,1'
b'12-7-2023 12:38:28,9.7022,0.21697,0.37918,1'
b'12-7-2023 12:38:28,10.41478,0.09577,0.47256,1'
b'12-7-2023 12:38:28,12.89876,1.29377,1.04507,1'
b'12-7-2023 12:38:28,7.32087,5.79606,-0.06165,1'
b'12-7-2023 12:38:29,2.90866,8.49074,-1.76483,1'
b'12-7-2023 12:38:29,-2.54354,10.92833,1.26893,1'
b'12-7-2023 12:38:29,-2.66684,9.20122,0.46418,1'
b'12-7-2023 12:38:29,-0.93494,9.89105,1.21745,1'
b'12-7-2023 12:38:29,-1.70886,9.62978,0.56473,1'
b'12-7-2023 12:38:29,0,0,0,0'
b'12-7-2023 12:38:30,0,0,0,0'
b'12-7-2023 12:38:30,0,0,0,0'
b'12-7-2023 12:38:36,0,0,0,0'
b'12-7-2023 12:38:36,0,0,0,0'
b'12-7-2023 12:38:36,-1.74477,9.93294,1.46196,1'
b'12-7-2023 12:38:36,1.71425,7.93857,0.52283,1'
b'12-7-2023 12:38:36,9.72734,5.23911,-0.64374,1'
b'12-7-2023 12:38:36,9.41699,2.54773,-0.01975,1'
b'12-7-2023 12:38:37,11.00764,1.01933,0.27503,1'
b'12-7-2023 12:38:37,10.39682,0.24451,0.24002,1'
b'12-7-2023 12:38:37,11.74775,0.28641,0.71198,1'
b'12-7-2023 12:38:37,9.83388,1.86269,1.30245,1'
b'12-7-2023 12:38:37,4.44513,6.87286,-0.64614,1'
b'12-7-2023 12:38:37,-0.1661,8.29441,0.46298,1'
b'12-7-2023 12:38:38,-1.90399,10.54616,-0.9074,1'
b'12-7-2023 12:38:38,-1.50865,9.62978,1.30245,1'
b'12-7-2023 12:38:38,-1.04148,9.74739,0.96726,1'
b'12-7-2023 12:38:38,-0.99838,9.75458,1.02352,1'
b'12-7-2023 12:38:38,-0.91099,9.76774,0.92057,1'
b'12-7-2023 12:38:38,0,0,0,0'
b'12-7-2023 12:38:39,0,0,0,0'
b'12-7-2023 12:38:39,0,0,0,0'
b'12-7-2023 12:38:39,0,0,0,0'
b'12-7-2023 12:38:39,0,0,0,0'
b'12-7-2023 12:38:39,-0.22835,8.85855,-0.3289,1'
b'12-7-2023 12:38:40,5.05835,6.44639,-0.0006,1'
b'12-7-2023 12:38:40,11.94916,1.64452,0.15981,1'
b'12-7-2023 12:38:40,10.50815,0.79787,0.84276,1'
b'12-7-2023 12:38:40,10.57639,0.07302,0.49051,1'
b'12-7-2023 12:38:40,10.47224,0.19423,0.24989,1'
b'12-7-2023 12:38:40,11.44249,1.26384,0.79338,1'
b'12-7-2023 12:38:41,5.60692,6.70376,0.21368,1'
b'12-7-2023 12:38:41,-0.29179,8.44046,-0.65451,1'
b'12-7-2023 12:38:41,-2.30771,9.67168,1.08697,1'
b'12-7-2023 12:38:41,-0.89783,9.67527,0.29419,1'
b'12-7-2023 12:38:41,-0.58059,9.81683,1.00916,1'
b'12-7-2023 12:38:41,-0.87747,9.74261,0.63536,1'
b'12-7-2023 12:38:42,-0.87508,9.72225,0.91937,1'
b'12-7-2023 12:38:42,-1.00916,9.71268,0.88226,1'
b'12-7-2023 12:38:42,0,0,0,0'
b'12-7-2023 12:38:42,0,0,0,0'
b'12-7-2023 12:38:42,0,0,0,0'
b'12-7-2023 12:38:42,0,0,0,0'
b'12-7-2023 12:38:43,0,0,0,0'
b'12-7-2023 12:38:43,0,0,0,0'

