b'11-7-2023 9:54:6,0,0,0,0'
b'11-7-2023 9:54:7,0,0,0,0'
b'11-7-2023 9:54:7,0,0,0,0'
b'11-7-2023 9:54:7,0,0,0,0'
b'11-7-2023 9:54:8,0,0,0,0'
b'11-7-2023 9:54:8,0,0,0,0'
b'11-7-2023 9:54:8,0,0,0,0'
b'11-7-2023 9:54:9,-0.31933,9.55077,0.55276,1'
b'11-7-2023 9:54:9,-1.40929,3.02687,10.69759,1'
b'11-7-2023 9:54:9,1.38265,0.10056,9.29758,1'
b'11-7-2023 9:54:10,1.0304,3.42191,9.46997,1'
b'11-7-2023 9:54:10,0.93942,8.69694,-2.02609,1'
b'11-7-2023 9:54:10,-0.29658,9.56154,0.06764,1'
b'11-7-2023 9:54:11,0.76465,9.85513,1.33716,1'
b'11-7-2023 9:54:11,0.29868,9.79647,0.54797,1'
b'11-7-2023 9:54:11,0.27473,9.79528,1.49548,1'
b'11-7-2023 9:54:12,0.09397,9.7438,0.94691,1'
b'11-7-2023 9:54:12,0.28072,9.71866,1.45957,1'
b'11-7-2023 9:54:12,0.11672,9.80605,1.1564,1'
b'11-7-2023 9:54:13,0.21488,9.81922,1.12887,1'
b'11-7-2023 9:54:13,0.0808,9.77852,0.98162,1'
b'11-7-2023 9:54:13,0.14186,9.80605,1.50745,1'
b'11-7-2023 9:54:14,0,0,0,0'
b'11-7-2023 9:54:14,0,0,0,0'
b'11-7-2023 9:54:14,0,0,0,0'
b'11-7-2023 9:54:14,0,0,0,0'
b'11-7-2023 9:54:15,0.32741,9.35804,-1.7361,1'
b'11-7-2023 9:54:15,-0.13497,3.51918,7.38701,1'
b'11-7-2023 9:54:15,0.88556,1.31053,8.42071,1'
b'11-7-2023 9:54:16,-0.123,4.53462,10.61858,1'
b'11-7-2023 9:54:16,-0.71706,8.96269,-2.57107,1'
b'11-7-2023 9:54:16,0.91668,10.06343,1.35871,1'
b'11-7-2023 9:54:17,0.35135,9.79647,0.03412,1'
b'11-7-2023 9:54:17,-0.04399,9.80845,0.55635,1'
b'11-7-2023 9:54:17,-0.1637,9.68634,0.60424,1'
b'11-7-2023 9:54:18,-0.17328,9.78091,0.6605,1'
b'11-7-2023 9:54:18,-0.10265,9.82999,0.79338,1'
b'11-7-2023 9:54:18,-0.12061,9.76655,0.88705,1'
b'11-7-2023 9:54:19,-0.372,9.58549,0.95409,1'
b'11-7-2023 9:54:19,-0.07153,9.73901,0.87987,1'
b'11-7-2023 9:54:19,-0.08469,9.79169,0.98282,1'
b'11-7-2023 9:54:20,0,0,0,0'
b'11-7-2023 9:54:20,0,0,0,0'
b'11-7-2023 9:54:20,0,0,0,0'
b'11-7-2023 9:54:21,0,0,0,0'
b'11-7-2023 9:54:21,1.02442,6.91475,5.43604,1'
b'11-7-2023 9:54:21,2.8509,3.88669,10.53958,1'
b'11-7-2023 9:54:22,2.04375,2.60519,10.08079,1'
b'11-7-2023 9:54:22,1.71784,1.45418,11.89649,1'
b'11-7-2023 9:54:22,-0.40432,8.99142,-1.75166,1'
b'11-7-2023 9:54:23,0.93464,10.08976,1.50865,1'
b'11-7-2023 9:54:23,-0.09188,9.71747,0.03412,1'
b'11-7-2023 9:54:23,0.13587,9.76176,0.40911,1'
b'11-7-2023 9:54:24,0.4136,9.8671,1.43443,1'
b'11-7-2023 9:54:24,0.17897,9.68754,0.88825,1'
b'11-7-2023 9:54:24,0.11193,9.74739,0.85353,1'
b'11-7-2023 9:54:25,0.26875,9.76535,1.30484,1'
b'11-7-2023 9:54:25,0.3286,9.80007,1.20189,1'
b'11-7-2023 9:54:25,0.22206,9.71387,1.15281,1'
b'11-7-2023 9:54:26,0.23044,9.80246,1.04866,1'
b'11-7-2023 9:54:26,0,0,0,0'
b'11-7-2023 9:54:26,0,0,0,0'
b'11-7-2023 9:54:27,0,0,0,0'
b'11-7-2023 9:54:27,0.21967,8.39736,0.54558,1'
b'11-7-2023 9:54:27,1.83306,5.12509,10.43543,1'
b'11-7-2023 9:54:28,2.12635,2.06021,11.11209,1'
b'11-7-2023 9:54:28,1.68552,1.80134,10.72513,1'
b'11-7-2023 9:54:28,-0.21278,4.85335,7.00394,1'
b'11-7-2023 9:54:28,-0.16251,9.37719,0.07123,1'
b'11-7-2023 9:54:29,0.19812,9.94611,0.16101,1'
b'11-7-2023 9:54:29,0.39923,9.81323,1.50745,1'
b'11-7-2023 9:54:29,0.26037,9.7462,1.30125,1'
b'11-7-2023 9:54:30,0.27833,9.72225,1.18034,1'
b'11-7-2023 9:54:30,0.14784,9.63816,1.03908,1'
b'11-7-2023 9:54:30,0.17418,9.70909,1.56371,1'
b'11-7-2023 9:54:31,0.06494,9.68395,1.5697,1'
b'11-7-2023 9:54:31,0.14425,9.71866,1.89052,1'
b'11-7-2023 9:54:31,0.0844,9.70909,1.76363,1'
b'11-7-2023 9:54:32,0,0,0,0'
b'11-7-2023 9:54:32,0,0,0,0'
b'11-7-2023 9:54:32,-0.22356,8.95791,-0.47136,1'
b'11-7-2023 9:54:33,0.082,4.47117,10.48571,1'
b'11-7-2023 9:54:33,1.66277,1.64571,9.52144,1'
b'11-7-2023 9:54:33,1.22942,1.14144,9.97065,1'
b'11-7-2023 9:54:34,1.74178,4.06535,6.97371,1'
b'11-7-2023 9:54:34,-0.54348,8.54341,1.2785,1'
b'11-7-2023 9:54:34,-0.0428,9.63576,0.30017,1'
b'11-7-2023 9:54:35,-0.01766,9.73423,1.87496,1'
b'11-7-2023 9:54:35,-0.13737,9.75099,0.78021,1'
b'11-7-2023 9:54:35,0.06255,9.80007,1.5266,1'
b'11-7-2023 9:54:36,-0.15054,9.66569,1.30484,1'
b'11-7-2023 9:54:36,-0.30855,9.56633,1.2378,1'
b'11-7-2023 9:54:36,-0.14455,9.73423,1.75285,1'
b'11-7-2023 9:54:37,-0.15413,9.69592,1.50027,1'
b'11-7-2023 9:54:37,-0.06554,9.72585,1.74208,1'
b'11-7-2023 9:54:37,0,0,0,0'
b'11-7-2023 9:54:38,0,0,0,0'
b'11-7-2023 9:54:38,0,0,0,0'
b'11-7-2023 9:54:38,0,0,0,0'
b'11-7-2023 9:54:39,-0.91698,6.22463,6.05045,1'
b'11-7-2023 9:54:39,0.99928,1.95846,12.07396,1'
b'11-7-2023 9:54:39,0.63895,1.47932,9.64235,1'
b'11-7-2023 9:54:40,0.12629,3.3465,11.69059,1'
b'11-7-2023 9:54:40,0.31184,8.91481,2.33973,1'
b'11-7-2023 9:54:40,-0.59256,9.72345,-0.31454,1'
b'11-7-2023 9:54:41,0.18016,9.79049,2.10031,1'
b'11-7-2023 9:54:41,-0.50996,9.74261,1.21625,1'
b'11-7-2023 9:54:41,-0.34207,9.75697,1.2797,1'
b'11-7-2023 9:54:42,-0.44023,9.65252,1.22942,1'
b'11-7-2023 9:54:42,-0.32292,9.60943,1.6092,1'
b'11-7-2023 9:54:42,-0.30376,9.59626,1.53738,1'
b'11-7-2023 9:54:43,-0.28222,9.68874,1.63434,1'
b'11-7-2023 9:54:43,-0.36841,9.6214,1.68941,1'
b'11-7-2023 9:54:43,-0.21518,9.66449,1.95187,1'
b'11-7-2023 9:54:44,0,0,0,0'
b'11-7-2023 9:54:44,0,0,0,0'
b'11-7-2023 9:54:44,0,0,0,0'
b'11-7-2023 9:54:45,0,0,0,0'
b'11-7-2023 9:54:45,0.03861,7.07995,5.12688,1'
b'11-7-2023 9:54:45,1.00048,2.94427,9.27125,1'
b'11-7-2023 9:54:46,1.44969,0.6611,10.97801,1'
b'11-7-2023 9:54:46,1.12737,1.42545,12.0174,1'
b'11-7-2023 9:54:46,1.14533,5.15382,7.2254,1'
b'11-7-2023 9:54:47,-0.42826,9.49451,-0.01736,1'
b'11-7-2023 9:54:47,0.31663,9.88985,1.3228,1'
b'11-7-2023 9:54:47,-0.27025,9.77134,-0.18615,1'
b'11-7-2023 9:54:48,0.07213,9.77493,1.3623,1'
b'11-7-2023 9:54:48,-0.10265,9.80246,0.87029,1'
b'11-7-2023 9:54:48,-0.09547,9.69592,1.44281,1'
b'11-7-2023 9:54:48,-0.13138,9.79647,1.27611,1'
b'11-7-2023 9:54:49,-0.14694,9.7869,1.10133,1'
b'11-7-2023 9:54:49,-0.13018,9.70789,1.29407,1'
b'11-7-2023 9:54:49,-0.14096,9.76774,1.37218,1'
b'11-7-2023 9:54:50,0,0,0,0'
b'11-7-2023 9:54:50,0,0,0,0'
b'11-7-2023 9:54:50,0,0,0,0'
b'11-7-2023 9:54:51,1.15849,7.2655,7.31758,1'
b'11-7-2023 9:54:51,1.40659,3.40874,11.73488,1'
b'11-7-2023 9:54:51,0.40282,0.93913,9.51306,1'
b'11-7-2023 9:54:52,0.26516,1.91895,11.81269,1'
b'11-7-2023 9:54:52,0.62189,7.22241,4.13509,1'
b'11-7-2023 9:54:52,-0.03202,9.76535,-0.17178,1'
b'11-7-2023 9:54:53,0.14784,9.67407,1.93392,1'
b'11-7-2023 9:54:53,-0.62249,9.72106,0.64135,1'
b'11-7-2023 9:54:53,-0.34566,9.7019,1.38894,1'
b'11-7-2023 9:54:54,-0.47136,9.6214,1.14323,1'
b'11-7-2023 9:54:54,-0.3732,9.68634,1.57329,1'
b'11-7-2023 9:54:54,-0.18405,9.64414,1.8977,1'
b'11-7-2023 9:54:55,-0.3301,9.66928,1.61998,1'
b'11-7-2023 9:54:55,-0.34207,9.66449,1.73011,1'
b'11-7-2023 9:54:55,-0.372,9.60943,1.75884,1'
b'11-7-2023 9:54:56,0,0,0,0'
b'11-7-2023 9:54:56,0,0,0,0'
b'11-7-2023 9:54:56,0,0,0,0'
b'11-7-2023 9:54:57,-0.02723,8.11964,0.88107,1'
b'11-7-2023 9:54:57,-0.44383,4.95749,7.55131,1'
b'11-7-2023 9:54:57,1.49997,1.14982,11.48349,1'
b'11-7-2023 9:54:58,2.05692,1.12587,11.32757,1'
b'11-7-2023 9:54:58,1.46166,5.01017,8.14777,1'
b'11-7-2023 9:54:58,-0.28102,9.04649,0.40312,1'
b'11-7-2023 9:54:59,0.15742,9.85154,1.38534,1'
b'11-7-2023 9:54:59,-0.18884,9.81802,0.98402,1'
b'11-7-2023 9:54:59,-0.05836,9.65851,1.39732,1'
b'11-7-2023 9:55:0,-0.01526,9.69472,1.17675,1'
b'11-7-2023 9:55:0,-0.10265,9.75697,1.53259,1'
b'11-7-2023 9:55:0,-0.17687,9.70789,1.37098,1'
b'11-7-2023 9:55:1,-0.10145,9.72106,1.5697,1'
b'11-7-2023 9:55:1,-0.34447,9.7031,1.44879,1'
b'11-7-2023 9:55:1,-0.07512,9.70549,1.61878,1'
b'11-7-2023 9:55:2,0,0,0,0'
b'11-7-2023 9:55:2,0,0,0,0'
b'11-7-2023 9:55:2,0,0,0,0'
b'11-7-2023 9:55:3,-1.13395,6.13604,5.12569,1'
b'11-7-2023 9:55:3,2.19937,2.57766,12.22838,1'
b'11-7-2023 9:55:3,0.4962,0.50548,9.34786,1'
b'11-7-2023 9:55:4,0.42796,1.5296,12.69795,1'
b'11-7-2023 9:55:4,0.42557,7.32775,4.33051,1'
b'11-7-2023 9:55:4,0.06494,9.49211,0.64254,1'
b'11-7-2023 9:55:4,-0.15413,9.76655,1.38894,1'
b'11-7-2023 9:55:5,-0.1254,9.67168,1.55414,1'
b'11-7-2023 9:55:5,-0.27144,9.65372,1.82229,1'
b'11-7-2023 9:55:5,-0.11821,9.64893,2.18291,1'
b'11-7-2023 9:55:6,-0.44143,9.61541,1.66188,1'
b'11-7-2023 9:55:6,-0.19363,9.60464,2.21643,1'
b'11-7-2023 9:55:6,-0.51954,9.60464,1.79356,1'
b'11-7-2023 9:55:7,-0.34686,9.62978,2.15538,1'
b'11-7-2023 9:55:7,-0.35644,9.48852,2.13383,1'
b'11-7-2023 9:55:7,0,0,0,0'
b'11-7-2023 9:55:8,0,0,0,0'
b'11-7-2023 9:55:8,0,0,0,0'
b'11-7-2023 9:55:8,0.43275,7.29902,7.31997,1'
b'11-7-2023 9:55:9,0.49859,2.44119,11.54454,1'
b'11-7-2023 9:55:9,0.16939,0.49949,9.47475,1'
b'11-7-2023 9:55:9,0.42677,0.48872,10.42346,1'
b'11-7-2023 9:55:10,-0.05357,4.96468,7.58483,1'
b'11-7-2023 9:55:10,-0.78889,9.33769,1.23182,1'
b'11-7-2023 9:55:10,-0.34566,9.85513,1.16358,1'
b'11-7-2023 9:55:11,-0.21518,9.71627,1.53977,1'
b'11-7-2023 9:55:11,-0.52074,9.65013,1.39133,1'
b'11-7-2023 9:55:11,-0.36123,9.67647,1.59244,1'
b'11-7-2023 9:55:12,-0.41509,9.63936,1.48949,1'
b'11-7-2023 9:55:12,-0.30616,9.73662,2.34692,1'
b'11-7-2023 9:55:12,-0.47136,9.63816,1.89411,1'
b'11-7-2023 9:55:13,-0.48094,9.57711,1.83426,1'
b'11-7-2023 9:55:13,-0.6201,9.59147,2.01652,1'
b'11-7-2023 9:55:13,0,0,0,0'
b'11-7-2023 9:55:14,0,0,0,0'
b'11-7-2023 9:55:14,0,0,0,0'
b'11-7-2023 9:55:14,-0.25349,9.1677,0.78141,1'
b'11-7-2023 9:55:15,-0.43904,5.60303,7.81587,1'
b'11-7-2023 9:55:15,1.43054,2.59083,11.95395,1'
b'11-7-2023 9:55:15,0.38966,0.59167,10.25197,1'
b'11-7-2023 9:55:16,-0.57581,1.02651,12.32415,1'
b'11-7-2023 9:55:16,0.32501,6.57687,4.13748,1'
b'11-7-2023 9:55:16,0.28431,9.5376,2.76859,1'
b'11-7-2023 9:55:17,-0.83797,9.50408,1.34195,1'
b'11-7-2023 9:55:17,-0.25349,9.69113,2.46184,1'
b'11-7-2023 9:55:17,-0.39235,9.55795,1.88334,1'
b'11-7-2023 9:55:18,-0.47256,9.51366,2.20925,1'
b'11-7-2023 9:55:18,-0.36721,9.51246,2.37804,1'
b'11-7-2023 9:55:18,-0.36123,9.52204,2.44149,1'
b'11-7-2023 9:55:19,-0.48722,9.53521,2.39121,1'
b'11-7-2023 9:55:19,-0.35644,9.54,2.54354,1'
b'11-7-2023 9:55:19,0,0,0,0'
b'11-7-2023 9:55:20,0,0,0,0'
b'11-7-2023 9:55:20,0,0,0,0'
b'11-7-2023 9:55:20,0,0,0,0'
b'11-7-2023 9:55:21,-0.26665,8.72926,1.28928,1'
b'11-7-2023 9:55:21,-1.21655,5.62578,7.59082,1'
b'11-7-2023 9:55:21,0.18735,0.60723,10.43423,1'
b'11-7-2023 9:55:22,0.61471,0.24092,10.82089,1'
b'11-7-2023 9:55:22,-0.15652,1.63614,12.93378,1'
b'11-7-2023 9:55:22,-0.02843,6.86537,3.25252,1'
b'11-7-2023 9:55:23,-0.39235,9.73423,0.7431,1'
b'11-7-2023 9:55:23,-0.31574,9.6226,1.51583,1'
b'11-7-2023 9:55:23,-0.40791,9.67048,1.10852,1'
b'11-7-2023 9:55:24,-0.0811,9.6609,2.14101,1'
b'11-7-2023 9:55:24,-0.31214,9.6202,1.93122,1'
b'11-7-2023 9:55:24,-0.36242,9.68275,1.74926,1'
b'11-7-2023 9:55:25,-0.27863,9.61661,1.53618,1'
b'11-7-2023 9:55:25,-0.13018,9.66809,2.03926,1'
b'11-7-2023 9:55:25,-0.31095,9.65013,1.84264,1'
b'11-7-2023 9:55:26,0,0,0,0'
b'11-7-2023 9:55:26,0,0,0,0'
b'11-7-2023 9:55:26,0,0,0,0'
b'11-7-2023 9:55:26,0.07841,9.03213,0.64494,1'
b'11-7-2023 9:55:27,0.34895,5.31214,8.64097,1'
b'11-7-2023 9:55:27,1.25336,1.34165,10.34774,1'
b'11-7-2023 9:55:27,0.8269,0.33668,11.63911,1'
b'11-7-2023 9:55:28,0.02185,1.83875,13.46439,1'
b'11-7-2023 9:55:28,-0.4522,7.04763,5.00239,1'
b'11-7-2023 9:55:28,-0.54588,9.36163,0.10235,1'
b'11-7-2023 9:55:29,-0.23194,9.59746,2.21045,1'
b'11-7-2023 9:55:29,-0.64883,9.59387,1.18154,1'
b'11-7-2023 9:55:29,0.041,9.60943,2.47022,1'
b'11-7-2023 9:55:30,-0.372,9.58189,2.06201,1'
b'11-7-2023 9:55:30,-0.52792,9.62499,1.93751,1'
b'11-7-2023 9:55:30,-0.36721,9.58309,1.90968,1'
b'11-7-2023 9:55:31,-0.30496,9.51845,2.02968,1'
b'11-7-2023 9:55:31,-0.45819,9.57591,2.12545,1'
b'11-7-2023 9:55:31,0,0,0,0'
b'11-7-2023 9:55:32,0,0,0,0'
b'11-7-2023 9:55:32,0,0,0,0'
b'11-7-2023 9:55:32,-0.13378,8.82383,0.51685,1'
b'11-7-2023 9:55:33,-1.16268,4.15514,7.45405,1'
b'11-7-2023 9:55:33,-0.33728,0.21578,12.03535,1'
b'11-7-2023 9:55:33,1.13934,0.33309,10.96245,1'
b'11-7-2023 9:55:34,-0.59376,4.00281,6.52959,1'
b'11-7-2023 9:55:34,-1.10283,8.66103,1.03549,1'
b'11-7-2023 9:55:34,-0.35763,9.72106,0.17538,1'
b'11-7-2023 9:55:35,0.26516,9.75697,2.66684,1'
b'11-7-2023 9:55:35,-0.46178,9.63936,1.25935,1'
b'11-7-2023 9:55:35,-0.35404,9.71866,1.12767,1'
b'11-7-2023 9:55:36,0.07721,9.76655,2.08236,1'
b'11-7-2023 9:55:36,-0.4139,9.62858,1.27252,1'
b'11-7-2023 9:55:36,-0.1649,9.71148,1.66547,1'
b'11-7-2023 9:55:37,-0.11103,9.71747,1.49308,1'
b'11-7-2023 9:55:37,-0.28222,9.65013,1.32878,1'
b'11-7-2023 9:55:37,0,0,0,0'
b'11-7-2023 9:55:38,0,0,0,0'
b'11-7-2023 9:55:38,0,0,0,0'
b'11-7-2023 9:55:38,0,0,0,0'
b'11-7-2023 9:55:39,0,0,0,0'
b'11-7-2023 9:55:39,0.25319,7.67521,6.84323,1'
b'11-7-2023 9:55:39,0.10953,3.29861,9.6627,1'
b'11-7-2023 9:55:40,-0.35644,0.36302,9.60763,1'
b'11-7-2023 9:55:40,0.84126,-0.07183,10.11071,1'
b'11-7-2023 9:55:40,0.5788,0.79428,12.77456,1'
b'11-7-2023 9:55:41,0.68564,6.90159,6.04087,1'
b'11-7-2023 9:55:41,-0.2906,9.46338,-0.2077,1'
b'11-7-2023 9:55:41,-0.19603,9.83239,1.42964,1'
b'11-7-2023 9:55:42,-0.15772,9.84436,1.25696,1'
b'11-7-2023 9:55:42,-0.24152,9.7845,1.34075,1'
b'11-7-2023 9:55:42,-0.13497,9.69592,1.60681,1'
b'11-7-2023 9:55:42,-0.372,9.65133,0.9924,1'
b'11-7-2023 9:55:43,0.02664,9.76415,1.26653,1'
b'11-7-2023 9:55:43,-0.13856,9.74979,1.64751,1'
b'11-7-2023 9:55:43,-0.23553,9.74979,0.8679,1'
b'11-7-2023 9:55:44,0,0,0,0'
b'11-7-2023 9:55:44,0,0,0,0'
b'11-7-2023 9:55:44,0,0,0,0'
b'11-7-2023 9:55:45,0,0,0,0'
b'11-7-2023 9:55:45,0,0,0,0'
b'11-7-2023 9:55:45,0.04699,7.9266,2.57945,1'
b'11-7-2023 9:55:46,1.72622,4.24731,11.20067,1'
b'11-7-2023 9:55:46,0.93344,0.77632,11.78875,1'
b'11-7-2023 9:55:46,0.52732,0.09697,11.00914,1'
b'11-7-2023 9:55:47,-1.1986,0.94152,13.54101,1'
b'11-7-2023 9:55:47,-0.31214,6.71933,4.49811,1'
b'11-7-2023 9:55:47,-0.03681,9.5376,-0.75028,1'
b'11-7-2023 9:55:48,-0.30855,9.71268,1.13844,1'
b'11-7-2023 9:55:48,-0.37439,9.86232,0.6593,1'
b'11-7-2023 9:55:48,-0.19962,9.77014,0.72395,1'
b'11-7-2023 9:55:49,-0.3301,9.8695,0.97085,1'
b'11-7-2023 9:55:49,-0.25708,9.80366,0.56354,1'
b'11-7-2023 9:55:49,-0.05237,9.80246,1.12767,1'
b'11-7-2023 9:55:50,-0.42707,9.80246,1.14203,1'
b'11-7-2023 9:55:50,-0.1649,9.77014,1.19112,1'
b'11-7-2023 9:55:50,0,0,0,0'
b'11-7-2023 9:55:51,0,0,0,0'
b'11-7-2023 9:55:51,0,0,0,0'
b'11-7-2023 9:55:51,0,0,0,0'
b'11-7-2023 9:55:52,0,0,0,0'
b'11-7-2023 9:55:52,-0.98881,7.07756,5.2035,1'
b'11-7-2023 9:55:52,0.57401,3.12503,11.8091,1'
b'11-7-2023 9:55:53,-0.44502,0.48872,9.88326,1'
b'11-7-2023 9:55:53,0.42437,0.06105,9.55735,1'
b'11-7-2023 9:55:53,0.38726,2.0219,11.86297,1'
b'11-7-2023 9:55:54,-0.89304,7.76978,3.64068,1'
b'11-7-2023 9:55:54,-0.43664,9.22636,-0.2472,1'
b'11-7-2023 9:55:54,-0.11582,9.66569,0.92416,1'
b'11-7-2023 9:55:55,-0.44143,9.63696,0.15742,1'
b'11-7-2023 9:55:55,0.04699,9.72824,1.8582,1'
b'11-7-2023 9:55:55,-0.34686,9.69472,1.14563,1'
b'11-7-2023 9:55:56,-0.05237,9.745,1.2402,1'
b'11-7-2023 9:55:56,-0.22595,9.65611,1.06303,1'
b'11-7-2023 9:55:56,-0.00808,9.72585,1.68103,1'
b'11-7-2023 9:55:57,-0.2906,9.65252,1.23062,1'
b'11-7-2023 9:55:57,0,0,0,0'
b'11-7-2023 9:55:57,0,0,0,0'
b'11-7-2023 9:55:57,0.05896,8.29322,-0.19213,1'
b'11-7-2023 9:55:58,-0.66918,4.49511,10.82329,1'
b'11-7-2023 9:55:58,-0.22116,0.2469,10.95527,1'
b'11-7-2023 9:55:58,-0.00928,-0.40701,9.26047,1'
b'11-7-2023 9:55:59,-0.58059,1.85311,12.56597,1'
b'11-7-2023 9:55:59,-0.45819,7.90984,1.56491,1'
b'11-7-2023 9:55:59,-0.44023,9.50528,-0.60663,1'
b'11-7-2023 9:56:0,0.15622,9.73542,0.86191,1'
b'11-7-2023 9:56:0,-0.01646,9.72106,1.17914,1'
b'11-7-2023 9:56:0,0.14066,9.81802,0.96726,1'
b'11-7-2023 9:56:1,0.21847,9.72704,1.35272,1'
b'11-7-2023 9:56:1,-0.13976,9.71747,0.86072,1'
b'11-7-2023 9:56:1,-0.10864,9.76535,0.80176,1'
b'11-7-2023 9:56:2,0.26276,9.80485,1.4464,1'
b'11-7-2023 9:56:2,-0.09547,9.76774,1.29646,1'
b'11-7-2023 9:56:2,0,0,0,0'
b'11-7-2023 9:56:3,0,0,0,0'
b'11-7-2023 9:56:3,0,0,0,0'
b'11-7-2023 9:56:3,0,0,0,0'
b'11-7-2023 9:56:4,0,0,0,0'
b'11-7-2023 9:56:4,-0.03561,6.59243,5.09336,1'
b'11-7-2023 9:56:4,0.75028,1.61938,11.23659,1'
b'11-7-2023 9:56:5,1.0316,-0.50787,11.11568,1'
b'11-7-2023 9:56:5,1.113,-0.7425,10.61619,1'
b'11-7-2023 9:56:5,0.18974,2.75004,10.20648,1'
b'11-7-2023 9:56:6,-0.20321,8.5904,1.26653,1'
b'11-7-2023 9:56:6,-0.55905,9.7462,-0.75986,1'
b'11-7-2023 9:56:6,-0.00569,9.84436,1.02831,1'
b'11-7-2023 9:56:7,-0.5782,9.745,0.29179,1'
b'11-7-2023 9:56:7,0.22446,9.79887,1.32998,1'
b'11-7-2023 9:56:7,-0.41869,9.71148,0.69162,1'
b'11-7-2023 9:56:8,-0.09906,9.81204,0.82241,1'
b'11-7-2023 9:56:8,-0.29898,9.77612,0.95888,1'
b'11-7-2023 9:56:8,-0.32531,9.76774,0.71317,1'
b'11-7-2023 9:56:9,-0.2487,9.77014,0.78859,1'
b'11-7-2023 9:56:9,0,0,0,0'
b'11-7-2023 9:56:9,0,0,0,0'
b'11-7-2023 9:56:10,0,0,0,0'
b'11-7-2023 9:56:10,0,0,0,0'
b'11-7-2023 9:56:10,0,0,0,0'
b'11-7-2023 9:56:11,0,0,0,0'
b'11-7-2023 9:56:11,0,0,0,0'
b'11-7-2023 9:56:11,0,0,0,0'
b'11-7-2023 9:56:12,0.76944,6.29525,5.05266,1'
b'11-7-2023 9:56:12,-0.04639,0.5773,8.89147,1'
b'11-7-2023 9:56:12,-0.29778,-1.48141,8.72268,1'
b'11-7-2023 9:56:13,0.91788,-0.43964,11.5218,1'
b'11-7-2023 9:56:13,-1.44041,5.31094,5.12808,1'
b'11-7-2023 9:56:13,0.49021,8.92199,-1.35033,1'
b'11-7-2023 9:56:13,-0.07871,9.82161,2.02968,1'
b'11-7-2023 9:56:14,-0.23194,9.89344,1.40689,1'
b'11-7-2023 9:56:14,-0.55665,9.70549,1.06183,1'
b'11-7-2023 9:56:14,-0.42347,9.75817,1.46675,1'
b'11-7-2023 9:56:15,-0.39953,9.73542,1.3611,1'
b'11-7-2023 9:56:15,-0.49799,9.72465,1.46675,1'
b'11-7-2023 9:56:15,-0.33489,9.70789,1.38415,1'
b'11-7-2023 9:56:16,-0.3289,9.72704,1.51224,1'
b'11-7-2023 9:56:16,-0.40312,9.68874,1.51703,1'
b'11-7-2023 9:56:16,0,0,0,0'
b'11-7-2023 9:56:17,0,0,0,0'
b'11-7-2023 9:56:17,0,0,0,0'
b'11-7-2023 9:56:17,0,0,0,0'
b'11-7-2023 9:56:18,-0.94451,4.68815,7.23378,1'
b'11-7-2023 9:56:18,-0.53032,-0.18316,8.69873,1'
b'11-7-2023 9:56:18,1.13575,-0.89573,11.81987,1'
b'11-7-2023 9:56:19,1.53708,0.68744,15.02032,1'
b'11-7-2023 9:56:19,-0.54947,7.42711,3.81666,1'
b'11-7-2023 9:56:19,-0.61411,9.62499,-1.1576,1'
b'11-7-2023 9:56:20,-0.70629,9.72106,0.04729,1'
b'11-7-2023 9:56:20,-0.73023,9.71268,0.19692,1'
b'11-7-2023 9:56:20,-0.2463,9.7462,1.20069,1'
b'11-7-2023 9:56:21,-0.59256,9.70071,0.81642,1'
b'11-7-2023 9:56:21,-0.66918,9.69712,0.60065,1'
b'11-7-2023 9:56:21,-0.45101,9.73542,0.82361,1'
b'11-7-2023 9:56:22,-0.46058,9.73782,0.94332,1'
b'11-7-2023 9:56:22,-0.39115,9.75697,1.14084,1'
b'11-7-2023 9:56:22,-0.38277,9.80605,1.20189,1'
b'11-7-2023 9:56:23,0,0,0,0'
b'11-7-2023 9:56:23,0,0,0,0'
b'11-7-2023 9:56:23,0,0,0,0'
b'11-7-2023 9:56:24,0,0,0,0'
b'11-7-2023 9:56:24,-0.59256,6.49307,7.26012,1'
b'11-7-2023 9:56:24,1.29287,2.55731,11.11927,1'
b'11-7-2023 9:56:25,1.07111,0.7859,11.44129,1'
b'11-7-2023 9:56:25,1.90249,1.59903,13.05229,1'
b'11-7-2023 9:56:25,0.90471,6.62476,7.14759,1'
b'11-7-2023 9:56:26,-0.51475,9.46578,-1.61279,1'
b'11-7-2023 9:56:26,-0.4534,9.63457,0.56473,1'
b'11-7-2023 9:56:26,-0.71946,9.80845,-0.1634,1'
b'11-7-2023 9:56:26,-0.43545,9.80605,0.55156,1'
b'11-7-2023 9:56:27,-0.69552,9.77972,0.10953,1'
b'11-7-2023 9:56:27,-0.41629,9.79288,0.73113,1'
b'11-7-2023 9:56:27,-0.65362,9.8276,0.30017,1'
b'11-7-2023 9:56:28,-0.58658,9.79528,0.38636,1'
b'11-7-2023 9:56:28,-0.66319,9.85753,0.58389,1'
b'11-7-2023 9:56:28,-0.6177,9.87668,0.67487,1'
b'11-7-2023 9:56:29,0,0,0,0'
b'11-7-2023 9:56:29,0,0,0,0'
b'11-7-2023 9:56:29,0,0,0,0'
b'11-7-2023 9:56:30,-0.37559,8.61075,1.60681,1'
b'11-7-2023 9:56:30,-0.11582,4.27964,8.22079,1'
b'11-7-2023 9:56:30,1.27372,1.18333,12.32415,1'
b'11-7-2023 9:56:31,0.44592,0.06345,10.43303,1'
b'11-7-2023 9:56:31,-1.23092,2.87574,11.28567,1'
b'11-7-2023 9:56:31,-1.38415,8.36863,-0.13348,1'
b'11-7-2023 9:56:32,-0.05716,9.94611,-0.89064,1'
b'11-7-2023 9:56:32,-0.66918,9.82281,0.08799,1'
b'11-7-2023 9:56:32,-0.40073,9.8288,0.61621,1'
b'11-7-2023 9:56:33,-0.58299,9.83358,-0.13228,1'
b'11-7-2023 9:56:33,-0.14575,9.88027,0.93254,1'
b'11-7-2023 9:56:33,-0.50159,9.75458,0.56114,1'
b'11-7-2023 9:56:34,-0.35524,9.78929,0.47375,1'
b'11-7-2023 9:56:34,-0.57461,9.80845,0.21368,1'
b'11-7-2023 9:56:34,-0.4115,9.79887,0.36482,1'
b'11-7-2023 9:56:35,0,0,0,0'
b'11-7-2023 9:56:35,0,0,0,0'
b'11-7-2023 9:56:35,0,0,0,0'
b'11-7-2023 9:56:36,-0.30975,6.78517,3.39378,1'
b'11-7-2023 9:56:36,-0.5375,3.27587,10.06642,1'
b'11-7-2023 9:56:36,-0.44981,0.26606,9.73333,1'
b'11-7-2023 9:56:37,-0.30616,-0.10415,9.96586,1'
b'11-7-2023 9:56:37,-0.02843,2.47112,6.61697,1'
b'11-7-2023 9:56:37,-1.34345,8.69694,-1.31921,1'
b'11-7-2023 9:56:38,-0.24032,9.86471,0.22206,1'
b'11-7-2023 9:56:38,-0.60094,9.85274,0.67846,1'
b'11-7-2023 9:56:38,-0.52912,9.74021,0.58748,1'
b'11-7-2023 9:56:39,-0.37918,9.81563,1.15999,1'
b'11-7-2023 9:56:39,-0.59855,9.80725,0.55516,1'
b'11-7-2023 9:56:39,-0.42946,9.79528,1.1983,1'
b'11-7-2023 9:56:40,-0.73143,9.71387,0.72993,1'
b'11-7-2023 9:56:40,-0.53032,9.72465,0.85234,1'
b'11-7-2023 9:56:40,-0.53151,9.77373,0.63177,1'
b'11-7-2023 9:56:41,0,0,0,0'
b'11-7-2023 9:56:41,0,0,0,0'
b'11-7-2023 9:56:41,0,0,0,0'
b'11-7-2023 9:56:42,0,0,0,0'
b'11-7-2023 9:56:42,-0.95648,6.80552,3.64188,1'
b'11-7-2023 9:56:42,0.28551,1.97163,11.86417,1'
b'11-7-2023 9:56:43,0.36571,0.27084,10.60901,1'
b'11-7-2023 9:56:43,-0.01167,1.53558,13.65832,1'
b'11-7-2023 9:56:43,-0.6177,6.72052,4.6645,1'
b'11-7-2023 9:56:43,-1.08128,9.54119,-2.6429,1'
b'11-7-2023 9:56:44,-0.88346,9.84915,-0.69043,1'
b'11-7-2023 9:56:44,-1.0729,9.71268,-1.04387,1'
b'11-7-2023 9:56:44,-0.61531,9.78211,0.80296,1'
b'11-7-2023 9:56:45,-1.05973,9.72824,-0.30107,1'
b'11-7-2023 9:56:45,-0.61172,9.77852,0.55755,1'
b'11-7-2023 9:56:45,-0.88226,9.85154,0.40911,1'
b'11-7-2023 9:56:46,-0.87149,9.76535,-0.02334,1'
b'11-7-2023 9:56:46,-0.65841,9.8288,0.58867,1'
b'11-7-2023 9:56:46,-1.00556,9.76655,0.03771,1'
b'11-7-2023 9:56:47,0,0,0,0'
b'11-7-2023 9:56:47,0,0,0,0'
b'11-7-2023 9:56:47,0,0,0,0'
b'11-7-2023 9:56:48,0,0,0,0'
b'11-7-2023 9:56:48,-3.44077,2.46992,5.66708,1'
b'11-7-2023 9:56:48,0.83767,0.58808,9.22666,1'
b'11-7-2023 9:56:49,0.2053,-0.54618,10.41508,1'
b'11-7-2023 9:56:49,-0.47854,2.92961,10.59344,1'
b'11-7-2023 9:56:49,-1.14832,7.85358,2.57466,1'
b'11-7-2023 9:56:50,-0.00928,9.74141,1.19471,1'
b'11-7-2023 9:56:50,-0.93015,9.58668,0.40073,1'
b'11-7-2023 9:56:50,-0.44622,9.79169,1.66906,1'
b'11-7-2023 9:56:51,-1.20817,9.78211,0.0006,1'
b'11-7-2023 9:56:51,-0.50757,9.83358,1.40689,1'
b'11-7-2023 9:56:51,-0.95768,9.78929,0.78739,1'
b'11-7-2023 9:56:52,-0.58059,9.76535,0.89184,1'
b'11-7-2023 9:56:52,-0.69552,9.77253,1.13246,1'
b'11-7-2023 9:56:52,-0.75298,9.73782,0.79218,1'
b'11-7-2023 9:56:53,-0.56862,9.75218,0.81882,1'
b'11-7-2023 9:56:53,0,0,0,0'
b'11-7-2023 9:56:53,0,0,0,0'
b'11-7-2023 9:56:54,0,0,0,0'
b'11-7-2023 9:56:54,0,0,0,0'
b'11-7-2023 9:56:54,-0.87149,4.74082,8.20403,1'
b'11-7-2023 9:56:55,-0.93134,1.07919,11.09772,1'
b'11-7-2023 9:56:55,0.47345,-0.27414,10.94809,1'
b'11-7-2023 9:56:55,-0.33968,2.70335,11.73847,1'
b'11-7-2023 9:56:56,-1.42844,7.84161,1.68342,1'
b'11-7-2023 9:56:56,0.37769,9.67048,0.7826,1'
b'11-7-2023 9:56:56,-0.79009,9.69951,0.36482,1'
b'11-7-2023 9:56:57,-0.49321,9.70909,1.15401,1'
b'11-7-2023 9:56:57,-0.81163,9.70669,0.80176,1'
b'11-7-2023 9:56:57,-0.55545,9.74979,1.3228,1'
b'11-7-2023 9:56:58,-0.93374,9.73423,1.00556,1'
b'11-7-2023 9:56:58,-0.59256,9.75577,1.20907,1'
b'11-7-2023 9:56:58,-0.68235,9.68036,1.075,1'
b'11-7-2023 9:56:58,-0.73861,9.70909,0.98881,1'
b'11-7-2023 9:56:59,-0.47974,9.71268,0.98282,1'
b'11-7-2023 9:56:59,0,0,0,0'
b'11-7-2023 9:56:59,0,0,0,0'
b'11-7-2023 9:57:0,-0.24989,9.43345,-0.79936,1'
b'11-7-2023 9:57:0,-0.68474,6.7325,5.61201,1'
b'11-7-2023 9:57:0,-0.39953,2.13443,11.25095,1'
b'11-7-2023 9:57:1,0.0422,0.10056,9.15243,1'
b'11-7-2023 9:57:1,0.03023,-0.30406,9.85693,1'
b'11-7-2023 9:57:1,-1.1579,4.80427,5.94151,1'
b'11-7-2023 9:57:2,-0.89543,8.90284,1.01155,1'
b'11-7-2023 9:57:2,0.42916,9.88027,2.57945,1'
b'11-7-2023 9:57:2,-0.93015,9.68634,0.6198,1'
b'11-7-2023 9:57:3,-0.29778,9.69472,2.15658,1'
b'11-7-2023 9:57:3,-0.73981,9.75697,0.92177,1'
b'11-7-2023 9:57:3,-0.40073,9.7845,1.4859,1'
b'11-7-2023 9:57:4,-0.6177,9.67916,1.20668,1'
b'11-7-2023 9:57:4,-0.74699,9.69352,1.43562,1'
b'11-7-2023 9:57:4,-0.7003,9.68155,1.21865,1'
b'11-7-2023 9:57:5,0,0,0,0'
b'11-7-2023 9:57:5,0,0,0,0'
b'11-7-2023 9:57:5,0,0,0,0'
b'11-7-2023 9:57:6,0,0,0,0'
b'11-7-2023 9:57:6,-0.35883,8.21062,1.983,1'
b'11-7-2023 9:57:6,0.01826,3.03525,10.50486,1'
b'11-7-2023 9:57:7,-0.46777,0.71168,8.86513,1'
b'11-7-2023 9:57:7,0.10235,-0.56294,9.42448,1'
b'11-7-2023 9:57:7,1.15131,0.14275,12.79731,1'
b'11-7-2023 9:57:8,-0.11103,4.26766,10.60302,1'
b'11-7-2023 9:57:8,-0.73382,9.0848,2.16735,1'
b'11-7-2023 9:57:8,-0.45101,9.54,0.62818,1'
b'11-7-2023 9:57:9,-0.38996,9.68634,1.70497,1'
b'11-7-2023 9:57:9,-0.45101,9.71268,1.16358,1'
b'11-7-2023 9:57:9,-0.34447,9.68634,1.37697,1'
b'11-7-2023 9:57:10,-0.50159,9.75099,1.49428,1'
b'11-7-2023 9:57:10,-0.33968,9.73542,1.4057,1'
b'11-7-2023 9:57:10,-0.36362,9.67916,1.71335,1'
b'11-7-2023 9:57:11,-0.42587,9.63696,1.444,1'
b'11-7-2023 9:57:11,0,0,0,0'
b'11-7-2023 9:57:11,0,0,0,0'
b'11-7-2023 9:57:12,0,0,0,0'
b'11-7-2023 9:57:12,0,0,0,0'
b'11-7-2023 9:57:12,0,0,0,0'
b'11-7-2023 9:57:13,0,0,0,0'
b'11-7-2023 9:57:13,-0.02005,9.02494,0.6186,1'
b'11-7-2023 9:57:13,0.47585,4.18746,8.51528,1'
b'11-7-2023 9:57:13,0.56683,0.10654,10.50127,1'
b'11-7-2023 9:57:14,-0.03801,-1.1965,9.61362,1'
b'11-7-2023 9:57:14,0.31424,0.95469,11.86297,1'
b'11-7-2023 9:57:14,-0.3313,6.66426,4.17579,1'
b'11-7-2023 9:57:15,-0.01526,9.51605,0.28461,1'
b'11-7-2023 9:57:15,-0.00329,9.75099,1.53498,1'
b'11-7-2023 9:57:15,-0.60932,9.80007,0.57311,1'
b'11-7-2023 9:57:16,-0.12899,9.79887,1.45597,1'
b'11-7-2023 9:57:16,-0.45819,9.69592,0.9481,1'
b'11-7-2023 9:57:16,-0.24391,9.75937,1.39133,1'
b'11-7-2023 9:57:17,-0.54827,9.76894,0.93613,1'
b'11-7-2023 9:57:17,-0.2894,9.74021,1.21027,1'
b'11-7-2023 9:57:17,-0.27503,9.72106,1.22823,1'
b'11-7-2023 9:57:18,0,0,0,0'
b'11-7-2023 9:57:18,0,0,0,0'
b'11-7-2023 9:57:18,0,0,0,0'
b'11-7-2023 9:57:19,0,0,0,0'
b'11-7-2023 9:57:19,0.22087,7.431,6.63134,1'
b'11-7-2023 9:57:19,1.25576,1.49249,10.97682,1'
b'11-7-2023 9:57:20,-0.15772,-0.89573,10.29387,1'
b'11-7-2023 9:57:20,0.26995,-0.64793,11.20786,1'
b'11-7-2023 9:57:20,-0.65721,3.45304,6.56909,1'
b'11-7-2023 9:57:21,-0.24032,8.51947,2.04525,1'
b'11-7-2023 9:57:21,0.4148,9.62619,1.68701,1'
b'11-7-2023 9:57:21,-0.44023,9.73063,1.239,1'
b'11-7-2023 9:57:22,-0.02484,9.80845,1.37098,1'
b'11-7-2023 9:57:22,-0.21398,9.7845,1.62117,1'
b'11-7-2023 9:57:22,-0.35763,9.80485,1.17316,1'
b'11-7-2023 9:57:23,-0.00569,9.68155,1.97342,1'
b'11-7-2023 9:57:23,-0.38756,9.68993,1.3216,1'
b'11-7-2023 9:57:23,-0.21877,9.68993,1.47393,1'
b'11-7-2023 9:57:24,-0.40312,9.66449,1.25576,1'
b'11-7-2023 9:57:24,0,0,0,0'
b'11-7-2023 9:57:24,0,0,0,0'
b'11-7-2023 9:57:25,0,0,0,0'
b'11-7-2023 9:57:25,-1.38175,5.33608,5.68982,1'
b'11-7-2023 9:57:25,0.96816,0.85293,13.10616,1'
b'11-7-2023 9:57:26,0.46507,-0.64434,10.80413,1'
b'11-7-2023 9:57:26,0.36212,-0.39624,12.64647,1'
b'11-7-2023 9:57:26,-0.58538,5.01735,6.29466,1'
b'11-7-2023 9:57:27,-1.12557,8.90643,2.52439,1'
b'11-7-2023 9:57:27,-0.58299,9.82281,0.71317,1'
b'11-7-2023 9:57:27,-0.88226,9.85992,0.74909,1'
b'11-7-2023 9:57:27,-0.8691,9.67647,0.35165,1'
b'11-7-2023 9:57:28,-0.84515,9.74021,0.58628,1'
b'11-7-2023 9:57:28,-0.71108,9.72465,0.97324,1'
b'11-7-2023 9:57:28,-0.77452,9.75577,0.92177,1'
b'11-7-2023 9:57:29,-0.87628,9.71387,0.37559,1'
b'11-7-2023 9:57:29,-0.69552,9.78091,0.82959,1'
b'11-7-2023 9:57:29,-0.7422,9.74859,1.04148,1'
b'11-7-2023 9:57:30,0,0,0,0'
b'11-7-2023 9:57:30,0,0,0,0'
b'11-7-2023 9:57:30,0,0,0,0'
b'11-7-2023 9:57:31,0,0,0,0'
b'11-7-2023 9:57:31,0,0,0,0'
b'11-7-2023 9:57:31,-0.68354,7.57705,7.31399,1'
b'11-7-2023 9:57:32,0.12869,2.73567,8.80527,1'
b'11-7-2023 9:57:32,0.16939,-0.43724,13.47636,1'
b'11-7-2023 9:57:32,0.63147,-0.22386,12.07037,1'
b'11-7-2023 9:57:33,-0.51715,3.26509,11.10969,1'
b'11-7-2023 9:57:33,-0.56024,8.82263,1.21745,1'
b'11-7-2023 9:57:33,0.11193,9.44303,-0.05686,1'
b'11-7-2023 9:57:34,-0.18405,9.82281,0.35045,1'
b'11-7-2023 9:57:34,-0.13497,9.82281,0.58389,1'
b'11-7-2023 9:57:34,-0.10983,9.82042,0.86311,1'
b'11-7-2023 9:57:35,-0.37679,9.77612,0.32651,1'
b'11-7-2023 9:57:35,-0.00808,9.83119,0.59227,1'
b'11-7-2023 9:57:35,-0.01287,9.72225,0.50847,1'
b'11-7-2023 9:57:36,-0.34207,9.71028,0.98881,1'
b'11-7-2023 9:57:36,-0.34207,9.76774,0.94332,1'
b'11-7-2023 9:57:36,0,0,0,0'
b'11-7-2023 9:57:37,0,0,0,0'
b'11-7-2023 9:57:37,0,0,0,0'
b'11-7-2023 9:57:37,0,0,0,0'
b'11-7-2023 9:57:38,-0.1242,9.62738,-0.84366,1'
b'11-7-2023 9:57:38,-1.6502,5.32171,2.86317,1'
b'11-7-2023 9:57:38,-0.23074,1.09595,9.98741,1'
b'11-7-2023 9:57:39,0.10235,-0.93883,10.9409,1'
b'11-7-2023 9:57:39,-0.48692,0.87448,14.44901,1'
b'11-7-2023 9:57:39,-0.75178,6.68222,4.51846,1'
b'11-7-2023 9:57:40,-0.03442,9.15453,-0.47974,1'
b'11-7-2023 9:57:40,-0.87388,9.71627,-1.50266,1'
b'11-7-2023 9:57:40,-0.52553,9.83239,0.68325,1'
b'11-7-2023 9:57:41,-0.68953,9.83957,0.30017,1'
b'11-7-2023 9:57:41,-0.52792,9.8252,0.48094,1'
b'11-7-2023 9:57:41,-0.26785,9.87548,0.8667,1'
b'11-7-2023 9:57:42,-0.31095,9.80964,0.62578,1'
b'11-7-2023 9:57:42,-0.28102,9.73542,0.60903,1'
b'11-7-2023 9:57:42,-0.26905,9.75338,0.64374,1'
b'11-7-2023 9:57:43,0,0,0,0'
b'11-7-2023 9:57:43,0,0,0,0'
b'11-7-2023 9:57:43,0,0,0,0'
b'11-7-2023 9:57:44,0,0,0,0'
b'11-7-2023 9:57:44,0,0,0,0'
b'11-7-2023 9:57:44,0,0,0,0'
b'11-7-2023 9:57:44,-0.88107,4.92278,6.29226,1'
b'11-7-2023 9:57:45,0.4124,0.00718,9.53341,1'
b'11-7-2023 9:57:45,0.4962,-1.4024,10.12867,1'
b'11-7-2023 9:57:45,-0.82959,1.66008,12.02338,1'
b'11-7-2023 9:57:46,0.09397,8.40095,2.65966,1'
b'11-7-2023 9:57:46,-0.40791,9.57591,-1.16478,1'
b'11-7-2023 9:57:46,-0.56623,9.77014,0.48812,1'
b'11-7-2023 9:57:47,-0.40672,9.72585,1.075,1'
b'11-7-2023 9:57:47,-0.25109,9.77373,1.3216,1'
b'11-7-2023 9:57:47,-0.6608,9.7438,0.54917,1'
b'11-7-2023 9:57:48,-0.15173,9.77493,1.45837,1'
b'11-7-2023 9:57:48,-0.42467,9.69592,1.13725,1'
b'11-7-2023 9:57:48,-0.25229,9.77253,1.1576,1'
b'11-7-2023 9:57:49,-0.39834,9.73782,1.46555,1'
b'11-7-2023 9:57:49,-0.3289,9.7438,1.92883,1'
b'11-7-2023 9:57:49,0,0,0,0'
b'11-7-2023 9:57:50,0,0,0,0'
b'11-7-2023 9:57:50,0.01945,8.86094,-0.27833,1'
b'11-7-2023 9:57:50,-1.1567,2.34751,9.54059,1'
b'11-7-2023 9:57:51,-0.42587,-0.42138,11.57567,1'
b'11-7-2023 9:57:51,-0.08829,-0.65272,9.72974,1'
b'11-7-2023 9:57:51,-0.93494,3.14299,10.95048,1'
b'11-7-2023 9:57:52,0.34776,8.47637,1.28329,1'
b'11-7-2023 9:57:52,-0.287,9.64295,-1.0331,1'
b'11-7-2023 9:57:52,-0.44981,9.78331,0.29419,1'
b'11-7-2023 9:57:53,-0.208,9.78929,1.04148,1'
b'11-7-2023 9:57:53,-0.37559,9.81204,0.86191,1'
b'11-7-2023 9:57:53,-0.52074,9.83718,0.80176,1'
b'11-7-2023 9:57:54,-0.50039,9.81802,0.90621,1'
b'11-7-2023 9:57:54,-0.41749,9.74141,0.84515,1'
b'11-7-2023 9:57:54,-0.52194,9.72704,0.75866,1'
b'11-7-2023 9:57:55,-0.44742,9.80246,0.89064,1'
b'11-7-2023 9:57:55,0,0,0,0'
b'11-7-2023 9:57:55,0,0,0,0'
b'11-7-2023 9:57:56,0,0,0,0'
b'11-7-2023 9:57:56,0,0,0,0'
b'11-7-2023 9:57:56,0,0,0,0'
b'11-7-2023 9:57:57,-0.31813,4.99939,5.49469,1'
b'11-7-2023 9:57:57,-0.35763,0.38337,12.97448,1'
b'11-7-2023 9:57:57,-0.33728,-1.18214,9.36941,1'
b'11-7-2023 9:57:57,-0.0009,0.43724,8.92858,1'
b'11-7-2023 9:57:58,-1.31472,6.9363,3.64547,1'
b'11-7-2023 9:57:58,-0.23673,9.52084,-0.44861,1'
b'11-7-2023 9:57:58,-1.17944,9.72106,-0.41869,1'
b'11-7-2023 9:57:59,-0.29658,9.78929,0.83438,1'
b'11-7-2023 9:57:59,-1.08248,9.75458,-0.54678,1'
b'11-7-2023 9:57:59,-0.52313,9.84556,0.02813,1'
b'11-7-2023 9:58:0,-0.53032,9.83718,0.34686,1'
b'11-7-2023 9:58:0,-0.87508,9.80366,0.06883,1'
b'11-7-2023 9:58:0,-0.60094,9.84675,0.42228,1'
b'11-7-2023 9:58:1,-0.84156,9.77972,0.36482,1'
b'11-7-2023 9:58:1,-0.75298,9.77852,0.52283,1'
b'11-7-2023 9:58:1,0,0,0,0'
b'11-7-2023 9:58:2,0,0,0,0'
b'11-7-2023 9:58:2,0,0,0,0'
b'11-7-2023 9:58:2,0,0,0,0'
b'11-7-2023 9:58:3,-0.48572,8.3806,-0.34566,1'
b'11-7-2023 9:58:3,-1.12079,3.56467,9.15962,1'
b'11-7-2023 9:58:3,0.60154,0.33908,9.78361,1'
b'11-7-2023 9:58:4,0.52373,-0.90052,9.68185,1'
b'11-7-2023 9:58:4,-0.05836,2.08415,8.10916,1'
b'11-7-2023 9:58:4,-0.47495,7.93379,1.13485,1'
b'11-7-2023 9:58:5,-0.30257,9.61541,-2.22122,1'
b'11-7-2023 9:58:5,0.14066,9.8288,0.81523,1'
b'11-7-2023 9:58:5,-0.40073,9.75577,-0.10235,1'
b'11-7-2023 9:58:6,-0.4956,9.87309,-0.30227,1'
b'11-7-2023 9:58:6,-0.30137,9.88027,0.0425,1'
b'11-7-2023 9:58:6,-0.20321,9.87309,-0.12629,1'
b'11-7-2023 9:58:7,-0.23912,9.85872,-0.03651,1'
b'11-7-2023 9:58:7,-0.32172,9.77134,0.01616,1'
b'11-7-2023 9:58:7,-0.31095,9.79288,-0.02454,1'
b'11-7-2023 9:58:8,0,0,0,0'
b'11-7-2023 9:58:8,0,0,0,0'
b'11-7-2023 9:58:8,0,0,0,0'
b'11-7-2023 9:58:8,0,0,0,0'
b'11-7-2023 9:58:9,0.75866,7.82006,5.2837,1'
b'11-7-2023 9:58:9,-0.73023,3.3872,7.69736,1'
b'11-7-2023 9:58:9,1.27611,-0.32561,12.11705,1'
b'11-7-2023 9:58:10,0.2077,-1.20608,9.57172,1'
b'11-7-2023 9:58:10,-0.42347,1.86867,7.73686,1'
b'11-7-2023 9:58:10,-0.29538,7.66444,3.28844,1'
b'11-7-2023 9:58:11,0.26276,9.88267,1.88932,1'
b'11-7-2023 9:58:11,0.01227,9.54838,1.17196,1'
b'11-7-2023 9:58:11,-0.89902,9.70789,-0.29987,1'
b'11-7-2023 9:58:12,-0.53989,9.69352,0.36362,1'
b'11-7-2023 9:58:12,-0.76495,9.79169,0.38277,1'
b'11-7-2023 9:58:12,-0.75776,9.77493,0.14904,1'
b'11-7-2023 9:58:13,-0.40672,9.80725,0.75387,1'
b'11-7-2023 9:58:13,-0.7865,9.82401,0.60543,1'
b'11-7-2023 9:58:13,-0.5375,9.81323,0.79458,1'
b'11-7-2023 9:58:14,0,0,0,0'
b'11-7-2023 9:58:14,0,0,0,0'
b'11-7-2023 9:58:14,0,0,0,0'
b'11-7-2023 9:58:15,0,0,0,0'
b'11-7-2023 9:58:15,-0.47136,8.51588,-1.52421,1'
b'11-7-2023 9:58:15,0.041,4.4185,9.45201,1'
b'11-7-2023 9:58:16,0.25558,0.24331,13.2537,1'
b'11-7-2023 9:58:16,0.48183,-0.96995,11.21025,1'
b'11-7-2023 9:58:16,-0.07033,-1.03968,10.68682,1'
b'11-7-2023 9:58:17,-0.46418,1.0756,9.23144,1'
b'11-7-2023 9:58:17,0.13827,7.81647,2.396,1'
b'11-7-2023 9:58:17,-0.56144,9.53401,-0.98761,1'
b'11-7-2023 9:58:18,-0.2056,9.79169,0.63536,1'
b'11-7-2023 9:58:18,-0.51595,9.84316,-0.08799,1'
b'11-7-2023 9:58:18,-0.11941,9.82999,0.75986,1'
b'11-7-2023 9:58:19,-0.38517,9.7857,0.29419,1'
b'11-7-2023 9:58:19,-0.23433,9.83239,0.26665,1'
b'11-7-2023 9:58:19,-0.34087,9.80725,0.39594,1'
b'11-7-2023 9:58:20,-0.08829,9.81323,0.65332,1'
b'11-7-2023 9:58:20,0,0,0,0'
b'11-7-2023 9:58:20,0,0,0,0'
b'11-7-2023 9:58:21,0,0,0,0'
b'11-7-2023 9:58:21,0,0,0,0'
b'11-7-2023 9:58:21,-0.69073,9.12221,-3.00083,1'
b'11-7-2023 9:58:22,0.06853,5.00418,8.82922,1'
b'11-7-2023 9:58:22,0.61112,-0.55216,9.68185,1'
b'11-7-2023 9:58:22,0.82331,-1.3617,9.50708,1'
b'11-7-2023 9:58:23,1.01843,0.63237,14.40352,1'
b'11-7-2023 9:58:23,-0.58538,7.41035,3.29203,1'
b'11-7-2023 9:58:23,-0.02723,9.42268,-0.64494,1'
b'11-7-2023 9:58:24,-0.49081,9.80605,0.51445,1'
b'11-7-2023 9:58:24,-0.19483,9.79767,0.75268,1'
b'11-7-2023 9:58:24,-0.62249,9.71387,0.287,1'
b'11-7-2023 9:58:25,-0.38876,9.77253,0.15143,1'
b'11-7-2023 9:58:25,-0.27982,9.84675,0.9481,1'
b'11-7-2023 9:58:25,-0.34207,9.75338,0.81283,1'
b'11-7-2023 9:58:26,-0.56503,9.76894,0.70838,1'
b'11-7-2023 9:58:26,-0.34447,9.7857,0.85593,1'
b'11-7-2023 9:58:26,0,0,0,0'
b'11-7-2023 9:58:27,0,0,0,0'
b'11-7-2023 9:58:27,0,0,0,0'
b'11-7-2023 9:58:27,-0.17807,9.41789,-0.38038,1'
b'11-7-2023 9:58:28,-0.84874,5.9876,5.88046,1'
b'11-7-2023 9:58:28,1.12258,1.36918,12.62253,1'
b'11-7-2023 9:58:28,1.25217,-0.02274,11.52658,1'
b'11-7-2023 9:58:29,-0.52553,2.79314,11.81748,1'
b'11-7-2023 9:58:29,-0.46657,8.74482,-0.10235,1'
b'11-7-2023 9:58:29,0.4555,9.83598,0.53002,1'
b'11-7-2023 9:58:29,-0.13378,9.71866,1.2378,1'
b'11-7-2023 9:58:30,-0.55426,9.67916,0.34327,1'
b'11-7-2023 9:58:30,-0.10385,9.64654,1.33596,1'
b'11-7-2023 9:58:30,-0.2906,9.69352,1.0738,1'
b'11-7-2023 9:58:31,-0.2882,9.6214,0.95768,1'
b'11-7-2023 9:58:31,-0.34806,9.68155,1.72652,1'
b'11-7-2023 9:58:31,-0.3696,9.6202,1.46316,1'
b'11-7-2023 9:58:32,-0.2894,9.62978,1.02711,1'
b'11-7-2023 9:58:32,0,0,0,0'
b'11-7-2023 9:58:32,0,0,0,0'
b'11-7-2023 9:58:33,0,0,0,0'
b'11-7-2023 9:58:33,0,0,0,0'
b'11-7-2023 9:58:33,-0.02245,5.6581,3.91003,1'
b'11-7-2023 9:58:34,-1.45597,-0.40701,11.90966,1'
b'11-7-2023 9:58:34,0.43395,-1.17376,12.50851,1'
b'11-7-2023 9:58:34,-1.36978,2.56329,13.0499,1'
b'11-7-2023 9:58:35,-0.47495,8.76876,1.62955,1'
b'11-7-2023 9:58:35,-1.4045,9.67287,-0.69043,1'
b'11-7-2023 9:58:35,-0.40312,9.72225,1.50027,1'
b'11-7-2023 9:58:36,-1.26204,9.68275,-0.28431,1'
b'11-7-2023 9:58:36,-0.70749,9.69831,1.02472,1'
b'11-7-2023 9:58:36,-1.13036,9.72465,0.26905,1'
b'11-7-2023 9:58:37,-0.84515,9.77373,0.85234,1'
b'11-7-2023 9:58:37,-1.03789,9.80007,0.85234,1'
b'11-7-2023 9:58:37,-1.01035,9.79647,0.64494,1'
b'11-7-2023 9:58:38,-0.84755,9.745,0.79577,1'
b'11-7-2023 9:58:38,-0.826,9.72225,0.81642,1'
b'11-7-2023 9:58:38,0,0,0,0'
b'11-7-2023 9:58:39,0,0,0,0'
b'11-7-2023 9:58:39,-0.79128,9.38437,-0.98162,1'
b'11-7-2023 9:58:39,0.02424,3.63649,11.602,1'
b'11-7-2023 9:58:40,0.72275,-1.2408,10.62816,1'
b'11-7-2023 9:58:40,-0.04639,-1.22523,10.67365,1'
b'11-7-2023 9:58:40,-1.44999,3.8005,4.88866,1'
b'11-7-2023 9:58:41,-0.48333,9.13178,0.1251,1'
b'11-7-2023 9:58:41,-0.06794,9.76894,2.03926,1'
b'11-7-2023 9:58:41,-0.72664,9.8288,0.77542,1'
b'11-7-2023 9:58:42,-0.51236,9.70549,0.77063,1'
b'11-7-2023 9:58:42,-0.75058,9.73063,0.7036,1'
b'11-7-2023 9:58:42,-0.74699,9.7019,0.99958,1'
b'11-7-2023 9:58:43,-0.94691,9.64773,0.58748,1'
b'11-7-2023 9:58:43,-0.577,9.68754,0.92416,1'
b'11-7-2023 9:58:43,-0.81283,9.72944,0.95648,1'
b'11-7-2023 9:58:44,-0.73741,9.7881,0.99,1'
b'11-7-2023 9:58:44,0,0,0,0'
b'11-7-2023 9:58:44,0,0,0,0'
b'11-7-2023 9:58:45,0,0,0,0'
b'11-7-2023 9:58:45,0,0,0,0'
b'11-7-2023 9:58:45,-1.21057,7.00813,3.11964,1'
b'11-7-2023 9:58:46,0.46866,2.41246,7.78594,1'
b'11-7-2023 9:58:46,-0.23792,-1.51972,9.10695,1'
b'11-7-2023 9:58:46,1.94319,-0.94242,14.0393,1'
b'11-7-2023 9:58:47,0.23762,4.8725,6.91625,1'
b'11-7-2023 9:58:47,-0.38876,9.03811,-0.75747,1'
b'11-7-2023 9:58:47,-1.40929,9.79647,-0.40193,1'
b'11-7-2023 9:58:48,-0.44742,9.87908,0.99359,1'
b'11-7-2023 9:58:48,-0.89663,9.73423,0.0401,1'
b'11-7-2023 9:58:48,-0.81403,9.84915,0.17777,1'
b'11-7-2023 9:58:49,-0.7841,9.78929,0.47016,1'
b'11-7-2023 9:58:49,-0.92536,9.80725,0.40911,1'
b'11-7-2023 9:58:49,-0.9493,9.75458,0.27384,1'
b'11-7-2023 9:58:50,-0.85353,9.8264,0.42228,1'
b'11-7-2023 9:58:50,-0.94332,9.81802,0.47615,1'
b'11-7-2023 9:58:50,0,0,0,0'
b'11-7-2023 9:58:51,0,0,0,0'
b'11-7-2023 9:58:51,0,0,0,0'
b'11-7-2023 9:58:51,-0.02125,7.30142,6.75464,1'
b'11-7-2023 9:58:52,1.10223,2.85179,10.34894,1'
b'11-7-2023 9:58:52,-0.29419,-0.79398,11.25574,1'
b'11-7-2023 9:58:52,0.14305,-1.42036,11.19948,1'
b'11-7-2023 9:58:53,2.20656,1.03729,13.90283,1'
b'11-7-2023 9:58:53,-0.17927,6.76961,4.35086,1'
b'11-7-2023 9:58:53,-0.57102,9.5807,0.47256,1'
b'11-7-2023 9:58:54,-1.12797,9.87309,-0.71317,1'
b'11-7-2023 9:58:54,-0.55067,9.75817,0.56832,1'
b'11-7-2023 9:58:54,-0.79368,9.7881,0.60663,1'
b'11-7-2023 9:58:55,-0.99599,9.71268,-0.08559,1'
b'11-7-2023 9:58:55,-0.826,9.78331,0.45939,1'
b'11-7-2023 9:58:55,-0.78889,9.77253,0.43305,1'
b'11-7-2023 9:58:56,-0.7003,9.7857,0.52403,1'
b'11-7-2023 9:58:56,-1.08607,9.72704,0.13827,1'
b'11-7-2023 9:58:56,0,0,0,0'
b'11-7-2023 9:58:57,0,0,0,0'
b'11-7-2023 9:58:57,0,0,0,0'
b'11-7-2023 9:58:57,-0.30855,7.7626,3.11007,1'
b'11-7-2023 9:58:58,-0.4139,2.5202,7.40377,1'
b'11-7-2023 9:58:58,0.4555,-1.14024,11.57447,1'
b'11-7-2023 9:58:58,1.01484,-0.92805,12.72788,1'
b'11-7-2023 9:58:59,0.27833,4.46878,7.65785,1'
b'11-7-2023 9:58:59,-1.46555,8.88728,0.76465,1'
b'11-7-2023 9:58:59,-0.82001,9.90421,-2.03926,1'
b'11-7-2023 9:59:0,-0.41509,9.8695,-0.06404,1'
b'11-7-2023 9:59:0,-0.51116,9.78331,-0.10714,1'
b'11-7-2023 9:59:0,-0.58778,9.76894,-0.10116,1'
b'11-7-2023 9:59:0,-0.65841,9.7881,-0.11432,1'
b'11-7-2023 9:59:1,-0.66559,9.79049,-0.02813,1'
b'11-7-2023 9:59:1,-0.4956,9.79169,0.1646,1'
b'11-7-2023 9:59:1,-0.55665,9.77253,0.00898,1'
b'11-7-2023 9:59:2,-0.40672,9.83957,0.15024,1'
b'11-7-2023 9:59:2,0,0,0,0'
b'11-7-2023 9:59:2,0,0,0,0'
b'11-7-2023 9:59:3,-0.68115,9.52802,-1.48231,1'
b'11-7-2023 9:59:3,-1.16268,6.48589,4.62021,1'
b'11-7-2023 9:59:3,-0.36841,0.55815,11.15638,1'
b'11-7-2023 9:59:4,-0.17687,-2.01083,9.65312,1'
b'11-7-2023 9:59:4,1.04716,-1.57748,11.3551,1'
b'11-7-2023 9:59:4,-0.77093,4.50828,5.04787,1'
b'11-7-2023 9:59:5,0.03262,9.26466,-0.24002,1'
b'11-7-2023 9:59:5,-1.21655,9.65611,-1.42575,1'
b'11-7-2023 9:59:5,-0.10624,9.74979,0.81642,1'
b'11-7-2023 9:59:6,-0.62249,9.73183,0.34087,1'
b'11-7-2023 9:59:6,-0.91219,9.71028,-0.21847,1'
b'11-7-2023 9:59:6,-0.67157,9.73183,0.10714,1'
b'11-7-2023 9:59:7,-0.49919,9.76774,0.25588,1'
b'11-7-2023 9:59:7,-0.65481,9.82281,0.24989,1'
b'11-7-2023 9:59:7,-0.55067,9.77972,0.27623,1'
b'11-7-2023 9:59:8,0,0,0,0'
b'11-7-2023 9:59:8,0,0,0,0'
b'11-7-2023 9:59:8,0,0,0,0'
b'11-7-2023 9:59:9,0,0,0,0'
b'11-7-2023 9:59:9,-0.39953,8.18787,1.17196,1'
b'11-7-2023 9:59:9,0.08559,4.30238,9.4951,1'
b'11-7-2023 9:59:10,-0.08469,-1.35931,10.2795,1'
b'11-7-2023 9:59:10,0.14305,-1.46465,10.06044,1'
b'11-7-2023 9:59:10,-0.8691,4.0893,7.32596,1'
b'11-7-2023 9:59:11,-0.23074,8.86453,-1.18513,1'
b'11-7-2023 9:59:11,-0.01287,9.77014,1.67025,1'
b'11-7-2023 9:59:11,-0.29778,9.7881,0.8248,1'
b'11-7-2023 9:59:12,-0.58538,9.77014,0.83917,1'
b'11-7-2023 9:59:12,-0.94332,9.81802,0.1646,1'
b'11-7-2023 9:59:12,-0.44981,9.79647,0.48931,1'
b'11-7-2023 9:59:13,-0.35285,9.77493,0.90381,1'
b'11-7-2023 9:59:13,-0.60813,9.75099,0.60184,1'
b'11-7-2023 9:59:13,-0.63327,9.75817,0.46777,1'
b'11-7-2023 9:59:14,-0.46058,9.82401,0.8272,1'
b'11-7-2023 9:59:14,0,0,0,0'
b'11-7-2023 9:59:14,0,0,0,0'
b'11-7-2023 9:59:15,0,0,0,0'
b'11-7-2023 9:59:15,0,0,0,0'
b'11-7-2023 9:59:15,0,0,0,0'
b'11-7-2023 9:59:16,0,0,0,0'
b'11-7-2023 9:59:16,-0.61651,6.71574,2.36966,1'
b'11-7-2023 9:59:16,0.76106,1.46735,13.40454,1'
b'11-7-2023 9:59:17,-0.01526,-1.97731,11.16356,1'
b'11-7-2023 9:59:17,-0.20321,-1.69719,10.09276,1'
b'11-7-2023 9:59:17,-0.50757,3.74663,8.35127,1'
b'11-7-2023 9:59:18,-0.17208,8.05978,1.48949,1'
b'11-7-2023 9:59:18,-0.40432,9.70789,1.35991,1'
b'11-7-2023 9:59:18,-0.05237,9.98203,0.44143,1'
b'11-7-2023 9:59:19,-0.40791,9.76535,0.51445,1'
b'11-7-2023 9:59:19,-0.3708,9.72345,-0.1239,1'
b'11-7-2023 9:59:19,-0.68714,9.745,-0.10116,1'
b'11-7-2023 9:59:20,-0.13258,9.80485,0.4115,1'
b'11-7-2023 9:59:20,-0.6213,9.79887,-0.14545,1'
b'11-7-2023 9:59:20,-0.21997,9.8276,0.18735,1'
b'11-7-2023 9:59:21,-0.50159,9.83358,0.40432,1'
b'11-7-2023 9:59:21,0,0,0,0'
b'11-7-2023 9:59:21,0,0,0,0'
b'11-7-2023 9:59:22,0,0,0,0'
b'11-7-2023 9:59:22,0,0,0,0'
b'11-7-2023 9:59:22,0,0,0,0'
b'11-7-2023 9:59:23,0,0,0,0'
b'11-7-2023 9:59:23,0,0,0,0'
b'11-7-2023 10:6:38,0,0,0,0'
b'11-7-2023 10:6:39,0,0,0,0'
b'11-7-2023 10:6:39,0,0,0,0'
b'11-7-2023 10:6:39,0,0,0,0'
b'11-7-2023 10:6:40,0,0,0,0'
b'11-7-2023 10:6:40,0,0,0,0'
b'11-7-2023 10:6:40,0,0,0,0'
b'11-7-2023 10:6:41,0.95978,4.14795,1.04746,1'
b'11-7-2023 10:6:41,0.88316,-0.71018,12.82963,1'
b'11-7-2023 10:6:41,2.23289,0.60843,11.28926,1'
b'11-7-2023 10:6:42,-0.98402,8.18188,0.91698,1'
b'11-7-2023 10:6:42,-0.32292,9.92456,0.58987,1'
b'11-7-2023 10:6:42,-0.29419,9.67647,1.61758,1'
b'11-7-2023 10:6:43,-0.56623,9.63098,1.21147,1'
b'11-7-2023 10:6:43,-0.54109,9.64295,1.29646,1'
b'11-7-2023 10:6:43,-0.35883,9.72345,1.88454,1'
b'11-7-2023 10:6:44,-0.42467,9.59267,1.76961,1'
b'11-7-2023 10:6:44,-0.61651,9.63457,1.67265,1'
b'11-7-2023 10:6:44,-0.44023,9.75577,1.71455,1'
b'11-7-2023 10:6:45,-0.36003,9.73423,1.91686,1'
b'11-7-2023 10:6:45,-0.41749,9.71507,1.68941,1'
b'11-7-2023 10:6:45,-0.38397,9.67796,1.88813,1'
b'11-7-2023 10:6:46,0,0,0,0'
b'11-7-2023 10:6:46,0,0,0,0'
b'11-7-2023 10:6:46,0,0,0,0'
b'11-7-2023 10:6:47,0,0,0,0'
b'11-7-2023 10:6:47,-0.208,7.11467,1.32639,1'
b'11-7-2023 10:6:47,-2.08595,0.39534,9.27125,1'
b'11-7-2023 10:6:48,0.80894,0.34267,11.07737,1'
b'11-7-2023 10:6:48,-1.53139,6.93032,1.65709,1'
b'11-7-2023 10:6:48,0.99808,9.94252,2.16256,1'
b'11-7-2023 10:6:49,0.10714,9.7031,1.99018,1'
b'11-7-2023 10:6:49,0.0844,9.64055,2.21045,1'
b'11-7-2023 10:6:49,0.10834,9.66928,1.78997,1'
b'11-7-2023 10:6:50,0.11791,9.61661,2.01532,1'
b'11-7-2023 10:6:50,-0.01287,9.64175,1.84264,1'
b'11-7-2023 10:6:50,0.08559,9.58189,1.94828,1'
b'11-7-2023 10:6:51,0.11552,9.59027,2.15059,1'
b'11-7-2023 10:6:51,0.00389,9.56753,1.60082,1'
b'11-7-2023 10:6:51,0.14545,9.66809,2.0644,1'
b'11-7-2023 10:6:52,0.10953,9.55556,1.77919,1'
b'11-7-2023 10:6:52,0,0,0,0'
b'11-7-2023 10:6:52,0,0,0,0'
b'11-7-2023 10:6:53,0.2065,9.43824,3.85377,1'
b'11-7-2023 10:6:53,0.52253,5.60662,6.65887,1'
b'11-7-2023 10:6:53,1.60531,0.75597,12.1003,1'
b'11-7-2023 10:6:54,1.33836,-0.03711,11.78995,1'
b'11-7-2023 10:6:54,-0.11462,4.29161,6.91745,1'
b'11-7-2023 10:6:54,-0.0416,9.17009,-1.16598,1'
b'11-7-2023 10:6:55,-0.13497,9.48134,1.59005,1'
b'11-7-2023 10:6:55,-0.00808,9.62858,2.42712,1'
b'11-7-2023 10:6:55,-0.2056,9.63816,2.19608,1'
b'11-7-2023 10:6:56,-0.00569,9.58788,2.45585,1'
b'11-7-2023 10:6:56,-0.09667,9.56514,2.25115,1'
b'11-7-2023 10:6:56,-0.07632,9.46817,2.20446,1'
b'11-7-2023 10:6:57,0.33818,9.31015,3.08014,1'
b'11-7-2023 10:6:57,-0.22715,9.33649,2.38642,1'
b'11-7-2023 10:6:57,0.32142,9.66928,2.63572,1'
b'11-7-2023 10:6:58,0,0,0,0'
b'11-7-2023 10:6:58,0,0,0,0'
b'11-7-2023 10:6:58,0,0,0,0'
b'11-7-2023 10:6:59,-0.23673,7.36486,0.15383,1'
b'11-7-2023 10:6:59,2.54563,2.99455,11.63672,1'
b'11-7-2023 10:6:59,2.13353,-0.97115,12.73985,1'
b'11-7-2023 10:7:0,2.57556,0.24092,10.75625,1'
b'11-7-2023 10:7:0,-0.45819,7.71591,1.43083,1'
b'11-7-2023 10:7:0,-0.30855,9.52324,-0.52882,1'
b'11-7-2023 10:7:1,-0.32412,9.63816,1.49069,1'
b'11-7-2023 10:7:1,-0.31813,9.67048,1.17316,1'
b'11-7-2023 10:7:1,-0.11702,9.60584,1.43323,1'
b'11-7-2023 10:7:2,-0.12061,9.62499,1.75405,1'
b'11-7-2023 10:7:2,-0.17927,9.68036,1.74567,1'
b'11-7-2023 10:7:2,-0.17328,9.63337,1.75764,1'
b'11-7-2023 10:7:3,-0.21398,9.68395,1.95906,1'
b'11-7-2023 10:7:3,-0.208,9.64175,1.70617,1'
b'11-7-2023 10:7:3,-0.15413,9.71148,1.96145,1'
b'11-7-2023 10:7:4,0,0,0,0'
b'11-7-2023 10:7:4,0,0,0,0'
b'11-7-2023 10:7:4,0,0,0,0'
b'11-7-2023 10:7:5,0,0,0,0'
b'11-7-2023 10:7:5,0,0,0,0'
b'11-7-2023 10:7:5,0.58478,6.2342,5.6156,1'
b'11-7-2023 10:7:5,0.84007,1.16059,12.53604,1'
b'11-7-2023 10:7:6,1.41617,-0.31484,13.10017,1'
b'11-7-2023 10:7:6,0.19453,5.00538,6.08397,1'
b'11-7-2023 10:7:6,-0.10505,9.46458,-0.87119,1'
b'11-7-2023 10:7:7,-0.19004,9.72585,1.08218,1'
b'11-7-2023 10:7:7,0.20171,9.69113,1.6535,1'
b'11-7-2023 10:7:7,0.03861,9.72106,2.1075,1'
b'11-7-2023 10:7:8,-0.10145,9.73542,1.71096,1'
b'11-7-2023 10:7:8,-0.05237,9.71507,1.90608,1'
b'11-7-2023 10:7:8,0.00748,9.56992,1.83545,1'
b'11-7-2023 10:7:9,0.01227,9.6609,2.03447,1'
b'11-7-2023 10:7:9,-0.00569,9.63696,2.24995,1'
b'11-7-2023 10:7:9,0.01586,9.55915,1.78159,1'
b'11-7-2023 10:7:10,-0.06554,9.68754,2.32896,1'
b'11-7-2023 10:7:10,0,0,0,0'
b'11-7-2023 10:7:10,0,0,0,0'
b'11-7-2023 10:7:11,0,0,0,0'
b'11-7-2023 10:7:11,0,0,0,0'
b'11-7-2023 10:7:11,0,0,0,0'
b'11-7-2023 10:7:12,-0.11941,9.31734,-0.01616,1'
b'11-7-2023 10:7:12,-0.60454,2.76441,6.3605,1'
b'11-7-2023 10:7:12,-0.22236,-1.25037,8.9202,1'
b'11-7-2023 10:7:13,1.44131,-0.21308,10.59225,1'
b'11-7-2023 10:7:13,-1.20099,7.18889,2.85359,1'
b'11-7-2023 10:7:13,0.51176,9.84675,0.84755,1'
b'11-7-2023 10:7:14,-0.08709,9.83478,1.49189,1'
b'11-7-2023 10:7:14,-0.03442,9.68754,1.42724,1'
b'11-7-2023 10:7:14,0.11552,9.64654,2.04525,1'
b'11-7-2023 10:7:15,-0.09906,9.66449,1.59963,1'
b'11-7-2023 10:7:15,-0.07632,9.64773,1.9399,1'
b'11-7-2023 10:7:15,-0.11702,9.63217,2.0656,1'
b'11-7-2023 10:7:16,-0.0404,9.63098,1.66906,1'
b'11-7-2023 10:7:16,-0.08948,9.59865,1.43083,1'
b'11-7-2023 10:7:16,0.06255,9.62379,1.83905,1'
b'11-7-2023 10:7:17,0,0,0,0'
b'11-7-2023 10:7:17,0,0,0,0'
b'11-7-2023 10:7:17,0,0,0,0'
b'11-7-2023 10:7:18,0,0,0,0'
b'11-7-2023 10:7:18,-0.07871,8.73764,-0.15502,1'
b'11-7-2023 10:7:18,0.56204,4.05787,10.51563,1'
b'11-7-2023 10:7:19,1.62207,0.27563,12.923,1'
b'11-7-2023 10:7:19,0.72395,0.81104,11.53137,1'
b'11-7-2023 10:7:19,-0.83797,6.71095,3.36864,1'
b'11-7-2023 10:7:20,0.36212,9.57232,-0.6186,1'
b'11-7-2023 10:7:20,-0.06794,9.67287,1.24498,1'
b'11-7-2023 10:7:20,0.06255,9.72225,1.46914,1'
b'11-7-2023 10:7:21,-0.13976,9.66449,1.54097,1'
b'11-7-2023 10:7:21,-0.14694,9.77253,1.14802,1'
b'11-7-2023 10:7:21,-0.23553,9.69712,1.39851,1'
b'11-7-2023 10:7:22,-0.09188,9.69831,1.69899,1'
b'11-7-2023 10:7:22,-0.13737,9.61422,1.4871,1'
b'11-7-2023 10:7:22,-0.04758,9.61422,1.99856,1'
b'11-7-2023 10:7:23,-0.19124,9.65133,1.62117,1'
b'11-7-2023 10:7:23,0,0,0,0'
b'11-7-2023 10:7:23,0,0,0,0'
b'11-7-2023 10:7:24,0,0,0,0'
b'11-7-2023 10:7:24,-0.62728,5.44621,6.46494,1'
b'11-7-2023 10:7:24,1.50835,1.08397,11.67383,1'
b'11-7-2023 10:7:25,1.93242,-0.249,9.68904,1'
b'11-7-2023 10:7:25,0.05058,1.87107,10.75505,1'
b'11-7-2023 10:7:25,-1.20817,8.25012,1.12288,1'
b'11-7-2023 10:7:26,0.09756,9.81204,1.71934,1'
b'11-7-2023 10:7:26,-0.18645,9.70669,2.01412,1'
b'11-7-2023 10:7:26,-0.2882,9.6633,1.54217,1'
b'11-7-2023 10:7:27,-0.16849,9.7031,1.44879,1'
b'11-7-2023 10:7:27,-0.18525,9.65252,1.87017,1'
b'11-7-2023 10:7:27,-0.2487,9.67048,1.45119,1'
b'11-7-2023 10:7:28,-0.17927,9.59985,1.73729,1'
b'11-7-2023 10:7:28,-0.13617,9.59387,2.01293,1'
b'11-7-2023 10:7:28,-0.09667,9.62858,2.03687,1'
b'11-7-2023 10:7:29,-0.123,9.66449,1.69899,1'
b'11-7-2023 10:7:29,0,0,0,0'
b'11-7-2023 10:7:29,0,0,0,0'
b'11-7-2023 10:7:30,0,0,0,0'
b'11-7-2023 10:7:30,0,0,0,0'
b'11-7-2023 10:7:30,0.18016,8.18308,3.43807,1'
b'11-7-2023 10:7:31,-0.58179,3.08433,6.76422,1'
b'11-7-2023 10:7:31,0.67606,-0.13647,9.62319,1'
b'11-7-2023 10:7:31,1.54187,0.22296,10.94569,1'
b'11-7-2023 10:7:32,-0.39714,4.55018,5.96066,1'
b'11-7-2023 10:7:32,0.81852,9.55316,-0.07123,1'
b'11-7-2023 10:7:32,-0.30257,9.51965,1.41408,1'
b'11-7-2023 10:7:33,0.14186,9.69113,2.33495,1'
b'11-7-2023 10:7:33,-0.18166,9.60344,1.05943,1'
b'11-7-2023 10:7:33,0.06973,9.69592,1.85221,1'
b'11-7-2023 10:7:34,-0.04998,9.65971,1.67145,1'
b'11-7-2023 10:7:34,0.03262,9.65252,1.76602,1'
b'11-7-2023 10:7:34,-0.04758,9.64295,2.00095,1'
b'11-7-2023 10:7:35,-0.05118,9.67407,1.91087,1'
b'11-7-2023 10:7:35,-0.02963,9.5807,2.1051,1'
b'11-7-2023 10:7:35,0,0,0,0'
b'11-7-2023 10:7:36,0,0,0,0'
b'11-7-2023 10:7:36,0,0,0,0'
b'11-7-2023 10:7:36,-0.09667,7.54593,3.37343,1'
b'11-7-2023 10:7:36,1.98868,2.67103,13.15883,1'
b'11-7-2023 10:7:37,1.33596,-0.76405,10.86638,1'
b'11-7-2023 10:7:37,-0.50518,-0.17119,13.57452,1'
b'11-7-2023 10:7:37,-0.97923,6.56131,3.45124,1'
b'11-7-2023 10:7:38,-0.01526,9.32572,1.50625,1'
b'11-7-2023 10:7:38,-0.68953,9.58668,1.53498,1'
b'11-7-2023 10:7:38,-0.16131,9.62858,1.5697,1'
b'11-7-2023 10:7:39,0.04579,9.50289,2.55192,1'
b'11-7-2023 10:7:39,-0.09906,9.55676,1.80553,1'
b'11-7-2023 10:7:39,-0.07871,9.57112,2.04166,1'
b'11-7-2023 10:7:40,-0.0428,9.58668,2.48339,1'
b'11-7-2023 10:7:40,0.00868,9.62978,2.52199,1'
b'11-7-2023 10:7:40,-0.00209,9.5364,2.36248,1'
b'11-7-2023 10:7:41,-0.11462,9.51246,2.39241,1'
b'11-7-2023 10:7:41,0,0,0,0'
b'11-7-2023 10:7:41,0,0,0,0'
b'11-7-2023 10:7:42,0,0,0,0'
b'11-7-2023 10:7:42,0,0,0,0'
b'11-7-2023 10:7:42,0.52972,5.29298,10.42585,1'
b'11-7-2023 10:7:43,1.26055,0.87927,11.73249,1'
b'11-7-2023 10:7:43,1.57898,-0.20949,9.23653,1'
b'11-7-2023 10:7:43,0.67127,2.3116,10.75865,1'
b'11-7-2023 10:7:44,-1.06692,8.588,3.04153,1'
b'11-7-2023 10:7:44,0.27354,9.62978,1.54097,1'
b'11-7-2023 10:7:44,0.041,9.57112,2.26432,1'
b'11-7-2023 10:7:45,0.03382,9.51965,2.46663,1'
b'11-7-2023 10:7:45,0.00509,9.55077,2.5196,1'
b'11-7-2023 10:7:45,-0.11702,9.44303,1.95187,1'
b'11-7-2023 10:7:46,0.02304,9.47176,2.6417,1'
b'11-7-2023 10:7:46,0.02664,9.42986,2.30621,1'
b'11-7-2023 10:7:46,-0.05477,9.50049,2.40797,1'
b'11-7-2023 10:7:47,-0.02484,9.4957,2.73388,1'
b'11-7-2023 10:7:47,-0.0009,9.47296,2.55671,1'
b'11-7-2023 10:7:47,0,0,0,0'
b'11-7-2023 10:7:48,0,0,0,0'
b'11-7-2023 10:7:48,0,0,0,0'
b'11-7-2023 10:7:48,-0.30975,8.74243,0.04968,1'
b'11-7-2023 10:7:49,-0.208,3.66044,6.3605,1'
b'11-7-2023 10:7:49,1.53947,0.26965,12.06917,1'
b'11-7-2023 10:7:49,1.9408,0.36182,11.26292,1'
b'11-7-2023 10:7:50,-0.29538,5.49888,4.99041,1'
b'11-7-2023 10:7:50,0.55486,9.19164,0.28341,1'
b'11-7-2023 10:7:50,0.02783,9.54718,1.75884,1'
b'11-7-2023 10:7:51,0.06734,9.52563,2.30621,1'
b'11-7-2023 10:7:51,0.0015,9.44064,2.62015,1'
b'11-7-2023 10:7:51,0.167,9.4155,2.47261,1'
b'11-7-2023 10:7:52,0.02664,9.54359,2.52798,1'
b'11-7-2023 10:7:52,0.14784,9.52084,2.77219,1'
b'11-7-2023 10:7:52,0.07213,9.39275,2.36846,1'
b'11-7-2023 10:7:53,0.07482,9.43226,2.82845,1'
b'11-7-2023 10:7:53,0.10475,9.47176,2.90866,1'
b'11-7-2023 10:7:53,0,0,0,0'
b'11-7-2023 10:7:54,0,0,0,0'
b'11-7-2023 10:7:54,0,0,0,0'
b'11-7-2023 10:7:54,-0.17927,6.29286,2.89549,1'
b'11-7-2023 10:7:55,1.34434,2.07098,10.19092,1'
b'11-7-2023 10:7:55,1.33836,-0.26695,9.97664,1'
b'11-7-2023 10:7:55,1.49039,0.4133,12.62971,1'
b'11-7-2023 10:7:56,-0.51954,7.85837,0.79697,1'
b'11-7-2023 10:7:56,0.27713,9.61541,2.23798,1'
b'11-7-2023 10:7:56,0.02903,9.455,1.693,1'
b'11-7-2023 10:7:57,0.20051,9.52324,2.50882,1'
b'11-7-2023 10:7:57,0.15263,9.6202,3.14119,1'
b'11-7-2023 10:7:57,0.11552,9.51486,2.38522,1'
b'11-7-2023 10:7:58,0.06135,9.52443,2.3553,1'
b'11-7-2023 10:7:58,0.11193,9.45261,2.38283,1'
b'11-7-2023 10:7:58,0.1634,9.41669,2.86556,1'
b'11-7-2023 10:7:59,0.04938,9.52084,2.59262,1'
b'11-7-2023 10:7:59,0.01347,9.48613,2.51122,1'
b'11-7-2023 10:7:59,0,0,0,0'
b'11-7-2023 10:8:0,0,0,0,0'
b'11-7-2023 10:8:0,0.03382,9.32811,0.82839,1'
b'11-7-2023 10:8:0,0.02065,2.18112,6.12826,1'
b'11-7-2023 10:8:1,1.40659,0.07422,11.84023,1'
b'11-7-2023 10:8:1,1.11181,0.09457,11.00076,1'
b'11-7-2023 10:8:1,-0.10026,5.16459,5.37857,1'
b'11-7-2023 10:8:2,-0.15532,9.19284,2.16137,1'
b'11-7-2023 10:8:2,0.08559,9.66809,1.57808,1'
b'11-7-2023 10:8:2,0.18974,9.40472,3.06218,1'
b'11-7-2023 10:8:3,0.08559,9.42029,2.41156,1'
b'11-7-2023 10:8:3,-0.05596,9.50049,2.90985,1'
b'11-7-2023 10:8:3,-0.1242,9.5376,2.20087,1'
b'11-7-2023 10:8:4,-0.0416,9.4143,2.38163,1'
b'11-7-2023 10:8:4,-0.10145,9.48014,2.76022,1'
b'11-7-2023 10:8:4,-0.15652,9.43345,2.62614,1'
b'11-7-2023 10:8:5,-0.03322,9.43345,2.79852,1'
b'11-7-2023 10:8:5,0,0,0,0'
b'11-7-2023 10:8:5,0,0,0,0'
b'11-7-2023 10:8:6,0,0,0,0'
b'11-7-2023 10:8:6,0,0,0,0'
b'11-7-2023 10:8:6,-0.41749,8.93756,0.69282,1'
b'11-7-2023 10:8:7,1.63524,3.70233,10.49049,1'
b'11-7-2023 10:8:7,1.70707,-0.0431,12.80808,1'
b'11-7-2023 10:8:7,1.80912,-0.28252,12.07037,1'
b'11-7-2023 10:8:8,-0.22954,4.21619,6.02052,1'
b'11-7-2023 10:8:8,0.65092,9.52204,2.32776,1'
b'11-7-2023 10:8:8,-0.15772,9.55316,2.66564,1'
b'11-7-2023 10:8:9,-0.19842,9.49451,2.51601,1'
b'11-7-2023 10:8:9,0.11791,9.37839,3.52067,1'
b'11-7-2023 10:8:9,-0.13617,9.53042,2.15658,1'
b'11-7-2023 10:8:10,0.19932,9.46338,3.31717,1'
b'11-7-2023 10:8:10,-0.10983,9.45261,2.3517,1'
b'11-7-2023 10:8:10,-0.07632,9.4969,2.44268,1'
b'11-7-2023 10:8:11,0.07721,9.41909,2.93978,1'
b'11-7-2023 10:8:11,-0.06794,9.44303,2.69318,1'
b'11-7-2023 10:8:11,0,0,0,0'
b'11-7-2023 10:8:12,0,0,0,0'
b'11-7-2023 10:8:12,0,0,0,0'
b'11-7-2023 10:8:12,-0.06554,9.30177,1.73729,1'
b'11-7-2023 10:8:13,0.80176,3.55748,11.54454,1'
b'11-7-2023 10:8:13,1.00646,-0.51745,12.29542,1'
b'11-7-2023 10:8:13,1.26174,-0.25977,12.58273,1'
b'11-7-2023 10:8:14,0.26875,5.07122,6.78218,1'
b'11-7-2023 10:8:14,0.05058,9.35085,0.64853,1'
b'11-7-2023 10:8:14,-0.14096,9.40353,2.49685,1'
b'11-7-2023 10:8:15,0.14664,9.37839,3.10887,1'
b'11-7-2023 10:8:15,0.041,9.54838,2.41156,1'
b'11-7-2023 10:8:15,0.21009,9.39395,3.01041,1'
b'11-7-2023 10:8:16,0.02185,9.50887,2.84282,1'
b'11-7-2023 10:8:16,0.082,9.5376,2.57945,1'
b'11-7-2023 10:8:16,0.1239,9.39634,2.68001,1'
b'11-7-2023 10:8:16,0.05177,9.42268,2.65487,1'
b'11-7-2023 10:8:17,0.19213,9.51965,2.8919,1'
b'11-7-2023 10:8:17,0,0,0,0'
b'11-7-2023 10:8:17,0,0,0,0'
b'11-7-2023 10:8:18,0,0,0,0'
b'11-7-2023 10:8:18,0.28311,8.2178,2.98886,1'
b'11-7-2023 10:8:18,1.42216,2.62794,12.39598,1'
b'11-7-2023 10:8:19,1.59334,-0.43485,10.04607,1'
b'11-7-2023 10:8:19,0.65212,0.80146,13.67269,1'
b'11-7-2023 10:8:19,-0.87867,8.15435,3.31118,1'
b'11-7-2023 10:8:20,0.73113,9.4957,3.03914,1'
b'11-7-2023 10:8:20,0.51894,9.43585,2.66804,1'
b'11-7-2023 10:8:20,0.32382,9.48972,2.97689,1'
b'11-7-2023 10:8:21,0.15981,9.39036,2.55671,1'
b'11-7-2023 10:8:21,0.38966,9.43824,3.60686,1'
b'11-7-2023 10:8:21,0.22685,9.44543,2.51361,1'
b'11-7-2023 10:8:22,0.18735,9.455,3.01759,1'
b'11-7-2023 10:8:22,0.22924,9.37839,3.08972,1'
b'11-7-2023 10:8:22,0.1634,9.37599,2.69437,1'
b'11-7-2023 10:8:23,0.17178,9.38916,2.77817,1'
b'11-7-2023 10:8:23,0,0,0,0'
b'11-7-2023 10:8:23,0,0,0,0'
b'11-7-2023 10:8:24,0,0,0,0'
b'11-7-2023 10:8:24,0,0,0,0'
b'11-7-2023 10:8:24,0.10714,6.08456,7.51989,1'
b'11-7-2023 10:8:25,0.48303,0.68744,9.31434,1'
b'11-7-2023 10:8:25,1.16209,-0.49829,9.50348,1'
b'11-7-2023 10:8:25,1.71784,1.06003,12.23916,1'
b'11-7-2023 10:8:26,-0.91578,7.98766,2.31699,1'
b'11-7-2023 10:8:26,0.42677,9.84436,2.67522,1'
b'11-7-2023 10:8:26,0.17777,9.79288,1.45837,1'
b'11-7-2023 10:8:27,0.26875,9.59626,2.42832,1'
b'11-7-2023 10:8:27,0.23164,9.55676,2.70754,1'
b'11-7-2023 10:8:27,0.2065,9.4957,2.44029,1'
b'11-7-2023 10:8:28,0.17538,9.48373,2.10031,1'
b'11-7-2023 10:8:28,0.21967,9.50289,2.62734,1'
b'11-7-2023 10:8:28,0.11313,9.49451,2.42233,1'
b'11-7-2023 10:8:29,0.19094,9.47535,2.52319,1'
b'11-7-2023 10:8:29,0.05776,9.54957,2.2703,1'
b'11-7-2023 10:8:29,0,0,0,0'
b'11-7-2023 10:8:30,0,0,0,0'
b'11-7-2023 10:8:30,0,0,0,0'
b'11-7-2023 10:8:30,0.43155,5.31453,10.47134,1'
b'11-7-2023 10:8:31,0.48902,0.76435,8.46261,1'
b'11-7-2023 10:8:31,0.46388,-0.17119,9.09976,1'
b'11-7-2023 10:8:31,0.17538,4.08211,6.07199,1'
b'11-7-2023 10:8:32,-0.44143,8.76637,2.86676,1'
b'11-7-2023 10:8:32,0.10594,9.85992,2.69437,1'
b'11-7-2023 10:8:32,0.2472,9.56992,2.40797,1'
b'11-7-2023 10:8:33,0.13108,9.51486,2.63213,1'
b'11-7-2023 10:8:33,0.08799,9.41789,2.96372,1'
b'11-7-2023 10:8:33,-0.01407,9.52443,2.67642,1'
b'11-7-2023 10:8:34,0.01826,9.54478,2.13982,1'
b'11-7-2023 10:8:34,-0.03202,9.4562,2.58783,1'
b'11-7-2023 10:8:34,-0.06674,9.43944,2.7255,1'
b'11-7-2023 10:8:34,-0.00688,9.43345,2.67043,1'
b'11-7-2023 10:8:35,-0.03681,9.44902,2.70275,1'
b'11-7-2023 10:8:35,0,0,0,0'
b'11-7-2023 10:8:35,0,0,0,0'
b'11-7-2023 10:8:36,0,0,0,0'
b'11-7-2023 10:8:36,-0.49081,8.80468,-0.43305,1'
b'11-7-2023 10:8:36,0.75148,3.62452,10.18493,1'
b'11-7-2023 10:8:37,0.67846,-0.31244,8.39557,1'
b'11-7-2023 10:8:37,0.57401,-0.43724,10.71794,1'
b'11-7-2023 10:8:37,0.61351,5.29657,5.42766,1'
b'11-7-2023 10:8:38,0.01826,9.38677,0.65811,1'
b'11-7-2023 10:8:38,-0.40911,9.54239,1.71215,1'
b'11-7-2023 10:8:38,0.06614,9.49451,2.24516,1'
b'11-7-2023 10:8:39,-0.02005,9.60105,2.59023,1'
b'11-7-2023 10:8:39,-0.08589,9.68036,2.2703,1'
b'11-7-2023 10:8:39,0.02185,9.54,2.83803,1'
b'11-7-2023 10:8:40,-0.19483,9.64414,2.11228,1'
b'11-7-2023 10:8:40,-0.09547,9.61182,1.99976,1'
b'11-7-2023 10:8:40,-0.22715,9.58668,2.03687,1'
b'11-7-2023 10:8:41,-0.10864,9.53281,2.25115,1'
b'11-7-2023 10:8:41,0,0,0,0'
b'11-7-2023 10:8:41,0,0,0,0'
b'11-7-2023 10:8:42,0,0,0,0'
b'11-7-2023 10:8:42,0,0,0,0'
b'11-7-2023 10:8:42,0.08679,5.86071,8.43388,1'
b'11-7-2023 10:8:43,0.14186,0.54857,8.61823,1'
b'11-7-2023 10:8:43,0.20291,-0.79278,8.72866,1'
b'11-7-2023 10:8:43,0.94182,0.41689,12.2212,1'
b'11-7-2023 10:8:44,-0.16849,6.72651,4.35086,1'
b'11-7-2023 10:8:44,-0.02245,9.59027,0.84156,1'
b'11-7-2023 10:8:44,0.09278,9.51127,3.82025,1'
b'11-7-2023 10:8:45,-0.27144,9.57471,1.90249,1'
b'11-7-2023 10:8:45,0.05896,9.38796,3.29322,1'
b'11-7-2023 10:8:45,-0.30257,9.49451,2.15538,1'
b'11-7-2023 10:8:46,-0.05118,9.48852,2.81648,1'
b'11-7-2023 10:8:46,-0.09188,9.44303,2.67402,1'
b'11-7-2023 10:8:46,-0.12659,9.42388,2.76022,1'
b'11-7-2023 10:8:47,-0.08829,9.38437,2.46304,1'
b'11-7-2023 10:8:47,-0.11103,9.4562,2.66445,1'
b'11-7-2023 10:8:47,0,0,0,0'
b'11-7-2023 10:8:48,0,0,0,0'
b'11-7-2023 10:8:48,0,0,0,0'
b'11-7-2023 10:8:48,-0.04998,9.34008,0.72634,1'
b'11-7-2023 10:8:49,1.48919,4.06655,12.27866,1'
b'11-7-2023 10:8:49,0.68923,0.2074,10.09755,1'
b'11-7-2023 10:8:49,0.34776,-0.59885,9.74769,1'
b'11-7-2023 10:8:50,0.67127,1.78697,9.59446,1'
b'11-7-2023 10:8:50,-0.27144,8.43567,2.5998,1'
b'11-7-2023 10:8:50,-0.02723,9.91618,1.46555,1'
b'11-7-2023 10:8:51,0.06734,9.67407,2.12545,1'
b'11-7-2023 10:8:51,-0.02125,9.63696,1.65589,1'
b'11-7-2023 10:8:51,-0.00569,9.59147,1.95786,1'
b'11-7-2023 10:8:52,0.09397,9.62738,2.60818,1'
b'11-7-2023 10:8:52,-0.05836,9.65013,1.81391,1'
b'11-7-2023 10:8:52,0.09876,9.63337,2.53875,1'
b'11-7-2023 10:8:53,-0.02005,9.5807,2.3948,1'
b'11-7-2023 10:8:53,0.0398,9.59985,2.28227,1'
b'11-7-2023 10:8:53,0,0,0,0'
b'11-7-2023 10:8:54,0,0,0,0'
b'11-7-2023 10:8:54,0,0,0,0'
b'11-7-2023 10:8:54,0,0,0,0'
b'11-7-2023 10:8:55,-0.26785,6.98538,6.38923,1'
b'11-7-2023 10:8:55,-0.65721,0.82899,10.29028,1'
b'11-7-2023 10:8:55,1.35153,-0.75687,9.17638,1'
b'11-7-2023 10:8:56,0.16221,0.40133,12.4271,1'
b'11-7-2023 10:8:56,-0.57461,7.77098,4.10636,1'
b'11-7-2023 10:8:56,0.46029,9.54239,0.93972,1'
b'11-7-2023 10:8:57,-0.06434,9.71148,2.01412,1'
b'11-7-2023 10:8:57,-0.01167,9.70669,1.24977,1'
b'11-7-2023 10:8:57,0.06015,9.49091,1.6092,1'
b'11-7-2023 10:8:58,-0.09068,9.57351,1.49308,1'
b'11-7-2023 10:8:58,0.13827,9.5807,2.36487,1'
b'11-7-2023 10:8:58,-0.01167,9.67287,2.07278,1'
b'11-7-2023 10:8:59,0.02185,9.58668,1.84264,1'
b'11-7-2023 10:8:59,-0.02245,9.57591,2.16017,1'
b'11-7-2023 10:8:59,-0.06075,9.62978,1.99257,1'
b'11-7-2023 10:9:0,0,0,0,0'
b'11-7-2023 10:9:0,0,0,0,0'
b'11-7-2023 10:9:0,0,0,0,0'
b'11-7-2023 10:9:1,-0.02364,9.39634,0.37439,1'
b'11-7-2023 10:9:1,0.69881,4.91081,9.60284,1'
b'11-7-2023 10:9:1,0.13348,0.25289,10.22683,1'
b'11-7-2023 10:9:2,0.85323,-0.90531,9.36821,1'
b'11-7-2023 10:9:2,0.02783,-0.14006,11.99705,1'
b'11-7-2023 10:9:2,-0.56024,6.56969,2.76381,1'
b'11-7-2023 10:9:3,0.65571,9.26706,0.09158,1'
b'11-7-2023 10:9:3,0.24002,9.5364,1.86179,1'
b'11-7-2023 10:9:3,0.23164,9.57112,2.13742,1'
b'11-7-2023 10:9:4,0.2484,9.50289,2.50643,1'
b'11-7-2023 10:9:4,0.21249,9.59865,2.29784,1'
b'11-7-2023 10:9:4,0.38128,9.50408,2.12665,1'
b'11-7-2023 10:9:4,0.38008,9.55077,2.13383,1'
b'11-7-2023 10:9:5,0.38367,9.52683,2.25713,1'
b'11-7-2023 10:9:5,0.35135,9.53162,2.50523,1'
b'11-7-2023 10:9:5,0,0,0,0'
b'11-7-2023 10:9:6,0,0,0,0'
b'11-7-2023 10:9:6,0,0,0,0'
b'11-7-2023 10:9:6,0.167,7.7207,2.8093,1'
b'11-7-2023 10:9:7,0.31783,3.19566,7.26491,1'
b'11-7-2023 10:9:7,0.70719,-0.87299,10.7359,1'
b'11-7-2023 10:9:7,0.91069,-0.32801,11.61637,1'
b'11-7-2023 10:9:8,-0.65242,4.86532,5.58807,1'
b'11-7-2023 10:9:8,0.71317,9.42388,0.19692,1'
b'11-7-2023 10:9:8,0.19692,9.58668,2.17812,1'
b'11-7-2023 10:9:9,0.15622,9.61781,1.86419,1'
b'11-7-2023 10:9:9,0.33938,9.59027,2.65008,1'
b'11-7-2023 10:9:9,0.21727,9.57232,2.15538,1'
b'11-7-2023 10:9:10,0.25438,9.55795,2.52439,1'
b'11-7-2023 10:9:10,0.13348,9.51007,2.17693,1'
b'11-7-2023 10:9:10,0.22924,9.52922,2.29544,1'
b'11-7-2023 10:9:11,0.18974,9.48493,2.34452,1'
b'11-7-2023 10:9:11,0.17777,9.5388,2.3541,1'
b'11-7-2023 10:9:11,0,0,0,0'
b'11-7-2023 10:9:12,0,0,0,0'
b'11-7-2023 10:9:12,0,0,0,0'
b'11-7-2023 10:9:12,0,0,0,0'
b'11-7-2023 10:9:13,0,0,0,0'
b'11-7-2023 10:9:13,0,0,0,0'
b'11-7-2023 10:9:13,0,0,0,0'
b'11-7-2023 10:9:14,-0.07033,5.52282,6.67683,1'
b'11-7-2023 10:9:14,0.23882,0.34147,11.62954,1'
b'11-7-2023 10:9:14,1.51194,-0.88975,11.54574,1'
b'11-7-2023 10:9:15,1.12737,2.94666,8.40993,1'
b'11-7-2023 10:9:15,0.31424,9.39754,-0.36482,1'
b'11-7-2023 10:9:15,-0.50877,9.50648,1.12647,1'
b'11-7-2023 10:9:16,0.02664,9.48972,2.70994,1'
b'11-7-2023 10:9:16,0.12869,9.67916,2.20207,1'
b'11-7-2023 10:9:16,-0.0835,9.57591,2.56389,1'
b'11-7-2023 10:9:17,-0.16131,9.66689,2.05722,1'
b'11-7-2023 10:9:17,-0.1637,9.60823,2.03926,1'
b'11-7-2023 10:9:17,-0.18286,9.55197,2.43071,1'
b'11-7-2023 10:9:18,-0.16011,9.63217,1.9387,1'
b'11-7-2023 10:9:18,-0.06434,9.48972,2.24516,1'
b'11-7-2023 10:9:18,-0.14694,9.57711,1.96025,1'
b'11-7-2023 10:9:19,0,0,0,0'
b'11-7-2023 10:9:19,0,0,0,0'
b'11-7-2023 10:9:19,0,0,0,0'
b'11-7-2023 10:9:20,0.12749,7.12544,7.56089,1'
b'11-7-2023 10:9:20,0.19932,1.06961,10.46296,1'
b'11-7-2023 10:9:20,0.7443,-0.62279,9.2916,1'
b'11-7-2023 10:9:21,0.84605,0.29957,12.34331,1'
b'11-7-2023 10:9:21,-0.55665,7.3912,2.90506,1'
b'11-7-2023 10:9:21,0.69162,9.72824,2.53636,1'
b'11-7-2023 10:9:22,-0.06554,9.6609,2.44149,1'
b'11-7-2023 10:9:22,0.04699,9.50767,2.11228,1'
b'11-7-2023 10:9:22,-0.0009,9.4957,2.43311,1'
b'11-7-2023 10:9:23,-0.0823,9.57591,1.98659,1'
b'11-7-2023 10:9:23,0.07482,9.59027,2.05243,1'
b'11-7-2023 10:9:23,0.041,9.55197,2.72191,1'
b'11-7-2023 10:9:24,-0.00449,9.52563,2.62015,1'
b'11-7-2023 10:9:24,-0.05357,9.51366,2.41395,1'
b'11-7-2023 10:9:24,-0.09068,9.46458,2.49566,1'
b'11-7-2023 10:9:25,0,0,0,0'
b'11-7-2023 10:9:25,0,0,0,0'
b'11-7-2023 10:9:25,0,0,0,0'
b'11-7-2023 10:9:26,-0.22476,9.0824,0.75747,1'
b'11-7-2023 10:9:26,0.7443,4.63907,10.4869,1'
b'11-7-2023 10:9:26,0.04579,0.04669,10.86998,1'
b'11-7-2023 10:9:27,0.80415,-0.86939,10.59225,1'
b'11-7-2023 10:9:27,0.61351,1.22882,11.83304,1'
b'11-7-2023 10:9:27,0.05177,8.53862,2.66804,1'
b'11-7-2023 10:9:28,0.10834,9.61182,2.11109,1'
b'11-7-2023 10:9:28,0.15263,9.58788,2.73867,1'
b'11-7-2023 10:9:28,-0.0835,9.59267,2.43311,1'
b'11-7-2023 10:9:29,-0.13138,9.54119,1.66547,1'
b'11-7-2023 10:9:29,-0.02484,9.54718,2.18531,1'
b'11-7-2023 10:9:29,0.07841,9.49929,2.66325,1'
b'11-7-2023 10:9:30,-0.23314,9.54718,2.29784,1'
b'11-7-2023 10:9:30,-0.07512,9.54718,2.12426,1'
b'11-7-2023 10:9:30,-0.1637,9.47655,2.07996,1'
b'11-7-2023 10:9:31,0,0,0,0'
b'11-7-2023 10:9:31,0,0,0,0'
b'11-7-2023 10:9:31,0,0,0,0'
b'11-7-2023 10:9:32,0.09996,8.06577,1.444,1'
b'11-7-2023 10:9:32,1.16687,2.95265,12.10868,1'
b'11-7-2023 10:9:32,0.17298,-1.18573,11.73847,1'
b'11-7-2023 10:9:33,1.44011,-0.58927,11.60081,1'
b'11-7-2023 10:9:33,-0.31214,4.1707,8.23875,1'
b'11-7-2023 10:9:33,0.19812,9.44782,1.74567,1'
b'11-7-2023 10:9:34,0.04459,9.56274,2.27748,1'
b'11-7-2023 10:9:34,0.35973,9.58429,1.94589,1'
b'11-7-2023 10:9:34,0.21847,9.51366,2.63811,1'
b'11-7-2023 10:9:35,-0.07033,9.56514,1.84743,1'
b'11-7-2023 10:9:35,0.23044,9.47176,2.6441,1'
b'11-7-2023 10:9:35,0.0832,9.48613,2.33495,1'
b'11-7-2023 10:9:36,0.14545,9.57232,2.46543,1'
b'11-7-2023 10:9:36,0.1634,9.54957,2.01532,1'
b'11-7-2023 10:9:36,0.15622,9.51127,2.55431,1'
b'11-7-2023 10:9:36,0,0,0,0'
b'11-7-2023 10:9:37,0,0,0,0'
b'11-7-2023 10:9:37,0,0,0,0'
b'11-7-2023 10:9:37,0.17777,9.45859,1.2809,1'
b'11-7-2023 10:9:38,0.23643,5.51325,8.76577,1'
b'11-7-2023 10:9:38,0.81134,1.18693,9.7046,1'
b'11-7-2023 10:9:38,1.38983,-0.89453,10.85441,1'
b'11-7-2023 10:9:39,1.04477,-0.97953,11.39101,1'
b'11-7-2023 10:9:39,0.8269,3.98006,9.05427,1'
b'11-7-2023 10:9:39,0.3705,9.30536,1.97103,1'
b'11-7-2023 10:9:40,-0.06434,9.68993,1.81271,1'
b'11-7-2023 10:9:40,0.23164,9.4969,2.04884,1'
b'11-7-2023 10:9:40,0.02664,9.63696,1.46914,1'
b'11-7-2023 10:9:41,0.15981,9.59865,1.92404,1'
b'11-7-2023 10:9:41,0.06734,9.58549,2.03926,1'
b'11-7-2023 10:9:41,0.02664,9.50408,2.05123,1'
b'11-7-2023 10:9:42,0.07482,9.55316,2.59741,1'
b'11-7-2023 10:9:42,-0.0416,9.42747,1.86179,1'
b'11-7-2023 10:9:42,0,0,0,0'
b'11-7-2023 10:9:43,0,0,0,0'
b'11-7-2023 10:9:43,0,0,0,0'
b'11-7-2023 10:9:43,0,0,0,0'
b'11-7-2023 10:9:44,1.60651,3.7143,12.11705,1'
b'11-7-2023 10:9:44,1.4461,-0.71617,10.18613,1'
b'11-7-2023 10:9:44,0.87837,-1.76542,10.65929,1'
b'11-7-2023 10:9:45,1.46405,1.53199,10.39113,1'
b'11-7-2023 10:9:45,-0.69671,8.9603,0.33848,1'
b'11-7-2023 10:9:45,0.32022,9.73303,2.69198,1'
b'11-7-2023 10:9:46,0.14545,9.68874,1.25217,1'
b'11-7-2023 10:9:46,0.10116,9.73183,2.06201,1'
b'11-7-2023 10:9:46,-0.04519,9.66569,2.25235,1'
b'11-7-2023 10:9:47,-0.04878,9.76176,1.81151,1'
b'11-7-2023 10:9:47,0.06375,9.64414,2.11827,1'
b'11-7-2023 10:9:47,-0.01407,9.62379,1.98779,1'
b'11-7-2023 10:9:48,0.01586,9.55676,2.42473,1'
b'11-7-2023 10:9:48,-0.19124,9.54119,2.01532,1'
b'11-7-2023 10:9:48,-0.01287,9.58549,2.32297,1'
b'11-7-2023 10:9:49,0,0,0,0'
b'11-7-2023 10:9:49,0,0,0,0'
b'11-7-2023 10:9:49,0,0,0,0'
b'11-7-2023 10:9:50,-0.54588,6.64391,5.4935,1'
b'11-7-2023 10:9:50,0.72155,0.8266,10.0748,1'
b'11-7-2023 10:9:50,0.75268,-1.22763,10.46296,1'
b'11-7-2023 10:9:51,1.44131,0.21458,10.90828,1'
b'11-7-2023 10:9:51,-0.11941,6.41407,5.10055,1'
b'11-7-2023 10:9:51,0.33579,9.54598,-0.02215,1'
b'11-7-2023 10:9:52,0.08679,9.36522,1.69899,1'
b'11-7-2023 10:9:52,0.11073,9.46458,2.73508,1'
b'11-7-2023 10:9:52,-0.03442,9.58549,1.84982,1'
b'11-7-2023 10:9:53,0.02185,9.60584,2.13264,1'
b'11-7-2023 10:9:53,0.06614,9.5376,1.85102,1'
b'11-7-2023 10:9:53,0.01826,9.58788,2.07757,1'
b'11-7-2023 10:9:54,0.09996,9.4969,2.34572,1'
b'11-7-2023 10:9:54,0.06494,9.51246,2.49177,1'
b'11-7-2023 10:9:54,0.0015,9.46937,2.38881,1'
b'11-7-2023 10:9:55,0,0,0,0'
b'11-7-2023 10:9:55,0,0,0,0'
b'11-7-2023 10:9:55,0,0,0,0'
b'11-7-2023 10:9:56,0,0,0,0'
b'11-7-2023 10:9:56,0.13587,5.9062,6.72232,1'
b'11-7-2023 10:9:56,1.17525,0.93314,10.54676,1'
b'11-7-2023 10:9:57,0.51176,-1.55952,10.0736,1'
b'11-7-2023 10:9:57,1.79834,-1.10911,11.65707,1'
b'11-7-2023 10:9:57,1.16927,3.40515,8.3417,1'
b'11-7-2023 10:9:58,-0.17089,9.1653,0.05207,1'
b'11-7-2023 10:9:58,0.15383,9.51845,2.05722,1'
b'11-7-2023 10:9:58,0.09278,9.58309,1.69659,1'
b'11-7-2023 10:9:59,0.11313,9.64654,1.83426,1'
b'11-7-2023 10:9:59,0.03861,9.57351,2.21643,1'
b'11-7-2023 10:9:59,0.08918,9.48852,2.07278,1'
b'11-7-2023 10:10:0,-0.01646,9.6214,2.21284,1'
b'11-7-2023 10:10:0,0.13946,9.52563,1.66307,1'
b'11-7-2023 10:10:0,0.06853,9.58189,2.06081,1'
b'11-7-2023 10:10:1,0.0832,9.54,2.21164,1'
b'11-7-2023 10:10:1,0,0,0,0'
b'11-7-2023 10:10:1,0,0,0,0'
b'11-7-2023 10:10:1,0.21368,9.41071,-0.2053,1'
b'11-7-2023 10:10:2,0.64494,4.96228,8.99681,1'
b'11-7-2023 10:10:2,1.18722,0.5785,10.71794,1'
b'11-7-2023 10:10:2,1.57299,-1.41797,10.51922,1'
b'11-7-2023 10:10:3,1.20428,-1.39283,10.36001,1'
b'11-7-2023 10:10:3,1.02681,2.91883,8.46261,1'
b'11-7-2023 10:10:3,-0.81283,8.80587,2.18531,1'
b'11-7-2023 10:10:4,-0.00569,9.65252,2.70874,1'
b'11-7-2023 10:10:4,-0.0835,9.49091,2.26192,1'
b'11-7-2023 10:10:4,-0.09427,9.40233,2.3134,1'
b'11-7-2023 10:10:5,-0.17687,9.56274,1.9013,1'
b'11-7-2023 10:10:5,-0.05357,9.57232,2.17812,1'
b'11-7-2023 10:10:5,-0.09906,9.50408,2.05602,1'
b'11-7-2023 10:10:6,0.03741,9.55436,2.18411,1'
b'11-7-2023 10:10:6,-0.07632,9.49451,2.49296,1'
b'11-7-2023 10:10:6,0,0,0,0'
b'11-7-2023 10:10:7,0,0,0,0'
b'11-7-2023 10:10:7,0,0,0,0'
b'11-7-2023 10:10:7,-0.19842,8.61434,4.43945,1'
b'11-7-2023 10:10:8,1.8977,3.52397,10.19451,1'
b'11-7-2023 10:10:8,0.9083,-0.08619,12.13621,1'
b'11-7-2023 10:10:8,0.98611,-1.37607,10.63893,1'
b'11-7-2023 10:10:9,1.02681,-0.13527,12.40436,1'
b'11-7-2023 10:10:9,-0.1661,7.16375,3.25731,1'
b'11-7-2023 10:10:9,-0.07153,9.54359,0.27503,1'
b'11-7-2023 10:10:10,0.19812,9.54838,2.94217,1'
b'11-7-2023 10:10:10,-0.15293,9.7043,1.67983,1'
b'11-7-2023 10:10:10,-0.04878,9.51246,2.42473,1'
b'11-7-2023 10:10:11,-0.21039,9.52802,1.74448,1'
b'11-7-2023 10:10:11,-0.04758,9.54718,2.12066,1'
b'11-7-2023 10:10:11,-0.29778,9.56035,2.28227,1'
b'11-7-2023 10:10:12,-0.14575,9.51007,2.84521,1'
b'11-7-2023 10:10:12,-0.12181,9.59506,2.36966,1'
b'11-7-2023 10:10:12,0,0,0,0'
b'11-7-2023 10:10:13,0,0,0,0'
b'11-7-2023 10:10:13,0,0,0,0'
b'11-7-2023 10:10:13,0,0,0,0'
b'11-7-2023 10:10:14,-0.72425,7.41394,2.396,1'
b'11-7-2023 10:10:14,0.73352,2.0231,10.65809,1'
b'11-7-2023 10:10:14,0.43993,-0.93524,10.40789,1'
b'11-7-2023 10:10:15,0.46986,-1.25995,9.39694,1'
b'11-7-2023 10:10:15,1.51792,0.40372,10.75625,1'
b'11-7-2023 10:10:15,-0.50518,6.93391,3.45483,1'
b'11-7-2023 10:10:16,0.54648,9.54598,0.15622,1'
b'11-7-2023 10:10:16,0.10235,9.45979,2.76979,1'
b'11-7-2023 10:10:16,-0.08709,9.62499,2.04525,1'
b'11-7-2023 10:10:17,-0.01885,9.6621,2.19848,1'
b'11-7-2023 10:10:17,-0.03681,9.6621,2.14101,1'
b'11-7-2023 10:10:17,-0.03322,9.59027,1.87616,1'
b'11-7-2023 10:10:18,-0.09906,9.51725,2.48458,1'
b'11-7-2023 10:10:18,-0.16969,9.60464,2.34452,1'
b'11-7-2023 10:10:18,-0.05596,9.51007,2.41515,1'
b'11-7-2023 10:10:19,0,0,0,0'
b'11-7-2023 10:10:19,0,0,0,0'
b'11-7-2023 10:10:19,0,0,0,0'
b'11-7-2023 10:10:20,-0.55785,6.78517,0.81762,1'
b'11-7-2023 10:10:20,0.85443,1.26025,10.80174,1'
b'11-7-2023 10:10:20,0.60992,-1.02651,10.08079,1'
b'11-7-2023 10:10:21,0.27473,-1.37128,9.81982,1'
b'11-7-2023 10:10:21,0.47465,-0.53181,12.78773,1'
b'11-7-2023 10:10:21,-0.15892,6.21625,5.55934,1'
b'11-7-2023 10:10:22,0.10594,9.40951,1.30005,1'
b'11-7-2023 10:10:22,-0.208,9.35684,2.35051,1'
b'11-7-2023 10:10:22,-0.22476,9.55676,2.08236,1'
b'11-7-2023 10:10:23,-0.00688,9.52443,1.87137,1'
b'11-7-2023 10:10:23,-0.01646,9.455,2.36966,1'
b'11-7-2023 10:10:23,0.041,9.47176,2.23199,1'
b'11-7-2023 10:10:24,-0.05477,9.44662,2.75782,1'
b'11-7-2023 10:10:24,-0.16251,9.51486,2.85359,1'
b'11-7-2023 10:10:24,-0.09068,9.51965,2.42114,1'
b'11-7-2023 10:10:25,0,0,0,0'
b'11-7-2023 10:10:25,0,0,0,0'
b'11-7-2023 10:10:25,0,0,0,0'
b'11-7-2023 10:10:26,0,0,0,0'
b'11-7-2023 10:10:26,0,0,0,0'
b'11-7-2023 10:10:26,-0.41629,5.1215,8.88668,1'
b'11-7-2023 10:10:27,0.83647,0.31873,10.75865,1'
b'11-7-2023 10:10:27,0.79458,-1.03011,9.0842,1'
b'11-7-2023 10:10:27,0.58119,-0.69103,11.98867,1'
b'11-7-2023 10:10:28,-0.53271,5.88345,4.89584,1'
b'11-7-2023 10:10:28,-0.18166,9.42029,-0.01018,1'
b'11-7-2023 10:10:28,-0.13617,9.43226,1.35392,1'
b'11-7-2023 10:10:29,-0.24511,9.56873,2.59382,1'
b'11-7-2023 10:10:29,-0.26426,9.59147,2.5196,1'
b'11-7-2023 10:10:29,-0.24391,9.5388,1.99976,1'
b'11-7-2023 10:10:30,-0.11821,9.56154,2.41156,1'
b'11-7-2023 10:10:30,-0.2463,9.54119,2.01053,1'
b'11-7-2023 10:10:30,-0.26067,9.55436,2.32657,1'
b'11-7-2023 10:10:31,-0.23912,9.52683,2.44987,1'
b'11-7-2023 10:10:31,-0.22116,9.5364,2.23199,1'
b'11-7-2023 10:10:31,0,0,0,0'
b'11-7-2023 10:10:31,0,0,0,0'
b'11-7-2023 10:10:32,0,0,0,0'
b'11-7-2023 10:10:32,-0.33968,7.42232,5.40371,1'
b'11-7-2023 10:10:32,1.86059,1.93212,10.99956,1'
b'11-7-2023 10:10:33,1.18004,-1.15341,12.98046,1'
b'11-7-2023 10:10:33,0.68923,-1.36529,8.98724,1'
b'11-7-2023 10:10:33,-0.03801,-0.15203,10.88314,1'
b'11-7-2023 10:10:34,-0.64165,6.94827,3.19865,1'
b'11-7-2023 10:10:34,0.83169,9.75458,1.70138,1'
b'11-7-2023 10:10:34,0.11672,9.69592,1.77799,1'
b'11-7-2023 10:10:35,0.32382,9.63816,1.78877,1'
b'11-7-2023 10:10:35,-0.05716,9.65971,2.01652,1'
b'11-7-2023 10:10:35,0.00509,9.60943,2.21045,1'
b'11-7-2023 10:10:36,-0.10145,9.62499,2.23678,1'
b'11-7-2023 10:10:36,-0.01526,9.59865,1.97941,1'
b'11-7-2023 10:10:36,-0.0009,9.55316,1.95427,1'
b'11-7-2023 10:10:37,0.16101,9.58429,2.41635,1'
b'11-7-2023 10:10:37,0,0,0,0'
b'11-7-2023 10:10:37,0,0,0,0'
b'11-7-2023 10:10:38,0,0,0,0'
b'11-7-2023 10:10:38,0,0,0,0'
b'11-7-2023 10:10:38,0,0,0,0'
b'11-7-2023 10:10:39,1.37068,3.77416,11.99345,1'
b'11-7-2023 10:10:39,0.85323,-0.80355,11.38024,1'
b'11-7-2023 10:10:39,0.36571,-1.76303,10.0341,1'
b'11-7-2023 10:10:40,0.07213,-0.81313,14.09915,1'
b'11-7-2023 10:10:40,-0.27503,6.82946,3.0574,1'
b'11-7-2023 10:10:40,0.32621,9.82042,2.75303,1'
b'11-7-2023 10:10:41,0.0808,9.79528,1.33118,1'
b'11-7-2023 10:10:41,0.17897,9.66449,2.22361,1'
b'11-7-2023 10:10:41,0.06015,9.72824,1.73131,1'
b'11-7-2023 10:10:42,-0.00688,9.75577,1.34434,1'
b'11-7-2023 10:10:42,0.09038,9.64773,1.53498,1'
b'11-7-2023 10:10:42,-0.03681,9.63217,1.78278,1'
b'11-7-2023 10:10:43,0.17059,9.60105,2.16496,1'
b'11-7-2023 10:10:43,-0.05118,9.67527,1.693,1'
b'11-7-2023 10:10:43,0.02783,9.64175,1.77799,1'
b'11-7-2023 10:10:44,0,0,0,0'
b'11-7-2023 10:10:44,0,0,0,0'
b'11-7-2023 10:10:44,0,0,0,0'
b'11-7-2023 10:10:45,0,0,0,0'
b'11-7-2023 10:10:45,-0.34207,4.90961,5.12329,1'
b'11-7-2023 10:10:45,0.83528,0.47315,13.5841,1'
b'11-7-2023 10:10:46,0.55964,-1.67564,10.73351,1'
b'11-7-2023 10:10:46,0.42078,-1.34494,10.81132,1'
b'11-7-2023 10:10:46,0.19812,3.92859,7.45165,1'
b'11-7-2023 10:10:47,-0.7003,8.84179,1.13126,1'
b'11-7-2023 10:10:47,-0.1637,9.74141,1.51703,1'
b'11-7-2023 10:10:47,-0.07272,9.59985,1.87376,1'
b'11-7-2023 10:10:48,-0.06554,9.74739,1.51703,1'
b'11-7-2023 10:10:48,-0.14694,9.69951,1.63913,1'
b'11-7-2023 10:10:48,-0.05237,9.59865,2.28706,1'
b'11-7-2023 10:10:49,-0.19243,9.68275,2.36607,1'
b'11-7-2023 10:10:49,-0.11103,9.58908,1.96265,1'
b'11-7-2023 10:10:49,-0.13617,9.63816,2.01412,1'
b'11-7-2023 10:10:50,-0.1242,9.65611,2.23918,1'
b'11-7-2023 10:10:50,0,0,0,0'
b'11-7-2023 10:10:50,0,0,0,0'
b'11-7-2023 10:10:51,0,0,0,0'
b'11-7-2023 10:10:51,0.10953,6.81869,5.18434,1'
b'11-7-2023 10:10:51,0.21727,0.38217,10.43303,1'
b'11-7-2023 10:10:52,0.5788,-1.27791,10.77062,1'
b'11-7-2023 10:10:52,0.44592,-1.34973,10.03769,1'
b'11-7-2023 10:10:52,-0.67995,0.86491,11.28567,1'
b'11-7-2023 10:10:53,-0.85473,7.85119,3.04872,1'
b'11-7-2023 10:10:53,-0.04758,9.45021,2.12426,1'
b'11-7-2023 10:10:53,-0.39594,9.59506,2.22242,1'
b'11-7-2023 10:10:54,-0.60334,9.65372,1.11809,1'
b'11-7-2023 10:10:54,-0.26785,9.6609,2.33135,1'
b'11-7-2023 10:10:54,-0.51834,9.56394,2.57347,1'
b'11-7-2023 10:10:55,-0.44622,9.63696,1.99976,1'
b'11-7-2023 10:10:55,-0.39594,9.5783,2.0237,1'
b'11-7-2023 10:10:55,-0.34925,9.4957,2.34093,1'
b'11-7-2023 10:10:56,-0.4546,9.56394,2.48458,1'
b'11-7-2023 10:10:56,0,0,0,0'
b'11-7-2023 10:10:56,0,0,0,0'
b'11-7-2023 10:10:57,0,0,0,0'
b'11-7-2023 10:11:8,0,0,0,0'
b'11-7-2023 10:11:8,0,0,0,0'
b'11-7-2023 10:11:8,0.39325,4.83419,8.10677,1'
b'11-7-2023 10:11:9,-0.21039,-0.89812,11.29884,1'
b'11-7-2023 10:11:9,0.60873,-2.41096,11.36468,1'
b'11-7-2023 10:11:9,0.50578,-1.1139,14.23682,1'
b'11-7-2023 10:11:10,-0.34447,7.22001,3.68498,1'
b'11-7-2023 10:11:10,-0.30616,9.70789,0.76345,1'
b'11-7-2023 10:11:10,-0.19243,9.84675,0.95289,1'
b'11-7-2023 10:11:11,-0.20321,9.80366,1.90369,1'
b'11-7-2023 10:11:11,-0.44383,9.77373,0.84276,1'
b'11-7-2023 10:11:11,-0.26067,9.75218,1.21266,1'
b'11-7-2023 10:11:12,-0.35045,9.7845,0.87987,1'
b'11-7-2023 10:11:12,-0.28222,9.68036,0.96367,1'
b'11-7-2023 10:11:12,-0.34087,9.7857,0.89184,1'
b'11-7-2023 10:11:13,-0.2487,9.72225,0.67726,1'
b'11-7-2023 10:11:13,-0.21877,9.72106,1.11091,1'
b'11-7-2023 10:11:13,0,0,0,0'
b'11-7-2023 10:11:14,0.8257,6.49307,10.92055,1'
b'11-7-2023 10:11:14,1.9408,1.1977,12.82604,1'
b'11-7-2023 10:11:14,-0.07153,-2.04555,12.34091,1'
b'11-7-2023 10:11:15,0.70479,-1.76183,11.70256,1'
b'11-7-2023 10:11:15,0.92386,5.03171,7.81228,1'
b'11-7-2023 10:11:15,0.22924,9.61302,-1.42096,1'
b'11-7-2023 10:11:16,-0.13497,9.75577,0.53361,1'
b'11-7-2023 10:11:16,-0.16849,9.70789,0.40791,1'
b'11-7-2023 10:11:16,-0.33609,9.77493,-0.07482,1'
b'11-7-2023 10:11:17,-0.19842,9.8683,0.26426,1'
b'11-7-2023 10:11:17,-0.09667,9.78331,1.12408,1'
b'11-7-2023 10:11:17,-0.33249,9.81683,0.9481,1'
b'11-7-2023 10:11:18,-0.26665,9.7869,0.69522,1'
b'11-7-2023 10:11:18,-0.19124,9.8252,1.15401,1'
b'11-7-2023 10:11:18,-0.27025,9.78091,1.02232,1'
b'11-7-2023 10:11:19,0,0,0,0'
b'11-7-2023 10:11:19,0,0,0,0'
b'11-7-2023 10:11:19,0,0,0,0'
b'11-7-2023 10:11:20,0,0,0,0'
b'11-7-2023 10:11:20,-0.11343,8.88249,3.14718,1'
b'11-7-2023 10:11:20,1.47603,2.99574,11.1085,1'
b'11-7-2023 10:11:21,1.36829,-1.53887,11.22102,1'
b'11-7-2023 10:11:21,1.24738,-2.1066,11.27729,1'
b'11-7-2023 10:11:21,1.113,2.54414,8.02297,1'
b'11-7-2023 10:11:22,-0.68235,8.55688,-0.36242,1'
b'11-7-2023 10:11:22,-0.13617,9.82042,0.89902,1'
b'11-7-2023 10:11:22,0.21488,9.85274,1.50506,1'
b'11-7-2023 10:11:23,-0.13018,9.94372,0.54079,1'
b'11-7-2023 10:11:23,-0.12181,9.76535,0.64614,1'
b'11-7-2023 10:11:23,-0.14216,9.83358,0.68325,1'
b'11-7-2023 10:11:24,-0.1649,9.76535,0.95648,1'
b'11-7-2023 10:11:24,-0.14575,9.68514,1.09056,1'
b'11-7-2023 10:11:24,-0.23912,9.85633,1.15999,1'
b'11-7-2023 10:11:25,-0.17208,9.7881,0.8679,1'
b'11-7-2023 10:11:25,0,0,0,0'
b'11-7-2023 10:11:25,0,0,0,0'
b'11-7-2023 10:11:26,0,0,0,0'
b'11-7-2023 10:11:26,0,0,0,0'
b'11-7-2023 10:11:26,0.98252,4.09408,7.30441,1'
b'11-7-2023 10:11:27,-0.66798,-0.26695,9.28442,1'
b'11-7-2023 10:11:27,1.45687,-2.13204,8.83999,1'
b'11-7-2023 10:11:27,1.76722,-2.08146,9.68305,1'
b'11-7-2023 10:11:28,0.58239,3.70353,6.50804,1'
b'11-7-2023 10:11:28,0.41719,9.3736,0.37798,1'
b'11-7-2023 10:11:28,0.06135,9.84675,0.29299,1'
b'11-7-2023 10:11:29,0.36212,9.73303,1.69539,1'
b'11-7-2023 10:11:29,0.05417,9.81683,0.93733,1'
b'11-7-2023 10:11:29,0.23762,9.71268,0.46058,1'
b'11-7-2023 10:11:30,0.20171,9.66689,0.90381,1'
b'11-7-2023 10:11:30,0.167,9.7019,0.67965,1'
b'11-7-2023 10:11:30,0.31304,9.74859,0.7826,1'
b'11-7-2023 10:11:31,0.25438,9.71986,0.88346,1'
b'11-7-2023 10:11:31,0.13707,9.78929,1.03908,1'
b'11-7-2023 10:11:31,0,0,0,0'
b'11-7-2023 10:11:32,0,0,0,0'
b'11-7-2023 10:11:32,0,0,0,0'
b'11-7-2023 10:11:32,0,0,0,0'
b'11-7-2023 10:11:33,-0.38876,7.83802,-1.16238,1'
b'11-7-2023 10:11:33,0.59915,1.86867,10.72273,1'
b'11-7-2023 10:11:33,0.7431,-1.27431,9.65671,1'
b'11-7-2023 10:11:33,1.6089,-2.11887,10.9011,1'
b'11-7-2023 10:11:34,-0.20321,2.21942,8.9621,1'
b'11-7-2023 10:11:34,-0.12659,9.09078,0.28581,1'
b'11-7-2023 10:11:34,-0.07632,9.97724,1.24259,1'
b'11-7-2023 10:11:35,-0.28222,9.85753,0.2487,1'
b'11-7-2023 10:11:35,0.07841,9.82999,0.5767,1'
b'11-7-2023 10:11:35,-0.23912,9.71747,1.14203,1'
b'11-7-2023 10:11:36,-0.16131,9.79288,0.79218,1'
b'11-7-2023 10:11:36,-0.27982,9.81084,0.89663,1'
b'11-7-2023 10:11:36,-0.23314,9.76415,0.80774,1'
b'11-7-2023 10:11:37,-0.29419,9.79408,1.18633,1'
b'11-7-2023 10:11:37,-0.24271,9.80845,1.1564,1'
b'11-7-2023 10:11:37,0,0,0,0'
b'11-7-2023 10:11:38,0,0,0,0'
b'11-7-2023 10:11:38,0,0,0,0'
b'11-7-2023 10:11:38,-0.13378,9.46697,-1.04866,1'
b'11-7-2023 10:11:39,0.09756,4.96468,6.43262,1'
b'11-7-2023 10:11:39,0.85563,-1.11151,9.08899,1'
b'11-7-2023 10:11:39,1.1968,-2.79553,10.5312,1'
b'11-7-2023 10:11:40,0.66768,-1.51852,11.4799,1'
b'11-7-2023 10:11:40,0.18615,5.93373,5.20948,1'
b'11-7-2023 10:11:40,0.15622,9.67796,-0.83528,1'
b'11-7-2023 10:11:41,0.25917,9.77014,0.35404,1'
b'11-7-2023 10:11:41,0.06973,9.84795,0.01616,1'
b'11-7-2023 10:11:41,0.34895,9.86112,0.60304,1'
b'11-7-2023 10:11:42,0.07841,9.82281,0.83079,1'
b'11-7-2023 10:11:42,0.12869,9.77852,0.78141,1'
b'11-7-2023 10:11:42,0.15024,9.77612,0.83199,1'
b'11-7-2023 10:11:43,-0.00688,9.8276,1.09774,1'
b'11-7-2023 10:11:43,0.11193,9.75577,0.84036,1'
b'11-7-2023 10:11:43,0,0,0,0'
b'11-7-2023 10:11:44,0,0,0,0'
b'11-7-2023 10:11:44,0,0,0,0'
b'11-7-2023 10:11:44,0,0,0,0'
b'11-7-2023 10:11:45,0,0,0,0'
b'11-7-2023 10:11:45,0,0,0,0'
b'11-7-2023 10:11:45,0,0,0,0'
b'11-7-2023 10:11:46,0,0,0,0'
b'11-7-2023 10:11:46,-0.19722,2.58484,3.44047,1'
b'11-7-2023 10:11:46,1.4856,-1.25277,13.15165,1'
b'11-7-2023 10:11:47,1.24977,-2.1488,9.80186,1'
b'11-7-2023 10:11:47,0.08559,0.2062,13.47636,1'
b'11-7-2023 10:11:47,0.17059,7.42592,3.83102,1'
b'11-7-2023 10:11:48,0.25558,9.4155,-0.1646,1'
b'11-7-2023 10:11:48,-0.43185,9.68993,-0.51326,1'
b'11-7-2023 10:11:48,-0.10026,9.83718,0.90501,1'
b'11-7-2023 10:11:49,-0.28102,9.78091,-0.09278,1'
b'11-7-2023 10:11:49,-0.123,9.72944,0.46896,1'
b'11-7-2023 10:11:49,-0.07991,9.7869,0.76106,1'
b'11-7-2023 10:11:50,-0.19363,9.70909,0.39594,1'
b'11-7-2023 10:11:50,-0.08469,9.7881,0.61381,1'
b'11-7-2023 10:11:50,-0.09188,9.75338,0.66768,1'
b'11-7-2023 10:11:51,-0.13617,9.76894,0.86191,1'
b'11-7-2023 10:11:51,0,0,0,0'
b'11-7-2023 10:11:51,0,0,0,0'
b'11-7-2023 10:11:52,0,0,0,0'
b'11-7-2023 10:11:52,0,0,0,0'
b'11-7-2023 10:11:52,0,0,0,0'
b'11-7-2023 10:11:53,0.44592,4.36583,5.11132,1'
b'11-7-2023 10:11:53,0.05896,-0.55336,10.14902,1'
b'11-7-2023 10:11:53,0.94421,-3.04333,10.52162,1'
b'11-7-2023 10:11:54,0.84246,-1.96055,10.91546,1'
b'11-7-2023 10:11:54,-0.6177,5.67007,2.78176,1'
b'11-7-2023 10:11:54,-0.2882,9.68036,-1.1983,1'
b'11-7-2023 10:11:55,-0.11343,9.87548,0.31693,1'
b'11-7-2023 10:11:55,-0.10385,9.91618,0.03292,1'
b'11-7-2023 10:11:55,0.07961,9.7881,0.19094,1'
b'11-7-2023 10:11:56,-0.36123,9.77852,0.07602,1'
b'11-7-2023 10:11:56,-0.04399,9.85872,0.30855,1'
b'11-7-2023 10:11:56,-0.18166,9.79288,0.16939,1'
b'11-7-2023 10:11:57,-0.06434,9.84675,0.536,1'
b'11-7-2023 10:11:57,-0.1649,9.80845,0.12989,1'
b'11-7-2023 10:11:57,-0.19004,9.84436,0.30975,1'
b'11-7-2023 10:11:58,0,0,0,0'
b'11-7-2023 10:11:58,0,0,0,0'
b'11-7-2023 10:11:58,0,0,0,0'
b'11-7-2023 10:11:59,0,0,0,0'
b'11-7-2023 10:11:59,0.19333,8.9208,1.37697,1'
b'11-7-2023 10:11:59,1.80433,2.61596,12.10748,1'
b'11-7-2023 10:12:0,-0.46657,-2.65158,10.07241,1'
b'11-7-2023 10:12:0,-0.02484,-2.93559,9.38138,1'
b'11-7-2023 10:12:0,0.03023,-0.80475,8.67958,1'
b'11-7-2023 10:12:1,-0.7829,8.04542,-1.15999,1'
b'11-7-2023 10:12:1,-0.27623,10.02392,0.93134,1'
b'11-7-2023 10:12:1,-0.39594,9.81443,-1.07619,1'
b'11-7-2023 10:12:2,-0.37798,9.85394,0.09397,1'
b'11-7-2023 10:12:2,-0.4968,9.82042,-0.60424,1'
b'11-7-2023 10:12:2,-0.27503,9.80007,0.31454,1'
b'11-7-2023 10:12:3,-0.31214,9.79528,0.0808,1'
b'11-7-2023 10:12:3,-0.37679,9.86351,0.31933,1'
b'11-7-2023 10:12:3,-0.34327,9.8671,0.17298,1'
b'11-7-2023 10:12:4,-0.24989,9.78091,0.13467,1'
b'11-7-2023 10:12:4,0,0,0,0'
b'11-7-2023 10:12:4,0,0,0,0'
b'11-7-2023 10:12:5,0,0,0,0'
b'11-7-2023 10:12:5,0,0,0,0'
b'11-7-2023 10:12:5,0,0,0,0'
b'11-7-2023 10:12:6,0,0,0,0'
b'11-7-2023 10:12:6,0,0,0,0'
b'11-7-2023 10:12:6,0,0,0,0'
b'11-7-2023 10:12:6,0,0,0,0'
b'11-7-2023 10:12:7,0,0,0,0'
