b'11-7-2023 9:33:18,0,0,0,0'
b'11-7-2023 9:33:18,0,0,0,0'
b'11-7-2023 9:33:19,0,0,0,0'
b'11-7-2023 9:33:19,0,0,0,0'
b'11-7-2023 9:33:19,0,0,0,0'
b'11-7-2023 9:33:20,0,0,0,0'
b'11-7-2023 9:33:20,0,0,0,0'
b'11-7-2023 9:33:20,0,0,0,0'
b'11-7-2023 9:33:21,0,0,0,0'
b'11-7-2023 9:33:21,0,0,0,0'
b'11-7-2023 9:33:21,0,0,0,0'
b'11-7-2023 9:33:22,-8.51079,3.94175,0.30257,1'
b'11-7-2023 9:33:22,-11.66545,-0.80715,0.65691,1'
b'11-7-2023 9:33:22,-9.77313,1.22882,0.48453,1'
b'11-7-2023 9:33:23,1.06991,8.42011,-0.34327,1'
b'11-7-2023 9:33:23,-1.20099,9.57232,0.03412,1'
b'11-7-2023 9:33:23,-0.84635,9.62738,0.4546,1'
b'11-7-2023 9:33:23,-0.96367,9.6633,0.44502,1'
b'11-7-2023 9:33:24,-0.82001,9.86471,0.73831,1'
b'11-7-2023 9:33:24,-0.93613,9.67168,0.45939,1'
b'11-7-2023 9:33:24,-0.79607,9.76415,0.52882,1'
b'11-7-2023 9:33:25,-0.77931,9.77852,0.85114,1'
b'11-7-2023 9:33:25,-0.87508,9.76894,0.56832,1'
b'11-7-2023 9:33:25,-0.83917,9.85394,0.84874,1'
b'11-7-2023 9:33:26,-0.88945,9.7462,0.48213,1'
b'11-7-2023 9:33:26,-0.77692,9.84675,0.76944,1'
b'11-7-2023 9:33:26,0,0,0,0'
b'11-7-2023 9:33:27,0,0,0,0'
b'11-7-2023 9:33:27,0,0,0,0'
b'11-7-2023 9:33:27,0,0,0,0'
b'11-7-2023 9:33:28,0,0,0,0'
b'11-7-2023 9:33:28,-5.99418,6.05464,-0.23164,1'
b'11-7-2023 9:33:28,-12.7171,-3.30101,0.21249,1'
b'11-7-2023 9:33:29,-11.77588,-1.08517,-0.14545,1'
b'11-7-2023 9:33:29,-4.05638,6.59363,-0.64254,1'
b'11-7-2023 9:33:29,1.05435,10.07779,0.63297,1'
b'11-7-2023 9:33:30,-0.2894,9.82401,0.46418,1'
b'11-7-2023 9:33:30,0.18016,9.89943,0.59586,1'
b'11-7-2023 9:33:30,0.01466,9.71986,0.29538,1'
b'11-7-2023 9:33:31,-0.01407,9.85394,0.56713,1'
b'11-7-2023 9:33:31,-0.06794,9.80725,0.48931,1'
b'11-7-2023 9:33:31,-0.21638,9.75099,0.49769,1'
b'11-7-2023 9:33:32,-0.10145,9.86351,0.61142,1'
b'11-7-2023 9:33:32,-0.02963,9.81084,0.5348,1'
b'11-7-2023 9:33:32,-0.14694,9.7845,0.56832,1'
b'11-7-2023 9:33:33,0.01107,9.79647,0.62578,1'
b'11-7-2023 9:33:33,0,0,0,0'
b'11-7-2023 9:33:33,0,0,0,0'
b'11-7-2023 9:33:34,0,0,0,0'
b'11-7-2023 9:33:34,0,0,0,0'
b'11-7-2023 9:33:34,0,0,0,0'
b'11-7-2023 9:33:35,-2.06919,8.11844,0.04729,1'
b'11-7-2023 9:33:35,-8.59459,-0.96037,-0.36242,1'
b'11-7-2023 9:33:35,-11.62235,-3.59789,0.10953,1'
b'11-7-2023 9:33:36,-3.96779,5.31094,1.02352,1'
b'11-7-2023 9:33:36,0.19573,9.75937,0.47734,1'
b'11-7-2023 9:33:36,0.68803,9.8288,0.64614,1'
b'11-7-2023 9:33:37,0.05177,9.69352,0.77662,1'
b'11-7-2023 9:33:37,0.11552,9.90421,0.52882,1'
b'11-7-2023 9:33:37,-1.38175,9.85753,1.18154,1'
b'11-7-2023 9:33:38,-0.52792,9.71747,0.62578,1'
b'11-7-2023 9:33:38,-0.56264,9.98083,1.12049,1'
b'11-7-2023 9:33:38,-0.22715,9.84436,0.82839,1'
b'11-7-2023 9:33:39,-0.42946,9.63936,0.41509,1'
b'11-7-2023 9:33:39,-0.60813,10.05026,0.76345,1'
b'11-7-2023 9:33:39,-0.34806,9.82999,0.41629,1'
b'11-7-2023 9:33:40,0,0,0,0'
b'11-7-2023 9:33:40,0,0,0,0'
b'11-7-2023 9:33:40,0,0,0,0'
b'11-7-2023 9:33:41,-3.79391,7.50762,0.60783,1'
b'11-7-2023 9:33:41,-13.70052,-3.74633,-0.12869,1'
b'11-7-2023 9:33:41,-9.39215,-1.86,-0.71796,1'
b'11-7-2023 9:33:41,-2.61177,6.37576,-1.18992,1'
b'11-7-2023 9:33:42,0.67965,9.63936,0.18615,1'
b'11-7-2023 9:33:42,0.88675,9.64295,0.2906,1'
b'11-7-2023 9:33:42,0.80415,9.82281,0.36721,1'
b'11-7-2023 9:33:43,0.6593,9.83478,0.44143,1'
b'11-7-2023 9:33:43,0.60992,9.74979,0.24241,1'
b'11-7-2023 9:33:43,0.60992,9.88865,0.57311,1'
b'11-7-2023 9:33:44,0.58359,9.77612,0.19213,1'
b'11-7-2023 9:33:44,0.64733,9.84196,0.37439,1'
b'11-7-2023 9:33:44,0.57162,9.83837,0.39834,1'
b'11-7-2023 9:33:45,0.53331,9.74739,0.23882,1'
b'11-7-2023 9:33:45,0.5788,9.83478,0.42946,1'
b'11-7-2023 9:33:45,0,0,0,0'
b'11-7-2023 9:33:46,0,0,0,0'
b'11-7-2023 9:33:46,0,0,0,0'
b'11-7-2023 9:33:46,0,0,0,0'
b'11-7-2023 9:33:47,-5.31034,7.04643,0.14186,1'
b'11-7-2023 9:33:47,-12.23198,-2.49955,-0.03531,1'
b'11-7-2023 9:33:47,-9.87848,-2.96552,-0.0018,1'
b'11-7-2023 9:33:48,-7.93468,1.84832,1.18633,1'
b'11-7-2023 9:33:48,-0.66559,9.84196,0.76345,1'
b'11-7-2023 9:33:48,1.24977,10.20349,0.63416,1'
b'11-7-2023 9:33:49,0.1634,9.9509,0.51086,1'
b'11-7-2023 9:33:49,-0.06674,9.82161,0.44742,1'
b'11-7-2023 9:33:49,-0.12181,9.77852,0.50248,1'
b'11-7-2023 9:33:50,-0.08589,9.8264,0.5767,1'
b'11-7-2023 9:33:50,-0.00808,9.78091,0.49171,1'
b'11-7-2023 9:33:50,-0.30975,9.77493,0.46537,1'
b'11-7-2023 9:33:51,-0.03442,9.83598,0.43185,1'
b'11-7-2023 9:33:51,-0.07751,9.76296,0.23882,1'
b'11-7-2023 9:33:51,-0.0416,9.83718,0.24241,1'
b'11-7-2023 9:33:51,0,0,0,0'
b'11-7-2023 9:33:52,0,0,0,0'
b'11-7-2023 9:33:52,0,0,0,0'
b'11-7-2023 9:33:52,0,0,0,0'
b'11-7-2023 9:33:53,0,0,0,0'
b'11-7-2023 9:33:53,-1.50027,8.60596,0.56473,1'
b'11-7-2023 9:33:53,-8.64606,-1.60022,-0.92296,1'
b'11-7-2023 9:33:54,-9.32631,-3.00861,-0.05207,1'
b'11-7-2023 9:33:54,-8.84478,1.82199,1.21027,1'
b'11-7-2023 9:33:54,1.08308,9.85753,0.9924,1'
b'11-7-2023 9:33:55,0.3717,9.85394,0.72275,1'
b'11-7-2023 9:33:55,-0.05596,9.83837,0.73472,1'
b'11-7-2023 9:33:55,-0.24032,9.75218,0.69641,1'
b'11-7-2023 9:33:56,-0.23673,9.79528,0.64853,1'
b'11-7-2023 9:33:56,-0.25229,9.82999,0.78141,1'
b'11-7-2023 9:33:56,-0.18525,9.76894,0.6617,1'
b'11-7-2023 9:33:57,-0.07991,9.82042,0.72634,1'
b'11-7-2023 9:33:57,-0.18046,9.78091,0.54318,1'
b'11-7-2023 9:33:57,-0.0416,9.83239,0.83677,1'
b'11-7-2023 9:33:58,-0.15173,9.82042,0.60184,1'
b'11-7-2023 9:33:58,0,0,0,0'
b'11-7-2023 9:33:58,0,0,0,0'
b'11-7-2023 9:33:59,0,0,0,0'
b'11-7-2023 9:33:59,0,0,0,0'
b'11-7-2023 9:33:59,0,0,0,0'
b'11-7-2023 9:34:0,0,0,0,0'
b'11-7-2023 9:34:0,0,0,0,0'
b'11-7-2023 9:34:0,-7.4316,-3.1379,-2.23559,1'
b'11-7-2023 9:34:1,-9.68694,-2.92721,0.14425,1'
b'11-7-2023 9:34:1,-5.70329,3.21481,0.54318,1'
b'11-7-2023 9:34:1,2.58873,10.47314,0.3732,1'
b'11-7-2023 9:34:2,-0.38158,9.95808,0.27982,1'
b'11-7-2023 9:34:2,-0.21877,9.88985,0.38636,1'
b'11-7-2023 9:34:2,-0.34327,9.85872,0.48812,1'
b'11-7-2023 9:34:3,-0.30137,9.83718,0.34806,1'
b'11-7-2023 9:34:3,-0.55545,9.78211,0.31095,1'
b'11-7-2023 9:34:3,-0.16131,9.85274,0.1227,1'
b'11-7-2023 9:34:4,-0.26067,9.77134,0.23164,1'
b'11-7-2023 9:34:4,-0.19603,9.89943,0.41749,1'
b'11-7-2023 9:34:4,-0.24391,9.79408,0.40073,1'
b'11-7-2023 9:34:5,-0.23074,9.73423,0.20889,1'
b'11-7-2023 9:34:5,-0.28581,9.80845,0.4965,1'
b'11-7-2023 9:34:5,0,0,0,0'
b'11-7-2023 9:34:6,0,0,0,0'
b'11-7-2023 9:34:6,0,0,0,0'
b'11-7-2023 9:34:6,0,0,0,0'
b'11-7-2023 9:34:7,0,0,0,0'
b'11-7-2023 9:34:7,-7.59201,-2.26491,-1.78877,1'
b'11-7-2023 9:34:7,-9.8689,-3.19057,0.50368,1'
b'11-7-2023 9:34:7,-8.29381,2.27808,0.88226,1'
b'11-7-2023 9:34:8,0.03621,9.9521,1.26174,1'
b'11-7-2023 9:34:8,0.42437,10.07061,0.54917,1'
b'11-7-2023 9:34:8,0.07602,9.81084,0.29898,1'
b'11-7-2023 9:34:9,-0.05836,9.80485,0.35165,1'
b'11-7-2023 9:34:9,-0.02364,9.85274,0.35524,1'
b'11-7-2023 9:34:9,0.03621,9.81683,0.47734,1'
b'11-7-2023 9:34:10,0.01466,9.8264,0.26785,1'
b'11-7-2023 9:34:10,0.01107,9.8683,0.44861,1'
b'11-7-2023 9:34:10,-0.00569,9.80605,0.35045,1'
b'11-7-2023 9:34:11,0.03023,9.82281,0.4534,1'
b'11-7-2023 9:34:11,-0.03202,9.81563,0.28581,1'
b'11-7-2023 9:34:11,0.06375,9.77972,0.32651,1'
b'11-7-2023 9:34:12,0,0,0,0'
b'11-7-2023 9:34:12,0,0,0,0'
b'11-7-2023 9:34:12,0,0,0,0'
b'11-7-2023 9:34:13,0,0,0,0'
b'11-7-2023 9:34:13,-4.92457,6.56849,0.38277,1'
b'11-7-2023 9:34:13,-14.05875,-3.62183,-0.55875,1'
b'11-7-2023 9:34:14,-10.97203,-2.72131,-0.17059,1'
b'11-7-2023 9:34:14,-9.26646,1.35482,0.72634,1'
b'11-7-2023 9:34:14,0.86401,10.10892,1.08816,1'
b'11-7-2023 9:34:15,0.59436,9.67796,-0.02215,1'
b'11-7-2023 9:34:15,0.31304,9.80725,0.12749,1'
b'11-7-2023 9:34:15,0.27833,9.7881,0.11791,1'
b'11-7-2023 9:34:16,0.21847,9.73423,0.18375,1'
b'11-7-2023 9:34:16,0.29628,9.81443,0.44742,1'
b'11-7-2023 9:34:16,0.1646,9.87189,0.41509,1'
b'11-7-2023 9:34:17,0.32262,9.80964,0.29299,1'
b'11-7-2023 9:34:17,0.31544,9.78929,0.21368,1'
b'11-7-2023 9:34:17,0.33698,9.83478,0.2894,1'
b'11-7-2023 9:34:18,0.331,9.81204,0.29898,1'
b'11-7-2023 9:34:18,0,0,0,0'
b'11-7-2023 9:34:18,0,0,0,0'
b'11-7-2023 9:34:18,0,0,0,0'
b'11-7-2023 9:34:19,0,0,0,0'
b'11-7-2023 9:34:19,0,0,0,0'
b'11-7-2023 9:34:19,-1.95307,8.48954,0.11432,1'
b'11-7-2023 9:34:20,-11.09174,-2.57257,-0.29389,1'
b'11-7-2023 9:34:20,-9.96108,-3.15945,0.15742,1'
b'11-7-2023 9:34:20,-11.94587,-1.4862,-0.2077,1'
b'11-7-2023 9:34:21,-0.54708,8.94234,-0.28311,1'
b'11-7-2023 9:34:21,1.30723,9.85154,0.67367,1'
b'11-7-2023 9:34:21,0.17777,9.77732,0.14305,1'
b'11-7-2023 9:34:22,0.2065,9.85034,0.36362,1'
b'11-7-2023 9:34:22,0.2903,9.86591,0.34087,1'
b'11-7-2023 9:34:22,0.22206,9.79647,0.30616,1'
b'11-7-2023 9:34:23,0.30586,9.84436,0.33848,1'
b'11-7-2023 9:34:23,0.32741,9.83239,0.32651,1'
b'11-7-2023 9:34:23,0.28671,9.77014,0.34806,1'
b'11-7-2023 9:34:24,0.30347,9.80845,0.36242,1'
b'11-7-2023 9:34:24,0.34177,9.89224,0.30736,1'
b'11-7-2023 9:34:24,0,0,0,0'
b'11-7-2023 9:34:25,0,0,0,0'
b'11-7-2023 9:34:25,0,0,0,0'
b'11-7-2023 9:34:25,0,0,0,0'
b'11-7-2023 9:34:26,-3.76159,7.62972,0.09278,1'
b'11-7-2023 9:34:26,-13.07893,-3.16903,-0.42707,1'
b'11-7-2023 9:34:26,-9.68814,-2.71413,0.05088,1'
b'11-7-2023 9:34:27,-8.72387,2.22661,0.54558,1'
b'11-7-2023 9:34:27,2.74555,10.22145,0.26905,1'
b'11-7-2023 9:34:27,0.49979,9.85872,0.04489,1'
b'11-7-2023 9:34:28,0.43155,10.02752,0.37559,1'
b'11-7-2023 9:34:28,0.28551,10.00716,-0.13827,1'
b'11-7-2023 9:34:28,0.32501,9.87548,0.2053,1'
b'11-7-2023 9:34:29,-0.14335,9.99998,-0.25079,1'
b'11-7-2023 9:34:29,-0.30736,9.73303,-0.13108,1'
b'11-7-2023 9:34:29,0.4555,9.70549,-0.15862,1'
b'11-7-2023 9:34:30,0.10953,9.78091,0.08918,1'
b'11-7-2023 9:34:30,0.2496,9.79288,0.06644,1'
b'11-7-2023 9:34:30,0.27952,9.69233,-0.08799,1'
b'11-7-2023 9:34:31,0,0,0,0'
b'11-7-2023 9:34:31,0,0,0,0'
b'11-7-2023 9:34:31,0,0,0,0'
b'11-7-2023 9:34:32,0,0,0,0'
b'11-7-2023 9:34:32,-0.51116,8.88129,0.58987,1'
b'11-7-2023 9:34:32,-12.59859,-2.45885,-0.90621,1'
b'11-7-2023 9:34:33,-8.42579,-2.42054,-0.56952,1'
b'11-7-2023 9:34:33,-11.73159,-0.70419,0.41629,1'
b'11-7-2023 9:34:33,-2.55671,7.73986,-0.65811,1'
b'11-7-2023 9:34:33,1.91087,9.8683,0.14545,1'
b'11-7-2023 9:34:34,0.02783,9.74979,0.2487,1'
b'11-7-2023 9:34:34,0.46507,9.91858,0.31334,1'
b'11-7-2023 9:34:34,0.17777,9.80007,0.29898,1'
b'11-7-2023 9:34:35,0.23403,9.8671,0.39594,1'
b'11-7-2023 9:34:35,0.18016,9.8264,0.15742,1'
b'11-7-2023 9:34:35,0.08918,9.77373,0.25708,1'
b'11-7-2023 9:34:36,0.10235,9.78929,0.22326,1'
b'11-7-2023 9:34:36,0.17657,9.84196,0.38876,1'
b'11-7-2023 9:34:36,0.0398,9.82281,0.26426,1'
b'11-7-2023 9:34:37,0,0,0,0'
b'11-7-2023 9:34:37,0,0,0,0'
b'11-7-2023 9:34:37,0,0,0,0'
b'11-7-2023 9:34:38,-6.29136,4.67498,0.79338,1'
b'11-7-2023 9:34:38,-13.99291,-4.47237,-0.19692,1'
b'11-7-2023 9:34:38,-11.84172,-2.19907,-0.0018,1'
b'11-7-2023 9:34:39,-2.27539,6.39252,-0.35763,1'
b'11-7-2023 9:34:39,3.33004,10.75206,0.35404,1'
b'11-7-2023 9:34:39,-0.36242,9.7881,0.36123,1'
b'11-7-2023 9:34:40,0.04459,9.84316,0.10594,1'
b'11-7-2023 9:34:40,-0.2056,9.80725,0.00778,1'
b'11-7-2023 9:34:40,-0.12659,9.77373,-0.03172,1'
b'11-7-2023 9:34:41,-0.45699,9.70909,-0.26276,1'
b'11-7-2023 9:34:41,-0.41988,9.76176,0.20051,1'
b'11-7-2023 9:34:41,-0.51236,9.83478,-0.07841,1'
b'11-7-2023 9:34:42,-0.33728,9.76894,-0.17178,1'
b'11-7-2023 9:34:42,-0.48722,9.78929,0.05686,1'
b'11-7-2023 9:34:42,-0.4968,9.79528,0.02693,1'
b'11-7-2023 9:34:43,0,0,0,0'
b'11-7-2023 9:34:43,0,0,0,0'
b'11-7-2023 9:34:43,0,0,0,0'
b'11-7-2023 9:34:44,0.94661,10.17596,-0.44143,1'
b'11-7-2023 9:34:44,-6.3572,4.07493,0.48094,1'
b'11-7-2023 9:34:44,-10.22115,-2.89489,-2.04764,1'
b'11-7-2023 9:34:45,-11.95545,-1.93781,0.40312,1'
b'11-7-2023 9:34:45,-7.02189,4.47476,0.42707,1'
b'11-7-2023 9:34:45,3.48835,10.70178,-0.48812,1'
b'11-7-2023 9:34:46,-0.04399,9.9497,0.10235,1'
b'11-7-2023 9:34:46,-0.17089,9.83718,-0.09158,1'
b'11-7-2023 9:34:46,-0.64404,9.74739,0.10235,1'
b'11-7-2023 9:34:47,-0.72185,9.86112,0.23284,1'
b'11-7-2023 9:34:47,-0.92416,9.74859,0.09397,1'
b'11-7-2023 9:34:47,-0.92416,9.80485,0.07242,1'
b'11-7-2023 9:34:48,-0.826,9.80366,0.1239,1'
b'11-7-2023 9:34:48,-0.82959,9.83478,0.00419,1'
b'11-7-2023 9:34:48,-0.90142,9.73303,0.07602,1'
b'11-7-2023 9:34:49,0,0,0,0'
b'11-7-2023 9:34:49,0,0,0,0'
b'11-7-2023 9:34:49,0,0,0,0'
b'11-7-2023 9:34:50,0,0,0,0'
b'11-7-2023 9:34:50,0,0,0,0'
b'11-7-2023 9:34:50,0,0,0,0'
b'11-7-2023 9:34:50,-5.80983,2.42682,0.57191,1'
b'11-7-2023 9:34:51,-10.38635,-3.93457,-0.03891,1'
b'11-7-2023 9:34:51,-12.62732,-4.0483,0.12869,1'
b'11-7-2023 9:34:51,-1.97222,5.65091,-0.68803,1'
b'11-7-2023 9:34:52,2.41395,10.34385,0.07602,1'
b'11-7-2023 9:34:52,-0.36601,9.80605,-0.18136,1'
b'11-7-2023 9:34:52,0.01347,9.85872,-0.2472,1'
b'11-7-2023 9:34:53,-0.55905,9.73782,-0.41629,1'
b'11-7-2023 9:34:53,-0.42467,9.80605,-0.21608,1'
b'11-7-2023 9:34:53,-0.38876,9.80126,-0.15862,1'
b'11-7-2023 9:34:54,-0.50278,9.73183,-0.15263,1'
b'11-7-2023 9:34:54,-0.43904,9.7881,-0.21847,1'
b'11-7-2023 9:34:54,-0.22116,9.90062,-0.1634,1'
b'11-7-2023 9:34:55,-0.27982,9.86232,-0.22805,1'
b'11-7-2023 9:34:55,-0.26067,9.7881,-0.28671,1'
b'11-7-2023 9:34:55,0,0,0,0'
b'11-7-2023 9:34:56,0,0,0,0'
b'11-7-2023 9:34:56,0,0,0,0'
b'11-7-2023 9:34:56,0,0,0,0'
b'11-7-2023 9:34:57,-2.33165,8.68497,-0.0425,1'
b'11-7-2023 9:34:57,-9.77074,-0.45759,-0.17059,1'
b'11-7-2023 9:34:57,-10.0739,-3.48536,-0.7419,1'
b'11-7-2023 9:34:58,-12.84669,-4.07583,-0.62818,1'
b'11-7-2023 9:34:58,-8.1741,2.71054,0.26306,1'
b'11-7-2023 9:34:58,-1.42246,9.48134,0.60424,1'
b'11-7-2023 9:34:59,1.78159,9.65851,-0.15981,1'
b'11-7-2023 9:34:59,-0.62968,9.80725,0.20889,1'
b'11-7-2023 9:34:59,-0.25349,9.90781,0.39594,1'
b'11-7-2023 9:35:0,-0.40073,9.82401,0.27623,1'
b'11-7-2023 9:35:0,-0.43545,9.80126,0.51924,1'
b'11-7-2023 9:35:0,-0.41749,9.79767,0.31095,1'
b'11-7-2023 9:35:1,-0.35883,9.84436,0.43425,1'
b'11-7-2023 9:35:1,-0.37918,9.81563,0.48692,1'
b'11-7-2023 9:35:1,-0.48722,9.77014,0.3313,1'
b'11-7-2023 9:35:2,0,0,0,0'
b'11-7-2023 9:35:2,0,0,0,0'
b'11-7-2023 9:35:2,0,0,0,0'
b'11-7-2023 9:35:2,0,0,0,0'
b'11-7-2023 9:35:3,0,0,0,0'
b'11-7-2023 9:35:3,-4.7055,3.90584,-0.27473,1'
b'11-7-2023 9:35:3,-10.88943,-4.28053,-1.29526,1'
b'11-7-2023 9:35:4,-9.78391,-2.36787,-0.13348,1'
b'11-7-2023 9:35:4,-10.03679,2.00395,0.56832,1'
b'11-7-2023 9:35:4,1.5263,9.3341,-1.05105,1'
b'11-7-2023 9:35:5,0.72754,9.51725,-0.84605,1'
b'11-7-2023 9:35:5,0.38008,9.87788,-0.35045,1'
b'11-7-2023 9:35:5,0.20889,9.88027,-0.23523,1'
b'11-7-2023 9:35:6,0.06255,9.81084,-0.41749,1'
b'11-7-2023 9:35:6,0.06973,9.7857,-0.62578,1'
b'11-7-2023 9:35:6,0.1646,9.85274,-0.37439,1'
b'11-7-2023 9:35:7,0.11313,9.80725,-0.39714,1'
b'11-7-2023 9:35:7,0.14066,9.84915,-0.33728,1'
b'11-7-2023 9:35:7,-0.05596,9.77493,-0.19333,1'
b'11-7-2023 9:35:8,0.12629,9.85274,-0.23643,1'
b'11-7-2023 9:35:8,0,0,0,0'
b'11-7-2023 9:35:8,0,0,0,0'
b'11-7-2023 9:35:9,0,0,0,0'
b'11-7-2023 9:35:9,0,0,0,0'
b'11-7-2023 9:35:9,0,0,0,0'
b'11-7-2023 9:35:10,-4.38079,6.83784,-0.45819,1'
b'11-7-2023 9:35:10,-11.17105,-2.12725,-0.84485,1'
b'11-7-2023 9:35:10,-9.82102,-3.58711,-0.49769,1'
b'11-7-2023 9:35:11,-10.82119,-2.2697,0.32651,1'
b'11-7-2023 9:35:11,-7.68299,3.94175,0.38158,1'
b'11-7-2023 9:35:11,0.84126,9.21917,-0.30706,1'
b'11-7-2023 9:35:12,1.4449,9.3317,-0.92895,1'
b'11-7-2023 9:35:12,0.8664,9.74979,-0.51805,1'
b'11-7-2023 9:35:12,0.27114,9.77612,-0.33489,1'
b'11-7-2023 9:35:13,0.45071,9.83598,-0.15263,1'
b'11-7-2023 9:35:13,0.4112,9.8264,-0.18854,1'
b'11-7-2023 9:35:13,0.46148,9.76415,-0.25199,1'
b'11-7-2023 9:35:14,0.28072,9.77852,-0.34447,1'
b'11-7-2023 9:35:14,0.33698,9.87788,-0.32052,1'
b'11-7-2023 9:35:14,0.30347,9.76535,-0.30825,1'
b'11-7-2023 9:35:15,0,0,0,0'
b'11-7-2023 9:35:15,0,0,0,0'
b'11-7-2023 9:35:15,0,0,0,0'
b'11-7-2023 9:35:16,0,0,0,0'
b'11-7-2023 9:35:16,0,0,0,0'
b'11-7-2023 9:35:16,-1.63584,8.89326,-0.23523,1'
b'11-7-2023 9:35:17,-9.66779,0.05626,0.10116,1'
b'11-7-2023 9:35:17,-9.3311,-3.51529,0.38158,1'
b'11-7-2023 9:35:17,-10.84274,-3.14508,-0.9924,1'
b'11-7-2023 9:35:17,-7.79941,4.6654,1.31681,1'
b'11-7-2023 9:35:18,3.42221,9.994,-1.32519,1'
b'11-7-2023 9:35:18,1.68552,9.60225,-0.81493,1'
b'11-7-2023 9:35:18,0.83408,9.84196,-0.14545,1'
b'11-7-2023 9:35:19,0.56204,9.83837,-0.26276,1'
b'11-7-2023 9:35:19,-0.16729,9.80485,0.03771,1'
b'11-7-2023 9:35:19,-0.10624,9.78331,0.02095,1'
b'11-7-2023 9:35:20,-0.05237,9.81204,0.03891,1'
b'11-7-2023 9:35:20,0.23643,9.81084,-0.28671,1'
b'11-7-2023 9:35:20,-0.0009,9.92696,-0.1227,1'
b'11-7-2023 9:35:21,-0.55426,9.75458,0.36482,1'
b'11-7-2023 9:35:21,0,0,0,0'
b'11-7-2023 9:35:21,0,0,0,0'
b'11-7-2023 9:35:22,0,0,0,0'
b'11-7-2023 9:35:22,0,0,0,0'
b'11-7-2023 9:35:22,0,0,0,0'
b'11-7-2023 9:35:23,0,0,0,0'
b'11-7-2023 9:35:23,-9.7037,0.57371,0.06644,1'
b'11-7-2023 9:35:23,-10.10263,-3.8412,-0.40312,1'
b'11-7-2023 9:35:24,-12.09072,-3.45423,0.01975,1'
b'11-7-2023 9:35:24,-7.58483,4.50349,0.80176,1'
b'11-7-2023 9:35:24,0.81971,9.80964,-0.38517,1'
b'11-7-2023 9:35:25,1.18603,9.77732,-0.28072,1'
b'11-7-2023 9:35:25,0.14904,9.70909,-0.20889,1'
b'11-7-2023 9:35:25,0.46866,9.84795,-0.05806,1'
b'11-7-2023 9:35:26,0.15742,9.81563,0.02574,1'
b'11-7-2023 9:35:26,0.07961,9.80246,-0.10235,1'
b'11-7-2023 9:35:26,0.22805,9.85034,-0.02813,1'
b'11-7-2023 9:35:27,0.12629,9.8276,-0.00299,1'
b'11-7-2023 9:35:27,0.22206,9.83718,-0.07123,1'
b'11-7-2023 9:35:27,0.15981,9.81802,-0.09278,1'
b'11-7-2023 9:35:28,0.16939,9.80845,0.0006,1'
b'11-7-2023 9:35:28,0,0,0,0'
b'11-7-2023 9:35:28,0,0,0,0'
b'11-7-2023 9:35:29,0,0,0,0'
b'11-7-2023 9:35:29,-2.53875,8.36744,-0.23284,1'
b'11-7-2023 9:35:29,-7.42921,0.06704,-0.55635,1'
b'11-7-2023 9:35:30,-8.93486,-3.41473,-0.07123,1'
b'11-7-2023 9:35:30,-12.74463,-2.87574,-0.51924,1'
b'11-7-2023 9:35:30,-3.77236,6.26174,-0.29389,1'
b'11-7-2023 9:35:31,3.02358,10.47314,0.86431,1'
b'11-7-2023 9:35:31,0.15622,9.79887,0.27982,1'
b'11-7-2023 9:35:31,0.44472,9.7857,0.08559,1
b'11-7-2023 9:35:31,0.41001,9.81443,0.21129,1'
b'11-7-2023 9:35:32,0.31544,9.77852,0.18136,1'
b'11-7-2023 9:35:32,0.40402,9.83239,0.16101,1'
b'11-7-2023 9:35:32,0.35374,9.7869,0.21608,1'
b'11-7-2023 9:35:33,0.32501,9.7438,0.04848,1'
b'11-7-2023 9:35:33,0.29389,9.83718,0.25229,1'
b'11-7-2023 9:35:33,0.43754,9.83957,0.19453,1'
b'11-7-2023 9:35:34,0,0,0,0'
b'11-7-2023 9:35:34,0,0,0,0'
b'11-7-2023 9:35:34,0,0,0,0'
b'11-7-2023 9:35:35,0,0,0,0'
b'11-7-2023 9:35:35,0,0,0,0'
b'11-7-2023 9:35:35,-4.90063,7.06439,0.07003,1'
b'11-7-2023 9:35:36,-13.09329,-3.64936,0.47136,1'
b'11-7-2023 9:35:36,-8.80408,-3.68408,0.11073,1'
b'11-7-2023 9:35:36,-11.73398,-2.89489,-0.39355,1'
b'11-7-2023 9:35:37,-4.9138,5.366,0.40193,1'
b'11-7-2023 9:35:37,1.72502,10.31991,-1.16598,1'
b'11-7-2023 9:35:37,0.96456,9.88745,0.18615,1'
b'11-7-2023 9:35:38,0.39804,9.76415,0.18854,1'
b'11-7-2023 9:35:38,0.21967,9.78331,0.16939,1'
b'11-7-2023 9:35:38,0.35614,9.86591,0.35883,1'
b'11-7-2023 9:35:39,0.12629,9.79887,0.20291,1'
b'11-7-2023 9:35:39,0.11911,9.80845,0.31334,1'
b'11-7-2023 9:35:39,0.17059,9.88626,0.42347,1'
b'11-7-2023 9:35:40,0.13587,9.80126,0.30975,1'
b'11-7-2023 9:35:40,0.19812,9.87309,0.34087,1'
b'11-7-2023 9:35:40,0,0,0,0'
b'11-7-2023 9:35:41,0,0,0,0'
b'11-7-2023 9:35:41,0,0,0,0'
b'11-7-2023 9:35:41,0,0,0,0'
b'11-7-2023 9:35:42,0,0,0,0'
b'11-7-2023 9:35:42,0,0,0,0'
b'11-7-2023 9:35:42,-2.50882,8.04542,-0.01137,1'
b'11-7-2023 9:35:43,-8.8759,-1.97372,-1.12527,1'
b'11-7-2023 9:35:43,-9.32392,-3.87232,-0.14904,1'
b'11-7-2023 9:35:43,-10.90379,-2.13084,0.09756,1'
b'11-7-2023 9:35:44,-5.26724,5.57909,0.03651,1'
b'11-7-2023 9:35:44,3.25701,10.70777,0.11432,1'
b'11-7-2023 9:35:44,1.36469,9.86471,-0.05686,1'
b'11-7-2023 9:35:45,1.06033,9.75697,0.00898,1'
b'11-7-2023 9:35:45,0.99329,9.73542,0.00299,1'
b'11-7-2023 9:35:45,1.00407,9.78091,0.09278,1'
b'11-7-2023 9:35:45,0.95499,9.80007,0.13467,1'
b'11-7-2023 9:35:46,1.034,9.7845,0.07961,1'
b'11-7-2023 9:35:46,0.98132,9.76296,0.16819,1'
b'11-7-2023 9:35:46,1.06273,9.77972,0.10834,1'
b'11-7-2023 9:35:47,1.034,9.76056,0.04369,1'
b'11-7-2023 9:35:47,0,0,0,0'
b'11-7-2023 9:35:47,0,0,0,0'
b'11-7-2023 9:35:48,0,0,0,0'
b'11-7-2023 9:35:48,0,0,0,0'
b'11-7-2023 9:35:48,0,0,0,0'
b'11-7-2023 9:35:49,0,0,0,0'
b'11-7-2023 9:35:49,0,0,0,0'
b'11-7-2023 9:35:49,-7.45435,4.40294,-0.64733,1'
b'11-7-2023 9:35:50,-12.70513,-4.13568,-0.12629,1'
b'11-7-2023 9:35:50,-10.94928,-3.75351,0.01856,1'
b'11-7-2023 9:35:50,-9.40772,2.84102,1.05465,1'
b'11-7-2023 9:35:51,-0.81163,8.78792,-0.50009,1'
b'11-7-2023 9:35:51,4.8716,10.00956,0.46657,1'
b'11-7-2023 9:35:51,1.60292,9.45859,-0.09996,1'
b'11-7-2023 9:35:52,1.13575,9.62379,0.22924,1'
b'11-7-2023 9:35:52,1.37547,9.74141,0.30257,1'
b'11-7-2023 9:35:52,1.41737,9.75099,0.28581,1'
b'11-7-2023 9:35:53,1.26174,9.71986,0.36601,1'
b'11-7-2023 9:35:53,1.37667,9.7438,0.27863,1'
b'11-7-2023 9:35:53,1.37667,9.79169,0.38876,1'
b'11-7-2023 9:35:54,1.32878,9.71747,0.19932,1'
b'11-7-2023 9:35:54,1.31442,9.74859,0.31454,1'
b'11-7-2023 9:35:54,0,0,0,0'
b'11-7-2023 9:35:55,0,0,0,0'
b'11-7-2023 9:35:55,0,0,0,0'
b'11-7-2023 9:35:55,0,0,0,0'
b'11-7-2023 9:35:56,-5.79666,6.09055,0.42108,1'
b'11-7-2023 9:35:56,-12.98795,-3.34769,1.12767,1'
b'11-7-2023 9:35:56,-9.3742,-3.94894,-0.41629,1'
b'11-7-2023 9:35:57,-10.91576,-0.05267,0.73352,1'
b'11-7-2023 9:35:57,-1.05734,8.20104,-1.3611,1'
b'11-7-2023 9:35:57,3.87142,10.3223,1.09176,1'
b'11-7-2023 9:35:57,1.09984,9.58549,-0.22924,1'
b'11-7-2023 9:35:58,1.16568,9.83478,0.09517,1'
b'11-7-2023 9:35:58,0.93583,9.76894,0.1658,1'
b'11-7-2023 9:35:58,0.97773,9.81323,0.15024,1'
b'11-7-2023 9:35:59,0.86042,9.77253,0.15263,1'
b'11-7-2023 9:35:59,0.89394,9.78331,0.18016,1'
b'11-7-2023 9:35:59,0.86161,9.7031,0.06045,1'
b'11-7-2023 9:36:0,0.84964,9.76056,0.16819,1'
b'11-7-2023 9:36:0,0.92386,9.77732,0.26187,1'
b'11-7-2023 9:36:0,0,0,0,0'
b'11-7-2023 9:36:1,0,0,0,0'
b'11-7-2023 9:36:1,0,0,0,0'
b'11-7-2023 9:36:1,0,0,0,0'
b'11-7-2023 9:36:2,-1.79146,8.70771,-0.22206,1'
b'11-7-2023 9:36:2,-8.97796,-0.66589,-0.13587,1'
b'11-7-2023 9:36:2,-10.98759,-3.82204,0.85234,1'
b'11-7-2023 9:36:3,-11.81658,-3.10318,0.91937,1'
b'11-7-2023 9:36:3,-7.78355,3.42191,1.6535,1'
b'11-7-2023 9:36:3,0.31783,9.26107,-0.23762,1'
b'11-7-2023 9:36:4,2.11677,10.3235,0.13467,1'
b'11-7-2023 9:36:4,0.26396,9.5783,-0.38517,1'
b'11-7-2023 9:36:4,0.63506,9.90421,0.07003,1'
b'11-7-2023 9:36:5,0.46507,9.80366,-0.15862,1'
b'11-7-2023 9:36:5,0.52253,9.78211,-0.12031,1'
b'11-7-2023 9:36:5,0.51775,9.83119,0.02334,1'
b'11-7-2023 9:36:6,0.39923,9.80845,-0.29389,1'
b'11-7-2023 9:36:6,0.46388,9.7845,-0.21009,1'
b'11-7-2023 9:36:6,0.495,9.79647,-0.19094,1'
b'11-7-2023 9:36:7,0,0,0,0'
b'11-7-2023 9:36:7,0,0,0,0'
b'11-7-2023 9:36:7,0,0,0,0'
b'11-7-2023 9:36:8,0,0,0,0'
b'11-7-2023 9:36:8,0,0,0,0'
b'11-7-2023 9:36:8,-9.84017,1.26863,0.58508,1'
b'11-7-2023 9:36:9,-9.39096,-3.7595,-0.07362,1'
b'11-7-2023 9:36:9,-11.00435,-3.3429,1.29646,1'
b'11-7-2023 9:36:9,-9.05337,3.24474,1.16957,1'
b'11-7-2023 9:36:9,-2.0237,9.01656,0.15143,1'
b'11-7-2023 9:36:10,2.07966,9.66569,-0.67487,1'
b'11-7-2023 9:36:10,0.93703,9.76415,-0.27234,1'
b'11-7-2023 9:36:10,0.79338,9.85274,-0.20889,1'
b'11-7-2023 9:36:11,0.66768,9.77612,-0.23164,1'
b'11-7-2023 9:36:11,0.68564,9.81563,-0.21727,1'
b'11-7-2023 9:36:11,0.67726,9.74859,-0.2053,1'
b'11-7-2023 9:36:12,0.64374,9.80605,-0.21009,1'
b'11-7-2023 9:36:12,0.70599,9.7869,-0.16939,1'
b'11-7-2023 9:36:12,0.72275,9.78929,-0.28671,1'
b'11-7-2023 9:36:13,0.69162,9.81084,-0.17897,1'
b'11-7-2023 9:36:13,0,0,0,0'
b'11-7-2023 9:36:13,0,0,0,0'
b'11-7-2023 9:36:14,0,0,0,0'
b'11-7-2023 9:36:14,-6.8124,4.70012,0.19692,1'
b'11-7-2023 9:36:14,-11.72201,-3.53923,1.05225,1'
b'11-7-2023 9:36:15,-10.40909,-3.81726,0.88346,1'
b'11-7-2023 9:36:15,-10.67994,0.66349,0.84036,1'
b'11-7-2023 9:36:15,-2.601,8.38779,-0.16939,1'
b'11-7-2023 9:36:16,2.44508,10.12807,-0.20171,1'
b'11-7-2023 9:36:16,1.11899,9.7438,-0.59825,1'
b'11-7-2023 9:36:16,1.24139,9.78091,-0.51805,1'
b'11-7-2023 9:36:17,1.05554,9.71028,-0.50129,1'
b'11-7-2023 9:36:17,1.08308,9.7438,-0.44023,1'
b'11-7-2023 9:36:17,1.06751,9.75817,-0.42826,1'
b'11-7-2023 9:36:18,1.08188,9.72704,-0.47854,1'
b'11-7-2023 9:36:18,1.12737,9.7438,-0.47375,1'
b'11-7-2023 9:36:18,1.09864,9.65731,-0.51924,1'
b'11-7-2023 9:36:19,1.08188,9.7462,-0.40193,1'
b'11-7-2023 9:36:19,0,0,0,0'
b'11-7-2023 9:36:19,0,0,0,0'
b'11-7-2023 9:36:20,0,0,0,0'
b'11-7-2023 9:36:20,0,0,0,0'
b'11-7-2023 9:36:20,0,0,0,0'
b'11-7-2023 9:36:21,1.93242,9.93654,-0.26755,1'
b'11-7-2023 9:36:21,-5.11042,7.03566,0.64374,1'
b'11-7-2023 9:36:21,-12.81526,-3.04692,2.13862,1'
b'11-7-2023 9:36:22,-10.50725,-2.19788,0.87149,1'
b'11-7-2023 9:36:22,-5.91757,4.69533,1.2809,1'
b'11-7-2023 9:36:22,0.50218,9.96167,0.07841,1'
b'11-7-2023 9:36:22,1.46405,9.74979,-0.18854,1'
b'11-7-2023 9:36:23,0.77542,9.77852,0.02813,1'
b'11-7-2023 9:36:23,0.61471,9.78929,0.19213,1'
b'11-7-2023 9:36:23,0.52014,9.77732,0.21129,1'
b'11-7-2023 9:36:24,0.4124,9.84316,0.18615,1'
b'11-7-2023 9:36:24,0.49859,9.85154,0.38517,1'
b'11-7-2023 9:36:24,0.43874,9.80725,0.14425,1'
b'11-7-2023 9:36:25,0.40163,9.81802,0.17298,1'
b'11-7-2023 9:36:25,0.42796,9.87548,0.24481,1'
b'11-7-2023 9:36:25,0,0,0,0'
b'11-7-2023 9:36:26,0,0,0,0'
b'11-7-2023 9:36:26,0,0,0,0'
b'11-7-2023 9:36:26,0,0,0,0'
b'11-7-2023 9:36:27,-1.36978,8.5868,-0.87987,1'
b'11-7-2023 9:36:27,-11.9315,-2.48398,0.35763,1'
b'11-7-2023 9:36:27,-9.2904,-2.41096,0.76465,1'
b'11-7-2023 9:36:28,-11.49307,-0.64314,1.10852,1'
b'11-7-2023 9:36:28,-2.12904,7.77457,-1.18154,1'
b'11-7-2023 9:36:28,2.21613,9.18326,-1.48231,1'
b'11-7-2023 9:36:29,1.21985,9.85633,-0.05327,1'
b'11-7-2023 9:36:29,0.8245,9.76056,-0.2077,1'
b'11-7-2023 9:36:29,0.85443,9.77014,-0.17178,1'
b'11-7-2023 9:36:30,0.74549,9.64773,-0.28431,1'
b'11-7-2023 9:36:30,0.4112,9.77612,-0.02454,1'
b'11-7-2023 9:36:30,0.56922,9.77134,-0.05686,1'
b'11-7-2023 9:36:31,0.46268,9.69472,-0.082,1'
b'11-7-2023 9:36:31,0.51296,9.76415,-0.08918,1'
b'11-7-2023 9:36:31,0.48902,9.84915,0.15742,1'
b'11-7-2023 9:36:32,0,0,0,0'
b'11-7-2023 9:36:32,0,0,0,0'
b'11-7-2023 9:36:32,0,0,0,0'
b'11-7-2023 9:36:33,-4.44214,5.74189,0.06764,1'
b'11-7-2023 9:36:33,-12.13621,-3.58352,2.02849,1'
b'11-7-2023 9:36:33,-11.62116,-3.2627,2.07039,1'
b'11-7-2023 9:36:34,-3.76877,4.73364,1.41767,1'
b'11-7-2023 9:36:34,2.37924,10.87686,0.0808,1'
b'11-7-2023 9:36:34,0.51775,9.9102,0.26426,1'
b'11-7-2023 9:36:34,0.25678,9.77134,0.39474,1'
b'11-7-2023 9:36:35,0.44712,9.85274,0.45699,1'
b'11-7-2023 9:36:35,0.31304,9.76056,0.24481,1'
b'11-7-2023 9:36:35,0.36332,9.77852,0.26187,1'
b'11-7-2023 9:36:36,0.37888,9.80485,0.43066,1'
b'11-7-2023 9:36:36,0.44233,9.85154,0.41988,1'
b'11-7-2023 9:36:36,0.42318,9.82999,0.4127,1'
b'11-7-2023 9:36:37,0.36093,9.79647,0.24989,1'
b'11-7-2023 9:36:37,0.33698,9.76535,0.37679,1'
b'11-7-2023 9:36:37,0,0,0,0'
b'11-7-2023 9:36:38,0,0,0,0'
b'11-7-2023 9:36:38,0,0,0,0'
b'11-7-2023 9:36:38,-5.49589,5.14544,0.85593,1'
b'11-7-2023 9:36:39,-11.34223,-2.50314,0.60663,1'
b'11-7-2023 9:36:39,-9.62708,-2.35949,1.22942,1'
b'11-7-2023 9:36:39,-9.6223,0.7452,1.48231,1'
b'11-7-2023 9:36:40,1.6927,8.81784,-0.80415,1'
b'11-7-2023 9:36:40,2.3529,9.19523,-0.7419,1'
b'11-7-2023 9:36:40,0.76225,9.7881,0.3313,1'
b'11-7-2023 9:36:41,0.95618,9.79887,0.25708,1'
b'11-7-2023 9:36:41,1.02681,9.79049,0.09637,1'
b'11-7-2023 9:36:41,0.88436,9.79767,0.27264,1'
b'11-7-2023 9:36:42,0.91668,9.79408,0.22924,1'
b'11-7-2023 9:36:42,0.79936,9.73901,0.14904,1'
b'11-7-2023 9:36:42,0.79697,9.7845,0.23523,1'
b'11-7-2023 9:36:43,0.7419,9.75338,0.13946,1'
b'11-7-2023 9:36:43,0.85204,9.80366,0.2065,1'
b'11-7-2023 9:36:43,0,0,0,0'
b'11-7-2023 9:36:44,0,0,0,0'
b'11-7-2023 9:36:44,0,0,0,0'
b'11-7-2023 9:36:44,-2.56389,8.78792,0.46058,1'
b'11-7-2023 9:36:45,-9.64624,0.9894,1.30843,1'
b'11-7-2023 9:36:45,-10.00537,-2.86736,0.94332,1'
b'11-7-2023 9:36:45,-11.33146,-0.993,1.29167,1'
b'11-7-2023 9:36:46,-3.91512,6.61638,0.17777,1'
b'11-7-2023 9:36:46,2.56359,10.05744,-0.57191,1'
b'11-7-2023 9:36:46,0.87119,9.67407,0.19453,1'
b'11-7-2023 9:36:47,0.1251,9.8288,0.19213,1'
b'11-7-2023 9:36:47,-0.50398,9.5807,0.43904,1'
b'11-7-2023 9:36:47,-0.14694,9.83239,0.44263,1'
b'11-7-2023 9:36:47,-0.11821,9.5783,0.2065,1'
b'11-7-2023 9:36:48,-0.58897,9.79887,0.46537,1'
b'11-7-2023 9:36:48,-0.69791,9.77373,0.32172,1'
b'11-7-2023 9:36:48,-0.40073,9.66809,0.53002,1'
b'11-7-2023 9:36:49,-0.53151,9.8252,0.47854,1'
b'11-7-2023 9:36:49,0,0,0,0'
b'11-7-2023 9:36:49,0,0,0,0'
b'11-7-2023 9:36:50,0,0,0,0'
b'11-7-2023 9:36:50,0,0,0,0'
b'11-7-2023 9:36:50,-2.79762,7.02249,0.33609,1'
b'11-7-2023 9:36:51,-8.97197,-3.24594,-0.37918,1'
b'11-7-2023 9:36:51,-12.15895,-3.57394,0.9481,1'
b'11-7-2023 9:36:51,-2.79523,6.76841,0.07482,1'
b'11-7-2023 9:36:52,3.77087,9.43106,-0.97683,1'
b'11-7-2023 9:36:52,1.63883,9.68395,-0.29868,1'
b'11-7-2023 9:36:52,1.37786,9.73542,-0.21608,1'
b'11-7-2023 9:36:53,1.16927,9.76774,-0.16819,1'
b'11-7-2023 9:36:53,0.97294,9.76535,0.04369,1'
b'11-7-2023 9:36:53,0.97654,9.7881,0.00299,1'
b'11-7-2023 9:36:54,0.76106,9.93055,-0.11073,1'
b'11-7-2023 9:36:54,0.7826,9.76655,0.18016,1'
b'11-7-2023 9:36:54,0.48064,9.83239,-0.01257,1'
b'11-7-2023 9:36:55,0.64733,9.96287,0.17897,1'
b'11-7-2023 9:36:55,0.5357,9.77014,-0.01018,1'
b'11-7-2023 9:36:55,0,0,0,0'
b'11-7-2023 9:36:56,0,0,0,0'
b'11-7-2023 9:36:56,0,0,0,0'
b'11-7-2023 9:36:56,0,0,0,0'
b'11-7-2023 9:36:57,-1.25965,9.17608,-0.25438,1'
b'11-7-2023 9:36:57,-10.39353,1.39313,1.27012,1'
b'11-7-2023 9:36:57,-10.75775,-4.1273,0.35285,1'
b'11-7-2023 9:36:58,-11.28118,-2.73208,0.84755,1'
b'11-7-2023 9:36:58,-4.14736,6.03907,0.42467,1'
b'11-7-2023 9:36:58,1.53229,9.93654,-1.01275,1'
b'11-7-2023 9:36:59,1.13695,10.04068,0.55156,1'
b'11-7-2023 9:36:59,0.64015,9.80485,0.38636,1'
b'11-7-2023 9:36:59,0.44592,9.7438,0.05806,1'
b'11-7-2023 9:37:0,0.61232,9.84915,0.13228,1'
b'11-7-2023 9:37:0,0.50578,9.81084,0.2906,1'
b'11-7-2023 9:37:0,0.46029,9.81443,0.23643,1'
b'11-7-2023 9:37:1,0.45909,9.85513,0.22087,1'
b'11-7-2023 9:37:1,0.39684,9.85633,0.31454,1'
b'11-7-2023 9:37:1,0.36332,9.81323,0.2882,1'
b'11-7-2023 9:37:2,0,0,0,0'
b'11-7-2023 9:37:2,0,0,0,0'
b'11-7-2023 9:37:2,0,0,0,0'
b'11-7-2023 9:37:3,0,0,0,0'
b'11-7-2023 9:37:3,0,0,0,0'
b'11-7-2023 9:37:3,-6.79445,2.85658,0.73113,1'
b'11-7-2023 9:37:4,-10.73261,-4.3356,2.23439,1'
b'11-7-2023 9:37:4,-10.80324,-2.36787,0.91219,1'
b'11-7-2023 9:37:4,-6.09115,4.6654,2.04764,1'
b'11-7-2023 9:37:4,1.00646,10.14962,-0.32531,1'
b'11-7-2023 9:37:5,1.09984,9.69712,0.10953,1'
b'11-7-2023 9:37:5,0.81612,9.72106,0.0808,1'
b'11-7-2023 9:37:5,0.87358,9.77852,0.21009,1'
b'11-7-2023 9:37:6,1.05674,9.83478,0.46537,1'
b'11-7-2023 9:37:6,-0.35404,9.44183,1.19112,1'
b'11-7-2023 9:37:6,0.25319,9.96646,1.28449,1'
b'11-7-2023 9:37:7,0.06973,9.81443,0.88945,1'
b'11-7-2023 9:37:7,-0.10983,9.80007,0.93134,1'
b'11-7-2023 9:37:7,-0.10145,9.70549,0.73711,1'
b'11-7-2023 9:37:8,-0.13976,9.80007,0.79458,1'
b'11-7-2023 9:37:8,0,0,0,0'
b'11-7-2023 9:37:8,0,0,0,0'
b'11-7-2023 9:37:9,0,0,0,0'
b'11-7-2023 9:37:9,0,0,0,0'
b'11-7-2023 9:37:9,-9.47146,1.02891,1.13964,1'
b'11-7-2023 9:37:10,-10.25107,-3.61105,0.73711,1'
b'11-7-2023 9:37:10,-10.08947,-1.89232,0.58987,1'
b'11-7-2023 9:37:10,-6.42185,5.22355,1.61279,1'
b'11-7-2023 9:37:11,1.69749,10.05265,0.79098,1'
b'11-7-2023 9:37:11,1.72383,9.57351,0.17298,1'
b'11-7-2023 9:37:11,1.12857,9.69831,0.5348,1'
b'11-7-2023 9:37:12,1.16209,9.74261,0.39594,1'
b'11-7-2023 9:37:12,1.13216,9.73542,0.50129,1'
b'11-7-2023 9:37:12,0.9514,9.7857,0.47615,1'
b'11-7-2023 9:37:13,0.9083,9.80845,0.51326,1'
b'11-7-2023 9:37:13,1.02681,9.80246,0.67965,1'
b'11-7-2023 9:37:13,0.95978,9.77972,0.5348,1'
b'11-7-2023 9:37:14,0.9095,9.7869,0.60424,1'
b'11-7-2023 9:37:14,1.01245,9.7869,0.59227,1'
b'11-7-2023 9:37:14,0,0,0,0'
b'11-7-2023 9:37:15,0,0,0,0'
b'11-7-2023 9:37:15,0,0,0,0'
b'11-7-2023 9:37:15,-7.40167,3.98126,1.01754,1'
b'11-7-2023 9:37:16,-10.24509,-2.19907,2.79972,1'
b'11-7-2023 9:37:16,-10.00178,-2.86975,0.86072,1'
b'11-7-2023 9:37:16,-10.1182,1.94768,1.78159,1'
b'11-7-2023 9:37:17,-0.02245,9.55197,0.536,1'
b'11-7-2023 9:37:17,1.77919,10.33547,0.31813,1'
b'11-7-2023 9:37:17,0.77183,9.81323,0.60424,1'
b'11-7-2023 9:37:17,0.50697,9.81802,0.79577,1'
b'11-7-2023 9:37:18,0.43754,9.82401,0.76345,1'
b'11-7-2023 9:37:18,0.32142,9.74261,0.53121,1'
b'11-7-2023 9:37:18,0.35494,9.77972,0.62459,1'
b'11-7-2023 9:37:19,0.39923,9.81323,0.63776,1'
b'11-7-2023 9:37:19,0.41839,9.76774,0.73831,1'
b'11-7-2023 9:37:19,0.495,9.7869,0.80774,1'
b'11-7-2023 9:37:20,0.5764,9.82999,0.69761,1'
b'11-7-2023 9:37:20,0,0,0,0'
b'11-7-2023 9:37:20,0,0,0,0'
b'11-7-2023 9:37:21,0,0,0,0'
b'11-7-2023 9:37:21,-1.79266,8.7544,0.01616,1'
b'11-7-2023 9:37:21,-10.05475,1.29736,1.15281,1'
b'11-7-2023 9:37:22,-11.11807,-4.05069,0.84276,1'
b'11-7-2023 9:37:22,-11.00674,-0.80715,2.06679,1'
b'11-7-2023 9:37:22,-1.74837,7.29064,0.05088,1'
b'11-7-2023 9:37:23,2.04974,10.67185,0.65811,1'
b'11-7-2023 9:37:23,1.30125,9.91499,0.11552,1'
b'11-7-2023 9:37:23,0.93703,9.82401,0.40073,1'
b'11-7-2023 9:37:24,0.74909,9.7438,0.41031,1'
b'11-7-2023 9:37:24,0.83408,9.78331,0.41031,1'
b'11-7-2023 9:37:24,0.84725,9.82401,0.45699,1'
b'11-7-2023 9:37:25,0.89034,9.80605,0.34566,1'
b'11-7-2023 9:37:25,0.70838,9.76774,0.47016,1'
b'11-7-2023 9:37:25,0.67008,9.77972,0.30496,1'
b'11-7-2023 9:37:26,0.71557,9.79169,0.44143,1'
b'11-7-2023 9:37:26,0,0,0,0'
b'11-7-2023 9:37:26,0,0,0,0'
b'11-7-2023 9:37:27,0,0,0,0'
b'11-7-2023 9:37:27,0,0,0,0'
b'11-7-2023 9:37:27,-0.49919,9.42268,0.24481,1'
b'11-7-2023 9:37:28,-8.45572,2.20506,1.87735,1'
b'11-7-2023 9:37:28,-10.67395,-3.19057,2.01891,1'
b'11-7-2023 9:37:28,-9.14914,-2.60729,0.59825,1'
b'11-7-2023 9:37:29,-10.47254,0.34147,1.5685,1'
b'11-7-2023 9:37:29,-2.34961,7.73626,-0.22446,1'
b'11-7-2023 9:37:29,2.67851,10.74009,0.60903,1'
b'11-7-2023 9:37:30,0.27354,9.87548,0.88705,1'
b'11-7-2023 9:37:30,0.45789,9.67168,0.51924,1'
b'11-7-2023 9:37:30,0.51775,9.79049,0.62219,1'
b'11-7-2023 9:37:31,0.29389,9.77014,0.52283,1'
b'11-7-2023 9:37:31,0.34656,9.77373,0.64015,1'
b'11-7-2023 9:37:31,0.47226,9.85154,0.71676,1'
b'11-7-2023 9:37:32,0.36332,9.76056,0.76225,1'
b'11-7-2023 9:37:32,0.37769,9.81084,0.79577,1'
b'11-7-2023 9:37:32,0,0,0,0'
b'11-7-2023 9:37:33,0,0,0,0'
b'11-7-2023 9:37:33,0,0,0,0'
b'11-7-2023 9:37:33,0,0,0,0'
b'11-7-2023 9:37:34,0,0,0,0'
b'11-7-2023 9:37:34,-7.61955,2.6447,1.41168,1'
b'11-7-2023 9:37:34,-10.07749,-3.54282,0.84156,1'
b'11-7-2023 9:37:35,-10.68832,-2.80271,1.67504,1'
b'11-7-2023 9:37:35,-6.7322,4.55976,1.59005,1'
b'11-7-2023 9:37:35,0.86999,9.7438,-0.34925,1'
b'11-7-2023 9:37:36,0.15862,9.80007,0.4558,1'
b'11-7-2023 9:37:36,0.37649,9.70789,0.1634,1'
b'11-7-2023 9:37:36,0.26516,9.79288,0.40791,1'
b'11-7-2023 9:37:36,0.07482,9.80007,0.41629,1'
b'11-7-2023 9:37:37,0.14545,9.83239,0.36242,1'
b'11-7-2023 9:37:37,0.07841,9.80126,0.52164,1'
b'11-7-2023 9:37:37,0.14305,9.79408,0.63776,1'
b'11-7-2023 9:37:38,0.09517,9.8276,0.41988,1'
b'11-7-2023 9:37:38,0.04938,9.7462,0.48213,1'
b'11-7-2023 9:37:38,0.03741,9.79887,0.52523,1'
b'11-7-2023 9:37:39,0,0,0,0'
b'11-7-2023 9:37:39,0,0,0,0'
b'11-7-2023 9:37:39,-1.86927,9.07283,0.082,1'
b'11-7-2023 9:37:40,-8.31417,2.6028,0.51445,1'
b'11-7-2023 9:37:40,-10.4462,-3.32854,1.15999,1'
b'11-7-2023 9:37:40,-11.0654,-1.80493,1.05105,1'
b'11-7-2023 9:37:41,-3.29083,5.71316,0.35524,1'
b'11-7-2023 9:37:41,2.75872,10.38455,0.03172,1'
b'11-7-2023 9:37:41,1.55623,9.84795,0.59586,1'
b'11-7-2023 9:37:42,0.91069,9.74141,0.59705,1'
b'11-7-2023 9:37:42,1.02322,9.82401,0.70719,1'
b'11-7-2023 9:37:42,0.9897,9.82999,0.60065,1'
b'11-7-2023 9:37:43,0.97534,9.75099,0.58508,1'
b'11-7-2023 9:37:43,0.8664,9.69831,0.53121,1'
b'11-7-2023 9:37:43,0.91429,9.75577,0.74549,1'
b'11-7-2023 9:37:44,0.93823,9.76056,0.63297,1'
b'11-7-2023 9:37:44,0.91907,9.75577,0.50847,1'
b'11-7-2023 9:37:44,0,0,0,0'
b'11-7-2023 9:37:45,0,0,0,0'
b'11-7-2023 9:37:45,0,0,0,0'
b'11-7-2023 9:37:45,0,0,0,0'
b'11-7-2023 9:37:46,-1.59125,8.26808,0.37559,1'
b'11-7-2023 9:37:46,-9.79348,0.5761,1.30005,1'
b'11-7-2023 9:37:46,-9.11323,-2.6408,1.00317,1'
b'11-7-2023 9:37:47,-10.99597,-2.65038,-0.09397,1'
b'11-7-2023 9:37:47,-7.07337,4.08451,1.98419,1'
b'11-7-2023 9:37:47,1.62447,10.05265,0.14784,1'
b'11-7-2023 9:37:48,1.06153,9.48972,0.06764,1'
b'11-7-2023 9:37:48,1.46525,9.73542,0.28102,1'
b'11-7-2023 9:37:48,0.87478,9.81563,0.47256,1'
b'11-7-2023 9:37:49,0.75387,9.77972,0.19812,1'
b'11-7-2023 9:37:49,0.80176,9.77732,0.25468,1'
b'11-7-2023 9:37:49,0.83288,9.7869,0.372,1'
b'11-7-2023 9:37:49,0.76345,9.76056,0.31214,1'
b'11-7-2023 9:37:50,0.9071,9.77972,0.3289,1'
b'11-7-2023 9:37:50,0.9095,9.84196,0.2906,1'
b'11-7-2023 9:37:50,0,0,0,0'
b'11-7-2023 9:37:51,0,0,0,0'
b'11-7-2023 9:37:51,0,0,0,0'
b'11-7-2023 9:37:51,0,0,0,0'
b'11-7-2023 9:37:52,-5.29837,6.02471,0.37679,1'
b'11-7-2023 9:37:52,-12.23198,-2.83982,2.63811,1'
b'11-7-2023 9:37:52,-10.12418,-2.37625,1.62955,1'
b'11-7-2023 9:37:53,-10.52162,1.66008,2.63931,1'
b'11-7-2023 9:37:53,0.26396,8.37222,-0.58269,1'
b'11-7-2023 9:37:53,2.70724,9.64654,-0.35045,1'
b'11-7-2023 9:37:54,-0.62968,9.70669,0.79458,1'
b'11-7-2023 9:37:54,0.13827,9.82281,0.51445,1'
b'11-7-2023 9:37:54,0.03741,9.77493,0.47974,1'
b'11-7-2023 9:37:55,0.07093,9.80366,0.53002,1'
b'11-7-2023 9:37:55,0.07332,9.85154,0.49171,1'
b'11-7-2023 9:37:55,0.07093,9.84675,0.55635,1'
b'11-7-2023 9:37:56,-0.11582,9.78211,0.54438,1'
b'11-7-2023 9:37:56,-0.18286,9.73662,0.42467,1'
b'11-7-2023 9:37:56,-0.10624,9.80845,0.51086,1'
b'11-7-2023 9:37:57,0,0,0,0'
b'11-7-2023 9:37:57,0,0,0,0'
b'11-7-2023 9:37:57,0,0,0,0'
b'11-7-2023 9:37:58,-2.23828,8.36863,0.26665,1'
b'11-7-2023 9:37:58,-9.20421,1.29975,1.50865,1'
b'11-7-2023 9:37:58,-9.29279,-2.64679,0.44742,1'
b'11-7-2023 9:37:59,-9.209,-2.52469,0.97923,1'
b'11-7-2023 9:37:59,-10.88105,-2.67552,1.41048,1'
b'11-7-2023 9:37:59,-8.43657,3.99443,2.3948,1'
b'11-7-2023 9:38:0,-0.91698,8.47158,-0.42587,1'
b'11-7-2023 9:38:0,0.29149,9.48014,1.16837,1'
b'11-7-2023 9:38:0,0.25199,9.90781,0.85473,1'
b'11-7-2023 9:38:1,-0.95888,9.72465,0.826,1'
b'11-7-2023 9:38:1,-0.6189,9.8707,1.05225,1'
b'11-7-2023 9:38:1,-0.56383,9.77493,0.64135,1'
b'11-7-2023 9:38:2,-0.75058,9.69472,0.83079,1'
b'11-7-2023 9:38:2,-0.68833,9.74859,0.8655,1'
b'11-7-2023 9:38:2,-0.59256,9.80366,0.80296,1'
b'11-7-2023 9:38:3,0,0,0,0'
b'11-7-2023 9:38:3,0,0,0,0'
b'11-7-2023 9:38:3,0,0,0,0'
b'11-7-2023 9:38:3,0,0,0,0'
b'11-7-2023 9:38:4,-3.87681,7.20326,0.47375,1'
b'11-7-2023 9:38:4,-11.33864,-1.54486,0.54797,1'
b'11-7-2023 9:38:4,-10.56352,-3.51888,0.42467,1'
b'11-7-2023 9:38:5,-10.57668,-2.6001,0.52882,1'
b'11-7-2023 9:38:5,-7.97898,3.87232,1.82109,1'
b'11-7-2023 9:38:5,1.39702,9.31015,0.07362,1'
b'11-7-2023 9:38:6,-0.04878,9.88745,0.90381,1'
b'11-7-2023 9:38:6,0.24361,9.82401,0.60184,1'
b'11-7-2023 9:38:6,0.14784,9.8276,0.6198,1'
b'11-7-2023 9:38:7,0.19333,9.81802,0.61262,1'
b'11-7-2023 9:38:7,0.22446,9.80845,0.53959,1'
b'11-7-2023 9:38:7,0.29149,9.87788,0.5779,1'
b'11-7-2023 9:38:8,0.2053,9.79408,0.68803,1'
b'11-7-2023 9:38:8,0.18136,9.77732,0.61381,1'
b'11-7-2023 9:38:8,0.09756,9.81563,0.56832,1'
b'11-7-2023 9:38:9,0,0,0,0'
b'11-7-2023 9:38:9,0,0,0,0'
b'11-7-2023 9:38:9,0,0,0,0'
b'11-7-2023 9:38:10,-1.93272,8.59997,0.24361,1'
b'11-7-2023 9:38:10,-8.23276,0.57491,0.35285,1'
b'11-7-2023 9:38:10,-8.93845,-2.51152,0.39355,1'
b'11-7-2023 9:38:11,-9.13837,-2.33195,0.73592,1'
b'11-7-2023 9:38:11,-11.07019,-0.33279,2.15538,1'
b'11-7-2023 9:38:11,-0.77093,7.98167,-1.01035,1'
b'11-7-2023 9:38:12,1.35751,10.1568,-0.27234,1'
b'11-7-2023 9:38:12,0.82331,9.9521,0.05447,1'
b'11-7-2023 9:38:12,0.52613,9.79767,-0.17059,1'
b'11-7-2023 9:38:13,0.53091,9.83478,-0.06644,1'
b'11-7-2023 9:38:13,0.58838,9.82999,-0.10355,1'
b'11-7-2023 9:38:13,0.44951,9.74859,-0.27473,1'
b'11-7-2023 9:38:14,0.49021,9.84675,-0.23164,1'
b'11-7-2023 9:38:14,0.38008,9.79647,-0.09038,1'
b'11-7-2023 9:38:14,0.23643,9.83718,-0.17418,1'
b'11-7-2023 9:38:15,0,0,0,0'
b'11-7-2023 9:38:15,0,0,0,0'
b'11-7-2023 9:38:15,0,0,0,0'
b'11-7-2023 9:38:16,0,0,0,0'
b'11-7-2023 9:38:16,0,0,0,0'
b'11-7-2023 9:38:16,0,0,0,0'
b'11-7-2023 9:38:17,0,0,0,0'
b'11-7-2023 9:38:17,0,0,0,0'
b'11-7-2023 9:38:17,-2.19399,6.27371,-0.85802,1'
b'11-7-2023 9:38:18,-12.37593,-4.48554,1.58406,1'
b'11-7-2023 9:38:18,-9.5385,-3.25192,0.99838,1'
b'11-7-2023 9:38:18,-8.67359,1.96085,2.38762,1'
b'11-7-2023 9:38:18,0.23882,9.06564,-1.4883,1'
b'11-7-2023 9:38:19,0.17538,9.45859,-1.09894,1'
b'11-7-2023 9:38:19,-0.54708,9.73901,-0.33728,1'
b'11-7-2023 9:38:19,0.07093,9.79887,-0.39474,1'
b'11-7-2023 9:38:20,-0.00209,9.86591,-0.14904,1'
b'11-7-2023 9:38:20,0.10355,9.92456,-0.24481,1'
b'11-7-2023 9:38:20,0.14664,9.88745,-0.22565,1'
b'11-7-2023 9:38:21,0.10594,9.85753,-0.17657,1'
b'11-7-2023 9:38:21,0.00868,9.7869,-0.26037,1'
b'11-7-2023 9:38:21,0.11911,9.81563,-0.23403,1'
b'11-7-2023 9:38:22,-0.00329,9.71268,-0.17897,1'
b'11-7-2023 9:38:22,0,0,0,0'
b'11-7-2023 9:38:22,0,0,0,0'
b'11-7-2023 9:38:23,0,0,0,0'
b'11-7-2023 9:38:23,0,0,0,0'
b'11-7-2023 9:38:23,-4.64325,6.56849,0.10834,1'
b'11-7-2023 9:38:24,-11.15548,-2.86257,1.82468,1'
b'11-7-2023 9:38:24,-9.43046,-3.09959,0.7036,1'
b'11-7-2023 9:38:24,-10.26185,0.25408,1.5673,1'
b'11-7-2023 9:38:25,-1.45717,8.48715,-1.53857,1'
b'11-7-2023 9:38:25,1.64003,9.88267,-1.07021,1'
b'11-7-2023 9:38:25,0.98491,9.80964,-0.41869,1'
b'11-7-2023 9:38:26,0.74669,9.71268,-0.41629,1'
b'11-7-2023 9:38:26,0.88556,9.89823,-0.03412,1'
b'11-7-2023 9:38:26,0.71078,9.75817,-0.22805,1'
b'11-7-2023 9:38:27,0.63027,9.73662,-0.27114,1'
b'11-7-2023 9:38:27,0.61471,9.78091,-0.12629,1'
b'11-7-2023 9:38:27,0.63776,9.8264,-0.03531,1'
b'11-7-2023 9:38:28,0.51655,9.7869,-0.21009,1'
b'11-7-2023 9:38:28,0.60992,9.77493,-0.17178,1'
b'11-7-2023 9:38:28,0,0,0,0'
b'11-7-2023 9:38:29,0,0,0,0'
b'11-7-2023 9:38:29,0,0,0,0'
b'11-7-2023 9:38:29,-1.94349,8.76517,-0.19213,1'
b'11-7-2023 9:38:30,-11.33265,-0.72335,1.239,1'
b'11-7-2023 9:38:30,-9.1659,-2.57736,0.96127,1'
b'11-7-2023 9:38:30,-10.18404,-2.40138,1.9399,1'
b'11-7-2023 9:38:31,-9.96586,1.16897,2.55192,1'
b'11-7-2023 9:38:31,0.46507,9.03572,-0.87119,1'
b'11-7-2023 9:38:31,1.74298,9.42029,-0.59825,1'
b'11-7-2023 9:38:31,0.81732,9.68036,-0.46418,1'
b'11-7-2023 9:38:32,0.69162,9.78929,-0.2065,1'
b'11-7-2023 9:38:32,0.66768,9.79169,-0.36362,1'
b'11-7-2023 9:38:32,0.62309,9.8252,-0.22326,1'
b'11-7-2023 9:38:33,0.58359,9.81563,-0.15383,1'
b'11-7-2023 9:38:33,0.58957,9.78331,-0.25917,1'
b'11-7-2023 9:38:33,0.56683,9.8707,-0.00419,1'
b'11-7-2023 9:38:34,0.56204,9.81323,-0.03771,1'
b'11-7-2023 9:38:34,0,0,0,0'
b'11-7-2023 9:38:34,0,0,0,0'
b'11-7-2023 9:38:35,1.87735,10.4899,-0.31454,1'
b'11-7-2023 9:38:35,-4.86831,7.12544,0.07362,1'
b'11-7-2023 9:38:35,-10.19361,-3.37403,1.91207,1'
b'11-7-2023 9:38:36,-9.05697,-3.36565,1.0343,1'
b'11-7-2023 9:38:36,-11.1468,-2.41455,1.52301,1'
b'11-7-2023 9:38:36,-3.80109,6.4823,-0.1251,1'
b'11-7-2023 9:38:37,0.82929,10.21785,-0.87747,1'
b'11-7-2023 9:38:37,0.88436,9.68036,-0.67367,1'
b'11-7-2023 9:38:37,0.5788,9.77732,-0.17178,1'
b'11-7-2023 9:38:38,0.83169,9.87908,-0.19453,1'
b'11-7-2023 9:38:38,0.77542,9.76056,-0.17538,1'
b'11-7-2023 9:38:38,0.67487,9.84556,-0.05207,1'
b'11-7-2023 9:38:39,0.57521,9.78331,-0.03292,1'
b'11-7-2023 9:38:39,0.64614,9.78929,-0.0425,1'
b'11-7-2023 9:38:39,0.57162,9.79169,-0.14545,1'
b'11-7-2023 9:38:40,0,0,0,0'
b'11-7-2023 9:38:40,0,0,0,0'
b'11-7-2023 9:38:40,0,0,0,0'
b'11-7-2023 9:38:41,-1.21296,9.57711,0.40432,1'
b'11-7-2023 9:38:41,-8.72866,1.11989,1.17795,1'
b'11-7-2023 9:38:41,-8.98275,-3.2627,1.16238,1'
b'11-7-2023 9:38:42,-9.73961,-3.52247,0.62938,1'
b'11-7-2023 9:38:42,-11.69657,-2.21344,1.4847,1'
b'11-7-2023 9:38:42,-2.4346,7.20086,-0.98761,1'
b'11-7-2023 9:38:43,1.14652,10.23581,-0.41869,1'
b'11-7-2023 9:38:43,0.08799,9.90302,-0.13348,1'
b'11-7-2023 9:38:43,-0.11941,9.80605,-0.07003,1'
b'11-7-2023 9:38:44,-0.06195,9.82281,-0.05686,1'
b'11-7-2023 9:38:44,-0.07991,9.8276,0.03172,1'
b'11-7-2023 9:38:44,-0.02484,9.83957,0.04369,1'
b'11-7-2023 9:38:45,-0.12061,9.83478,-0.06165,1'
b'11-7-2023 9:38:45,-0.06315,9.73901,-0.13108,1'
b'11-7-2023 9:38:45,0.05417,9.89464,0.09876,1'
b'11-7-2023 9:38:45,0,0,0,0'
b'11-7-2023 9:38:46,0,0,0,0'
b'11-7-2023 9:38:46,0,0,0,0'
b'11-7-2023 9:38:46,0,0,0,0'
b'11-7-2023 9:38:47,0.35853,9.10994,-1.38864,1'
b'11-7-2023 9:38:47,-9.99459,0.36781,1.05824,1'
b'11-7-2023 9:38:47,-9.83299,-3.16783,1.86778,1'
b'11-7-2023 9:38:48,-9.69532,-2.77278,1.27731,1'
b'11-7-2023 9:38:48,-10.84035,-0.17837,2.40438,1'
b'11-7-2023 9:38:48,0.6605,9.01896,-0.4127,1'
b'11-7-2023 9:38:49,1.1166,10.26364,0.23164,1'
b'11-7-2023 9:38:49,0.14664,9.66449,-0.19094,1'
b'11-7-2023 9:38:49,0.39444,9.85513,-0.08918,1'
b'11-7-2023 9:38:50,0.13827,9.77493,-0.31065,1'
b'11-7-2023 9:38:50,0.17059,9.78091,-0.13467,1'
b'11-7-2023 9:38:50,0.23164,9.83718,-0.0401,1'
b'11-7-2023 9:38:51,0.15981,9.76774,0.20171,1'
b'11-7-2023 9:38:51,0.15383,9.83598,0.16939,1'
b'11-7-2023 9:38:51,0.03262,9.75218,0.91339,1'
b'11-7-2023 9:38:52,0,0,0,0'
b'11-7-2023 9:38:52,-0.46298,9.64175,0.83917,1'
b'11-7-2023 9:38:52,0.12629,9.90541,0.64973,1'
b'11-7-2023 9:38:53,-0.19722,9.73782,1.09894,1'
b'11-7-2023 9:38:53,-0.15173,9.7881,1.05943,1'
b'11-7-2023 9:38:53,-0.15293,9.81802,1.15879,1'
b'11-7-2023 9:38:54,-0.03202,9.77253,1.00437,1'
b'11-7-2023 9:38:54,-0.05596,9.75577,1.09056,1'
b'11-7-2023 9:38:54,-0.11343,9.7869,1.01634,1'
b'11-7-2023 9:38:55,-0.23314,9.71507,1.07141,1'
b'11-7-2023 9:38:55,-0.07991,9.73662,1.10492,1'
b'11-7-2023 9:38:55,-0.123,9.77014,1.12408,1'
b'11-7-2023 9:38:56,-0.10864,9.70789,1.0738,1'
b'11-7-2023 9:38:56,-0.13497,9.73423,1.06901,1'
b'11-7-2023 9:38:56,0.03502,9.77972,1.18872,1'
b'11-7-2023 9:38:57,-0.13976,9.73423,1.13126,1'
b'11-7-2023 9:38:57,0,0,0,0'
b'11-7-2023 9:38:57,0,0,0,0'
b'11-7-2023 9:38:58,1.07709,10.16279,1.12887,1'
b'11-7-2023 9:38:58,-4.93654,5.54198,0.67487,1'
b'11-7-2023 9:38:58,-11.16865,-3.01101,1.26653,1'
b'11-7-2023 9:38:59,-9.64504,-3.06129,0.85952,1'
b'11-7-2023 9:38:59,-12.65725,-1.50057,2.35889,1'
b'11-7-2023 9:38:59,0.28072,8.62032,-0.17777,1'
b'11-7-2023 9:39:0,1.94559,9.72225,-0.6605,1'
b'11-7-2023 9:39:0,0.785,9.745,0.1239,1'
b'11-7-2023 9:39:0,0.79218,9.85034,-0.02454,1'
b'11-7-2023 9:39:1,0.59436,9.77493,0.24989,1'
b'11-7-2023 9:39:1,0.61591,9.8288,0.28222,1'
b'11-7-2023 9:39:1,0.65092,9.82281,0.22326,1'
b'11-7-2023 9:39:2,0.61711,9.79887,0.25708,1'
b'11-7-2023 9:39:2,0.65092,9.81323,0.34566,1'
b'11-7-2023 9:39:2,0.52852,9.77014,0.23523,1'
b'11-7-2023 9:39:3,0,0,0,0'
b'11-7-2023 9:39:3,0,0,0,0'
b'11-7-2023 9:39:3,0,0,0,0'
b'11-7-2023 9:39:3,0,0,0,0'
b'11-7-2023 9:39:4,0,0,0,0'
b'11-7-2023 9:39:4,-1.59484,7.68838,-0.32172,1'
b'11-7-2023 9:39:4,-14.83836,-3.68528,1.56371,1'
b'11-7-2023 9:39:5,-9.22456,-3.10318,1.17196,1'
b'11-7-2023 9:39:5,-10.42944,-3.12114,1.20907,1'
b'11-7-2023 9:39:5,-5.98341,3.75141,1.38654,1'
b'11-7-2023 9:39:6,2.04495,10.79635,0.36123,1'
b'11-7-2023 9:39:6,-0.02484,10.06822,0.6198,1'
b'11-7-2023 9:39:6,0.14425,9.69352,0.44263,1'
b'11-7-2023 9:39:7,0.10355,9.73063,0.36841,1'
b'11-7-2023 9:39:7,0.0844,9.7881,0.57311,1'
b'11-7-2023 9:39:7,0.09517,9.89105,0.60304,1'
b'11-7-2023 9:39:8,0.06135,9.84196,0.5372,1'
b'11-7-2023 9:39:8,0.05177,9.81323,0.63297,1'
b'11-7-2023 9:39:8,0.10953,9.85872,0.47495,1'
b'11-7-2023 9:39:9,0.03502,9.79169,0.51565,1'
b'11-7-2023 9:39:9,0,0,0,0'
b'11-7-2023 9:39:9,0,0,0,0'
b'11-7-2023 9:39:10,0,0,0,0'
b'11-7-2023 9:39:10,-4.6265,6.75644,0.32292,1'
b'11-7-2023 9:39:10,-15.11878,-4.31884,3.98305,1'
b'11-7-2023 9:39:11,-9.46518,-1.84084,1.95546,1'
b'11-7-2023 9:39:11,-9.81264,-1.33656,2.15777,1'
b'11-7-2023 9:39:11,-5.93912,5.31932,2.18172,1'
b'11-7-2023 9:39:12,2.97809,10.22504,-0.9074,1'
b'11-7-2023 9:39:12,0.26037,9.73662,-0.04489,1'
b'11-7-2023 9:39:12,0.77901,9.80366,0.08559,1'
b'11-7-2023 9:39:13,0.73831,9.81084,0.28222,1'
b'11-7-2023 9:39:13,0.64973,9.83358,0.14545,1'
b'11-7-2023 9:39:13,0.55366,9.8288,0.32412,1'
b'11-7-2023 9:39:14,0.66768,9.80845,0.26426,1'
b'11-7-2023 9:39:14,0.62668,9.75338,0.30975,1'
b'11-7-2023 9:39:14,0.66768,9.79647,0.07242,1'
b'11-7-2023 9:39:14,0.60274,9.77732,0.13228,1'
b'11-7-2023 9:39:15,0,0,0,0'
b'11-7-2023 9:39:15,0,0,0,0'
b'11-7-2023 9:39:15,1.84144,10.14603,0.30257,1'
b'11-7-2023 9:39:16,-3.66343,7.56388,0.42946,1'
b'11-7-2023 9:39:16,-11.66066,-2.53067,2.00215,1'
b'11-7-2023 9:39:16,-10.4055,-3.28664,1.09654,1'
b'11-7-2023 9:39:17,-10.54556,-1.82049,1.00317,1'
b'11-7-2023 9:39:17,-4.72226,6.05943,0.88705,1'
b'11-7-2023 9:39:17,3.01041,9.54239,-1.18393,1'
b'11-7-2023 9:39:18,-0.05596,9.59387,0.66649,1'
b'11-7-2023 9:39:18,0.62549,9.79528,0.76465,1'
b'11-7-2023 9:39:18,0.39325,9.73303,0.56832,1'
b'11-7-2023 9:39:19,0.33459,9.76535,0.7826,1'
b'11-7-2023 9:39:19,0.31065,9.81084,0.89663,1'
b'11-7-2023 9:39:19,0.34656,9.80605,0.76225,1'
b'11-7-2023 9:39:20,0.31065,9.77493,0.75986,1'
b'11-7-2023 9:39:20,0.32741,9.75099,0.5779,1'
b'11-7-2023 9:39:20,0,0,0,0'
b'11-7-2023 9:39:21,0,0,0,0'
b'11-7-2023 9:39:21,0,0,0,0'
b'11-7-2023 9:39:21,-2.90896,7.42711,0.24361,1'
b'11-7-2023 9:39:22,-11.80461,-1.74029,1.693,1'
b'11-7-2023 9:39:22,-9.0007,-2.45885,1.38056,1'
b'11-7-2023 9:39:22,-10.32051,-2.34871,1.55653,1'
b'11-7-2023 9:39:23,-10.12658,0.06105,1.86419,1'
b'11-7-2023 9:39:23,-6.2746,5.66648,3.14,1'
b'11-7-2023 9:39:23,-2.12066,9.1665,-0.08918,1'
b'11-7-2023 9:39:24,0.27833,9.5364,2.16975,1'
b'11-7-2023 9:39:24,-0.29898,9.43345,2.38163,1'
b'11-7-2023 9:39:24,0.91069,9.57591,0.51206,1'
b'11-7-2023 9:39:25,-1.43203,9.65611,1.71096,1'
b'11-7-2023 9:39:25,-0.00449,9.84675,1.3611,1'
b'11-7-2023 9:39:25,-0.44622,9.78211,1.07619,1'
b'11-7-2023 9:39:26,-0.29299,9.75937,0.92775,1'
b'11-7-2023 9:39:26,-0.6177,9.69592,1.08218,1'
b'11-7-2023 9:39:26,0,0,0,0'
b'11-7-2023 9:39:27,0,0,0,0'
b'11-7-2023 9:39:27,0,0,0,0'
b'11-7-2023 9:39:27,-1.38415,9.00938,0.20171,1'
b'11-7-2023 9:39:27,-9.69293,1.36918,-0.36123,1'
b'11-7-2023 9:39:28,-10.91337,-3.11276,0.32531,1'
b'11-7-2023 9:39:28,-9.7875,-2.71772,-0.40672,1'
b'11-7-2023 9:39:28,-11.31709,-0.76884,0.60065,1'
b'11-7-2023 9:39:29,-3.17232,7.75183,0.53361,1'
b'11-7-2023 9:39:29,1.56102,10.02033,0.30975,1'
b'11-7-2023 9:39:29,0.35015,9.72465,0.21488,1'
b'11-7-2023 9:39:30,0.4555,9.8707,0.46418,1'
b'11-7-2023 9:39:30,-0.10265,9.74141,0.46418,1'
b'11-7-2023 9:39:30,0.18615,9.85394,0.50967,1'
b'11-7-2023 9:39:31,0.05776,9.7845,0.4522,1'
b'11-7-2023 9:39:31,0.11791,9.84077,0.51565,1'
b'11-7-2023 9:39:31,0.04459,9.92337,0.61621,1'
b'11-7-2023 9:39:32,0.07602,9.92456,0.62818,1'
b'11-7-2023 9:39:32,0,0,0,0'
b'11-7-2023 9:39:32,0,0,0,0'
b'11-7-2023 9:39:33,0,0,0,0'
b'11-7-2023 9:39:33,0,0,0,0'
b'11-7-2023 9:39:33,-11.19978,0.26725,0.21967,1'
b'11-7-2023 9:39:34,-10.25826,-3.19416,0.7443,1'
b'11-7-2023 9:39:34,-9.40891,-2.91644,0.38277,1'
b'11-7-2023 9:39:34,-10.64642,0.4109,0.43904,1'
b'11-7-2023 9:39:35,-0.74939,8.76876,-0.0808,1'
b'11-7-2023 9:39:35,2.29155,9.56753,-0.61262,1'
b'11-7-2023 9:39:35,-0.03681,9.90541,0.6617,1'
b'11-7-2023 9:39:36,0.21727,9.90182,0.33249,1'
b'11-7-2023 9:39:36,0.11432,9.80605,0.55875,1'
b'11-7-2023 9:39:36,0.04579,9.79767,0.30616,1'
b'11-7-2023 9:39:37,-0.01766,9.76774,0.27863,1'
b'11-7-2023 9:39:37,-0.04399,9.84675,0.5348,1'
b'11-7-2023 9:39:37,-0.06075,9.81084,0.51805,1'
b'11-7-2023 9:39:38,0.02304,9.83239,0.44861,1'
b'11-7-2023 9:39:38,0.05656,9.81802,0.44622,1'
b'11-7-2023 9:39:38,0,0,0,0'
b'11-7-2023 9:39:39,0,0,0,0'
b'11-7-2023 9:39:39,0,0,0,0'
b'11-7-2023 9:39:39,-2.40228,7.66085,-1.00916,1'
b'11-7-2023 9:39:40,-8.06996,0.0419,0.08559,1'
b'11-7-2023 9:39:40,-9.68335,-3.32614,0.58269,1'
b'11-7-2023 9:39:40,-11.47152,-2.4792,1.03789,1'
b'11-7-2023 9:39:40,-6.68671,4.44603,0.82241,1'
b'11-7-2023 9:39:41,2.23888,9.68754,-0.75028,1'
b'11-7-2023 9:39:41,1.06512,9.14376,-0.39834,1'
b'11-7-2023 9:39:41,-0.46178,9.79767,0.33609,1'
b'11-7-2023 9:39:42,0.05417,9.85394,0.4953,1'
b'11-7-2023 9:39:42,-0.09188,9.77972,0.52643,1'
b'11-7-2023 9:39:42,-0.123,9.82161,0.58029,1'
b'11-7-2023 9:39:43,-0.10864,9.77732,0.51565,1'
b'11-7-2023 9:39:43,-0.09906,9.86112,0.50368,1'
b'11-7-2023 9:39:43,-0.13018,9.84196,0.52523,1'
b'11-7-2023 9:39:44,-0.13497,9.81802,0.44861,1'
b'11-7-2023 9:39:44,0,0,0,0'
b'11-7-2023 9:39:44,0,0,0,0'
b'11-7-2023 9:39:45,0,0,0,0'
b'11-7-2023 9:39:45,0,0,0,0'
b'11-7-2023 9:39:45,-7.53455,0.33668,-0.83169,1'
b'11-7-2023 9:39:46,-9.28681,-2.56419,0.67846,1'
b'11-7-2023 9:39:46,-12.24754,-2.54025,1.1576,1'
b'11-7-2023 9:39:46,-5.20859,6.1528,0.29538,1'
b'11-7-2023 9:39:47,0.84964,10.11012,0.36601,1'
b'11-7-2023 9:39:47,0.62189,10.12209,0.73233,1'
b'11-7-2023 9:39:47,0.54408,9.73183,0.47974,1'
b'11-7-2023 9:39:48,0.42677,9.84196,0.73592,1'
b'11-7-2023 9:39:48,0.30347,9.77373,0.38397,1'
b'11-7-2023 9:39:48,0.34536,9.77612,0.56832,1'
b'11-7-2023 9:39:49,0.38247,9.75458,0.51326,1'
b'11-7-2023 9:39:49,0.45191,9.82999,0.57072,1'
b'11-7-2023 9:39:49,0.39684,9.80605,0.46537,1'
b'11-7-2023 9:39:50,0.35135,9.76056,0.58269,1'
b'11-7-2023 9:39:50,0.50458,9.82281,0.46298,1'
b'11-7-2023 9:39:50,0,0,0,0'
b'11-7-2023 9:39:51,0,0,0,0'
b'11-7-2023 9:39:51,0,0,0,0'
b'11-7-2023 9:39:51,0,0,0,0'
b'11-7-2023 9:39:52,-7.40527,2.90806,-0.11073,1'
b'11-7-2023 9:39:52,-11.05942,-4.1309,0.07602,1'
b'11-7-2023 9:39:52,-11.0678,-1.70437,1.31083,1'
b'11-7-2023 9:39:52,-4.05997,6.45716,0.77063,1'
b'11-7-2023 9:39:53,1.21985,10.17835,-0.22326,1'
b'11-7-2023 9:39:53,1.07709,9.8695,0.27623,1'
b'11-7-2023 9:39:53,0.43754,9.75577,0.13587,1'
b'11-7-2023 9:39:54,0.56802,9.80605,0.29179,1'
b'11-7-2023 9:39:54,0.69162,9.88147,0.45819,1'
b'11-7-2023 9:39:54,0.43395,9.84556,0.21608,1'
b'11-7-2023 9:39:55,0.46268,9.82042,0.33369,1'
b'11-7-2023 9:39:55,0.41958,9.85872,0.2906,1'
b'11-7-2023 9:39:55,0.53091,9.80605,0.0844,1'
b'11-7-2023 9:39:56,0.47585,9.7869,0.40312,1'
b'11-7-2023 9:39:56,0.47106,9.77732,0.38397,1'
b'11-7-2023 9:39:56,0,0,0,0'
b'11-7-2023 9:39:57,0,0,0,0'
b'11-7-2023 9:39:57,0,0,0,0'
b'11-7-2023 9:39:57,0,0,0,0'
b'11-7-2023 9:39:58,2.13353,10.27322,-0.06404,1'
b'11-7-2023 9:39:58,-5.0769,5.46058,0.5384,1'
b'11-7-2023 9:39:58,-10.53359,-3.79301,0.98043,1'
b'11-7-2023 9:39:59,-9.68095,-3.06248,0.93254,1'
b'11-7-2023 9:39:59,-8.90583,1.51643,1.10253,1'
b'11-7-2023 9:39:59,0.97654,8.81904,-0.42108,1'
b'11-7-2023 9:40:0,1.37188,9.7019,-0.21009,1'
b'11-7-2023 9:40:0,0.4543,9.97604,0.59586,1'
b'11-7-2023 9:40:0,0.33339,9.7881,0.45101,1'
b'11-7-2023 9:40:1,0.40522,9.78091,0.19692,1'
b'11-7-2023 9:40:1,-0.04758,9.98203,-0.06644,1'
b'11-7-2023 9:40:1,-0.63446,9.74979,0.53002,1'
b'11-7-2023 9:40:2,-1.0753,9.52204,0.06285,1'
b'11-7-2023 9:40:2,0.28671,9.27544,0.7431,1'
b'11-7-2023 9:40:2,-0.67038,9.58908,1.58646,1'
b'11-7-2023 9:40:3,0,0,0,0'
b'11-7-2023 9:40:3,0,0,0,0'
b'11-7-2023 9:40:3,0,0,0,0'
b'11-7-2023 9:40:4,0,0,0,0'
b'11-7-2023 9:40:4,0,0,0,0'
b'11-7-2023 9:40:4,0,0,0,0'
b'11-7-2023 9:40:4,-5.35703,5.85831,0.4115,1'
b'11-7-2023 9:40:5,-11.5206,-3.2615,0.82001,1'
b'11-7-2023 9:40:5,-8.77535,-3.05769,0.27863,1'
b'11-7-2023 9:40:5,-10.25107,-1.96534,0.75986,1'
b'11-7-2023 9:40:6,-10.30734,4.00041,1.66188,1'
b'11-7-2023 9:40:6,-0.18286,8.60237,-0.8245,1'
b'11-7-2023 9:40:6,-1.59244,10.07181,2.30741,1'
b'11-7-2023 9:40:7,-2.05004,9.42867,1.00676,1'
b'11-7-2023 9:40:7,-2.48488,9.81563,0.6605,1'
b'11-7-2023 9:40:7,-1.12438,9.5364,2.14461,1'
b'11-7-2023 9:40:8,-1.7735,9.30297,1.99138,1'
b'11-7-2023 9:40:8,-0.90261,9.99879,2.99245,1'
b'11-7-2023 9:40:8,-0.68714,9.67647,1.10014,1'
b'11-7-2023 9:40:9,-1.02831,9.51845,1.53139,1'
b'11-7-2023 9:40:9,-1.34105,9.71507,1.31083,1'
b'11-7-2023 9:40:9,0,0,0,0'
b'11-7-2023 9:40:10,0,0,0,0'
b'11-7-2023 9:40:10,0,0,0,0'
b'11-7-2023 9:40:10,0,0,0,0'
b'11-7-2023 9:40:11,0,0,0,0'
b'11-7-2023 9:40:11,-2.5196,8.00232,1.20309,1'
b'11-7-2023 9:40:11,-10.05116,-0.83348,-0.18375,1'
b'11-7-2023 9:40:12,-10.03051,-4.58609,-0.80296,1'
b'11-7-2023 9:40:12,-10.91576,-4.03872,-0.05567,1'
b'11-7-2023 9:40:12,-6.16447,4.997,1.61399,1'
b'11-7-2023 9:40:13,4.06924,10.12448,0.06524,1'
b'11-7-2023 9:40:13,0.03621,10.13645,1.08936,1'
b'11-7-2023 9:40:13,-0.01885,9.77852,1.00796,1'
b'11-7-2023 9:40:13,0.02903,9.90661,1.02951,1'
b'11-7-2023 9:40:14,-0.26785,9.75937,0.79218,1'
b'11-7-2023 9:40:14,-0.16849,9.76655,0.72634,1'
b'11-7-2023 9:40:14,-0.23673,9.72106,0.76106,1'
b'11-7-2023 9:40:15,-0.38876,9.7031,0.83318,1'
b'11-7-2023 9:40:15,-0.27264,9.78331,0.9505,1'
b'11-7-2023 9:40:15,-0.37679,9.7845,0.79338,1'
b'11-7-2023 9:40:16,0,0,0,0'
b'11-7-2023 9:40:16,0,0,0,0'
b'11-7-2023 9:40:16,0,0,0,0'
b'11-7-2023 9:40:17,0,0,0,0'
b'11-7-2023 9:40:17,-2.59142,8.71011,0.60663,1'
b'11-7-2023 9:40:17,-7.81737,1.54636,0.1239,1'
b'11-7-2023 9:40:18,-10.61409,-4.00281,-0.23762,1'
b'11-7-2023 9:40:18,-11.50983,-2.03597,1.63554,1'
b'11-7-2023 9:40:18,-4.22756,6.35541,0.36242,1'
b'11-7-2023 9:40:19,2.80062,9.59746,-0.15263,1'
b'11-7-2023 9:40:19,-0.42946,9.31973,1.02113,1'
b'11-7-2023 9:40:19,0.79697,9.8276,1.00197,1'
b'11-7-2023 9:40:20,0.21608,9.81204,1.09415,1'
b'11-7-2023 9:40:20,0.26995,9.77493,1.06063,1'
b'11-7-2023 9:40:20,0.331,9.8288,1.14802,1'
b'11-7-2023 9:40:21,0.14305,9.72225,0.93972,1'
b'11-7-2023 9:40:21,0.29149,9.79408,1.04267,1'
b'11-7-2023 9:40:21,0.22446,9.73662,1.12647,1'
b'11-7-2023 9:40:22,0.28671,9.8252,0.96367,1'
b'11-7-2023 9:40:22,0,0,0,0'
b'11-7-2023 9:40:22,0,0,0,0'
b'11-7-2023 9:40:23,0,0,0,0'
b'11-7-2023 9:40:23,0,0,0,0'
b'11-7-2023 9:40:23,-8.2172,0.20859,0.04489,1'
b'11-7-2023 9:40:24,-9.58878,-3.181,0.5767,1'
b'11-7-2023 9:40:24,-10.93851,-2.07906,0.0808,1'
b'11-7-2023 9:40:24,-7.10928,4.50469,1.18752,1'
b'11-7-2023 9:40:25,1.87616,8.9591,-0.3732,1'
b'11-7-2023 9:40:25,0.45071,9.8252,1.06303,1'
b'11-7-2023 9:40:25,0.73592,9.97843,1.02232,1'
b'11-7-2023 9:40:25,0.3717,9.79528,0.84036,1'
b'11-7-2023 9:40:26,0.43634,9.79767,0.91578,1'
b'11-7-2023 9:40:26,0.29389,9.74739,0.76225,1'
b'11-7-2023 9:40:26,0.28192,9.8276,0.83917,1'
b'11-7-2023 9:40:27,0.25558,9.77493,0.70719,1'
b'11-7-2023 9:40:27,0.30586,9.80126,0.85114,1'
b'11-7-2023 9:40:27,0.37769,9.75817,0.7862,1'
b'11-7-2023 9:40:28,0.26037,9.77493,0.83199,1'
b'11-7-2023 9:40:28,0,0,0,0'
b'11-7-2023 9:40:28,0,0,0,0'
b'11-7-2023 9:40:29,0,0,0,0'
b'11-7-2023 9:40:29,0,0,0,0'
b'11-7-2023 9:40:29,-6.84951,4.37421,1.12049,1'
b'11-7-2023 9:40:30,-10.281,-2.56299,0.90022,1'
b'11-7-2023 9:40:30,-10.13376,-2.82306,0.39355,1'
b'11-7-2023 9:40:30,-11.05343,0.88166,2.3122,1'
b'11-7-2023 9:40:31,-1.12557,7.99514,-1.20309,1'
b'11-7-2023 9:40:31,0.12151,9.90421,0.34686,1'
b'11-7-2023 9:40:31,-0.36601,9.73303,0.29778,1'
b'11-7-2023 9:40:32,-0.53032,9.73063,0.36721,1'
b'11-7-2023 9:40:32,-0.51116,9.69113,0.59945,1'
b'11-7-2023 9:40:32,-0.59017,9.89464,0.73472,1'
b'11-7-2023 9:40:33,-0.58538,9.77732,0.48572,1'
b'11-7-2023 9:40:33,-0.67157,9.76296,0.54438,1'
b'11-7-2023 9:40:33,-0.65003,9.77493,0.70479,1'
b'11-7-2023 9:40:33,-0.56383,9.82999,0.59466,1'
b'11-7-2023 9:40:34,-0.62608,9.79169,0.49171,1'
b'11-7-2023 9:40:34,0,0,0,0'
b'11-7-2023 9:40:34,0,0,0,0'
b'11-7-2023 9:40:35,0,0,0,0'
b'11-7-2023 9:40:35,0,0,0,0'
b'11-7-2023 9:40:35,-6.37636,4.49033,0.67127,1'
b'11-7-2023 9:40:36,-11.48947,-4.09498,-0.43425,1'
b'11-7-2023 9:40:36,-9.5385,-2.75962,0.63177,1'
b'11-7-2023 9:40:36,-10.17925,-0.97833,0.78739,1'
b'11-7-2023 9:40:37,-8.60297,3.75501,1.39971,1'
b'11-7-2023 9:40:37,0.19453,10.10054,0.37439,1'
b'11-7-2023 9:40:37,-0.12899,9.79169,-0.2891,1'
b'11-7-2023 9:40:38,0.28551,9.86591,-0.04848,1'
b'11-7-2023 9:40:38,-0.07153,9.85154,0.13467,1'
b'11-7-2023 9:40:38,0.11911,9.84316,0.15742,1'
b'11-7-2023 9:40:39,-0.11103,9.72824,0.17178,1'
b'11-7-2023 9:40:39,-0.17328,9.7845,0.16819,1'
b'11-7-2023 9:40:39,-0.23194,9.91618,0.50847,1'
b'11-7-2023 9:40:40,-0.4115,9.93534,0.29179,1'
b'11-7-2023 9:40:40,-0.22954,9.89943,0.22446,1'
b'11-7-2023 9:40:40,0,0,0,0'
b'11-7-2023 9:40:41,0,0,0,0'
b'11-7-2023 9:40:41,0,0,0,0'
b'11-7-2023 9:40:41,0,0,0,0'
b'11-7-2023 9:40:42,1.4437,10.43962,-0.05447,1'
b'11-7-2023 9:40:42,-8.91691,-0.60484,0.25349,1'
b'11-7-2023 9:40:42,-9.20062,-3.58831,0.73352,1'
b'11-7-2023 9:40:43,-12.05241,-3.68528,1.60082,1'
b'11-7-2023 9:40:43,-4.54868,6.10851,0.10355,1'
b'11-7-2023 9:40:43,2.69767,10.79156,1.7361,1'
b'11-7-2023 9:40:44,0.51775,9.88626,1.02232,1'
b'11-7-2023 9:40:44,0.69162,9.64414,1.55773,1'
b'11-7-2023 9:40:44,0.83408,9.72944,1.35392,1'
b'11-7-2023 9:40:44,0.59436,9.745,1.79116,1'
b'11-7-2023 9:40:45,0.1251,9.61781,0.57072,1'
b'11-7-2023 9:40:45,0.09637,9.71747,1.41886,1'
b'11-7-2023 9:40:45,0.1251,9.77134,1.37697,1'
b'11-7-2023 9:40:46,0.18016,9.71507,1.40689,1'
b'11-7-2023 9:40:46,0.10953,9.6621,1.3204,1'
b'11-7-2023 9:40:46,0,0,0,0'
b'11-7-2023 9:40:47,0,0,0,0'
b'11-7-2023 9:40:47,0,0,0,0'
b'11-7-2023 9:40:47,1.67834,10.31632,1.77081,1'
b'11-7-2023 9:40:48,-8.95641,1.99557,1.41288,1'
b'11-7-2023 9:40:48,-11.73039,-4.55736,0.95768,1'
b'11-7-2023 9:40:48,-10.39592,-2.28886,0.89902,1'
b'11-7-2023 9:40:49,-5.48751,4.84377,1.24259,1'
b'11-7-2023 9:40:49,1.29407,10.09216,0.67846,1'
b'11-7-2023 9:40:49,0.66289,9.82042,0.56354,1'
b'11-7-2023 9:40:50,0.00988,9.67407,0.79218,1'
b'11-7-2023 9:40:50,0.3286,9.68275,0.77183,1'
b'11-7-2023 9:40:50,0.32621,9.92337,0.92656,1'
b'11-7-2023 9:40:51,0.4124,9.86471,0.62339,1'
b'11-7-2023 9:40:51,0.45071,9.8707,0.80535,1'
b'11-7-2023 9:40:51,0.34656,9.79647,0.8272,1'
b'11-7-2023 9:40:52,0.46507,9.86112,0.72514,1'
b'11-7-2023 9:40:52,0.33698,9.88506,0.84156,1'
b'11-7-2023 9:40:52,0,0,0,0'
b'11-7-2023 9:40:53,0,0,0,0'
b'11-7-2023 9:40:53,0,0,0,0'
b'11-7-2023 9:40:53,-2.64529,7.89548,0.71557,1'
b'11-7-2023 9:40:54,-8.48326,-1.37966,0.30376,1'
b'11-7-2023 9:40:54,-9.4568,-3.62542,0.46058,1'
b'11-7-2023 9:40:54,-13.52455,-2.05273,2.03806,1'
b'11-7-2023 9:40:55,-0.25708,8.06696,-1.19112,1'
b'11-7-2023 9:40:55,4.27515,9.45979,-0.85802,1'
b'11-7-2023 9:40:55,1.22224,9.98322,1.16478,1'
b'11-7-2023 9:40:55,0.88675,9.78211,0.51685,1'
b'11-7-2023 9:40:56,0.78739,9.66449,0.44981,1'
b'11-7-2023 9:40:56,1.02083,9.75218,0.55396,1'
b'11-7-2023 9:40:56,0.89394,9.77972,0.536,1'
b'11-7-2023 9:40:57,0.84845,9.7869,0.72874,1'
b'11-7-2023 9:40:57,0.7838,9.65013,0.62219,1'
b'11-7-2023 9:40:57,0.88556,9.70071,0.80535,1'
b'11-7-2023 9:40:58,0.91907,9.76774,0.80774,1'
b'11-7-2023 9:40:58,0,0,0,0'
b'11-7-2023 9:40:58,0,0,0,0'
b'11-7-2023 9:40:59,2.08206,10.33308,0.85234,1'
b'11-7-2023 9:40:59,-8.42939,2.23499,0.6593,1'
b'11-7-2023 9:40:59,-11.01033,-3.33093,0.33249,1'
b'11-7-2023 9:41:0,-9.9934,-2.06709,0.65811,1'
b'11-7-2023 9:41:0,-9.32033,2.23858,1.18274,1'
b'11-7-2023 9:41:0,1.37906,9.68754,0.19333,1'
b'11-7-2023 9:41:1,1.5694,9.74979,0.17298,1'
b'11-7-2023 9:41:1,1.37786,9.83239,0.27144,1'
b'11-7-2023 9:41:1,0.94182,9.75697,0.44981,1'
b'11-7-2023 9:41:2,0.88316,9.71148,0.287,1'
b'11-7-2023 9:41:2,0.92267,9.79288,0.52762,1'
b'11-7-2023 9:41:2,0.97654,9.74739,0.50248,1'
b'11-7-2023 9:41:3,0.9502,9.77493,0.55396,1'
b'11-7-2023 9:41:3,0.97654,9.77972,0.51565,1'
b'11-7-2023 9:41:3,0.98851,9.75577,0.38397,1'
b'11-7-2023 9:41:4,0,0,0,0'
b'11-7-2023 9:41:4,0,0,0,0'
b'11-7-2023 9:41:4,0,0,0,0'
b'11-7-2023 9:41:5,0,0,0,0'
b'11-7-2023 9:41:5,3.2606,10.54975,0.41629,1'
b'11-7-2023 9:41:5,-7.82814,2.59083,0.0808,1'
b'11-7-2023 9:41:6,-10.70986,-3.90824,-0.12869,1'
b'11-7-2023 9:41:6,-9.75637,-2.34751,1.13605,1'
b'11-7-2023 9:41:6,-8.56466,3.16094,1.18393,1'
b'11-7-2023 9:41:7,1.98509,9.76774,0.08559,1'
b'11-7-2023 9:41:7,1.74657,9.97963,0.02933,1'
b'11-7-2023 9:41:7,0.00628,9.80007,0.58149,1'
b'11-7-2023 9:41:7,0.28671,9.80007,0.31334,1'
b'11-7-2023 9:41:8,-0.35763,9.745,1.29407,1'
b'11-7-2023 9:41:8,-0.05237,9.68036,1.29646,1'
b'11-7-2023 9:41:8,-0.30257,9.63576,1.78039,1'
b'11-7-2023 9:41:9,-0.26187,9.73542,1.64152,1'
b'11-7-2023 9:41:9,-0.14694,9.75697,1.48949,1'
b'11-7-2023 9:41:9,-0.13856,9.71986,1.64631,1'
b'11-7-2023 9:41:10,0,0,0,0'
b'11-7-2023 9:41:10,0,0,0,0'
b'11-7-2023 9:41:10,0,0,0,0'
b'11-7-2023 9:41:11,0,0,0,0'
b'11-7-2023 9:41:11,-4.1689,6.11329,-0.06524,1'
b'11-7-2023 9:41:11,-10.09665,-2.53187,0.35763,1'
b'11-7-2023 9:41:12,-9.4137,-2.27569,0.84874,1'
b'11-7-2023 9:41:12,-10.47733,0.26486,0.27863,1'
b'11-7-2023 9:41:12,1.39941,8.74362,-0.10475,1'
b'11-7-2023 9:41:13,0.8245,9.74979,0.13228,1'
b'11-7-2023 9:41:13,-0.03801,9.75458,0.58029,1'
b'11-7-2023 9:41:13,0.26396,9.86112,0.58867,1'
b'11-7-2023 9:41:14,0.07482,9.84077,0.43185,1'
b'11-7-2023 9:41:14,-0.02125,9.77014,0.65571,1'
b'11-7-2023 9:41:14,0.12151,9.76296,0.37918,1'
b'11-7-2023 9:41:15,0.22206,9.76296,0.26187,1'
b'11-7-2023 9:41:15,0.06614,9.8276,0.44622,1'
b'11-7-2023 9:41:15,0.0422,9.77253,0.60184,1'
b'11-7-2023 9:41:16,0.04459,9.78211,0.67846,1'
b'11-7-2023 9:41:16,0,0,0,0'
b'11-7-2023 9:41:16,0,0,0,0'
b'11-7-2023 9:41:17,0,0,0,0'
b'11-7-2023 9:41:17,-2.22152,7.95055,0.38158,1'
b'11-7-2023 9:41:17,-8.98753,-2.54025,0.82241,1'
b'11-7-2023 9:41:18,-10.14812,-3.10318,0.84994,1'
b'11-7-2023 9:41:18,-12.48486,-3.11037,0.31574,1'
b'11-7-2023 9:41:18,-4.79529,5.28221,0.43425,1'
b'11-7-2023 9:41:19,4.6226,10.25885,-0.11073,1'
b'11-7-2023 9:41:19,0.58957,9.83239,0.67247,1'
b'11-7-2023 9:41:19,0.79098,9.71866,0.44861,1'
b'11-7-2023 9:41:19,0.69881,9.86351,0.56354,1'
b'11-7-2023 9:41:20,0.4974,9.75099,0.46896,1'
b'11-7-2023 9:41:20,0.54289,9.75577,0.49889,1'
b'11-7-2023 9:41:20,0.56683,9.87548,0.33609,1'
b'11-7-2023 9:41:21,0.47585,9.79169,0.35285,1'
b'11-7-2023 9:41:21,0.43754,9.73662,0.46777,1'
b'11-7-2023 9:41:21,0.55246,9.76774,0.44383,1'
b'11-7-2023 9:41:22,0,0,0,0'
b'11-7-2023 9:41:22,0,0,0,0'
b'11-7-2023 9:41:22,0,0,0,0'
b'11-7-2023 9:41:23,0,0,0,0'
b'11-7-2023 9:41:23,3.39827,10.88404,0.04609,1'
b'11-7-2023 9:41:23,-6.86627,4.03992,0.2906,1'
b'11-7-2023 9:41:24,-10.12658,-2.85658,-0.27952,1'
b'11-7-2023 9:41:24,-10.26065,-3.23726,0.61022,1'
b'11-7-2023 9:41:24,-9.57322,1.03489,1.21506,1'
b'11-7-2023 9:41:25,1.63883,9.78091,-0.61142,1'
b'11-7-2023 9:41:25,-0.30257,9.4574,-0.19932,1'
b'11-7-2023 9:41:25,0.07332,9.72225,-0.01137,1'
b'11-7-2023 9:41:26,0.03382,9.9114,0.19812,1'
b'11-7-2023 9:41:26,-0.00209,9.7043,-0.01856,1'
b'11-7-2023 9:41:26,0.04459,9.80605,0.11911,1'
b'11-7-2023 9:41:27,0.06255,9.89105,0.28581,1'
b'11-7-2023 9:41:27,-0.20081,9.70071,0.27863,1'
b'11-7-2023 9:41:27,0.06135,9.80126,0.40073,1'
b'11-7-2023 9:41:28,0.11672,9.77253,0.31693,1'
b'11-7-2023 9:41:28,0,0,0,0'
b'11-7-2023 9:41:28,0,0,0,0'
b'11-7-2023 9:41:29,0,0,0,0'
b'11-7-2023 9:41:29,0,0,0,0'
b'11-7-2023 9:41:29,0,0,0,0'
b'11-7-2023 9:41:30,-3.93906,6.82108,0.07841,1'
b'11-7-2023 9:41:30,-15.95107,-4.75967,1.07021,1'
b'11-7-2023 9:41:30,-9.21379,-3.65056,-0.10953,1'
b'11-7-2023 9:41:30,-10.72183,-1.775,1.31442,1'
b'11-7-2023 9:41:31,-2.66205,6.85101,-0.45699,1'
b'11-7-2023 9:41:31,3.21392,9.74979,-0.77542,1'
b'11-7-2023 9:41:31,0.15981,9.71387,0.28102,1'
b'11-7-2023 9:41:32,0.47226,9.80366,0.24122,1'
b'11-7-2023 9:41:32,0.37649,9.93893,0.42587,1'
b'11-7-2023 9:41:32,0.22924,9.81563,0.29658,1'
b'11-7-2023 9:41:33,0.26635,9.78929,0.0832,1'
b'11-7-2023 9:41:33,0.51296,9.87429,0.34925,1'
b'11-7-2023 9:41:33,0.28671,9.75338,0.04609,1'
b'11-7-2023 9:41:34,0.15862,9.73183,0.04848,1'
b'11-7-2023 9:41:34,0.36571,9.73782,0.27623,1'
b'11-7-2023 9:41:34,0,0,0,0'
b'11-7-2023 9:41:35,0,0,0,0'
b'11-7-2023 9:41:35,0,0,0,0'
b'11-7-2023 9:41:35,0,0,0,0'
b'11-7-2023 9:41:36,1.86538,10.63474,0.26665,1'
b'11-7-2023 9:41:36,-7.41484,2.25654,1.24259,1'
b'11-7-2023 9:41:36,-10.78049,-4.24821,1.41048,1'
b'11-7-2023 9:41:37,-9.39934,-3.2627,0.38636,1'
b'11-7-2023 9:41:37,-9.13957,1.63494,2.50284,1'
b'11-7-2023 9:41:37,-2.8491,8.3818,0.72514,1'
b'11-7-2023 9:41:38,1.35153,8.97706,-0.68205,1'
b'11-7-2023 9:41:38,0.32262,9.7043,0.35165,1'
b'11-7-2023 9:41:38,0.52972,9.96407,0.09756,1'
b'11-7-2023 9:41:39,0.4136,9.83837,0.59346,1'
b'11-7-2023 9:41:39,0.40282,9.83837,0.35165,1'
b'11-7-2023 9:41:39,0.3717,9.89105,0.39714,1'
b'11-7-2023 9:41:40,0.3298,9.83239,0.43904,1'
b'11-7-2023 9:41:40,0.31065,9.75338,0.4965,1'
b'11-7-2023 9:41:40,0.29628,9.77732,0.43904,1'
b'11-7-2023 9:41:41,0,0,0,0'
b'11-7-2023 9:41:41,0,0,0,0'
b'11-7-2023 9:41:41,0,0,0,0'
b'11-7-2023 9:41:41,0,0,0,0'
b'11-7-2023 9:41:42,-2.43939,8.69933,0.67606,1'
b'11-7-2023 9:41:42,-6.74058,-2.45406,-0.15143,1'
b'11-7-2023 9:41:42,-8.53353,-2.59053,0.65332,1'
b'11-7-2023 9:41:43,-11.57926,-2.25654,0.58748,1'
b'11-7-2023 9:41:43,-2.98078,5.84874,0.26905,1'
b'11-7-2023 9:41:43,2.80181,9.01537,-1.13246,1'
b'11-7-2023 9:41:44,-0.372,9.48254,0.52283,1'
b'11-7-2023 9:41:44,0.56683,9.69712,0.12989,1'
b'11-7-2023 9:41:44,0.09637,9.84675,0.52882,1'
b'11-7-2023 9:41:45,0.07721,9.81563,0.47256,1'
b'11-7-2023 9:41:45,-0.10265,9.85513,0.63416,1'
b'11-7-2023 9:41:45,-0.00688,10.04906,1.01394,1'
b'11-7-2023 9:41:46,-0.31095,9.60464,1.80912,1'
b'11-7-2023 9:41:46,-0.1242,9.66809,2.03687,1'
b'11-7-2023 9:41:46,-0.30975,9.6214,2.07158,1'
b'11-7-2023 9:41:47,0,0,0,0'
b'11-7-2023 9:41:47,0,0,0,0'
b'11-7-2023 9:41:47,0,0,0,0'
b'11-7-2023 9:41:48,0,0,0,0'
b'11-7-2023 9:41:48,0,0,0,0'
b'11-7-2023 9:41:48,0,0,0,0'
b'11-7-2023 9:41:49,-3.40007,6.81629,0.02813,1'
b'11-7-2023 9:41:49,-12.12184,-6.6906,0.03891,1'
b'11-7-2023 9:41:49,-11.6439,-4.58729,1.02113,1'
b'11-7-2023 9:41:50,-4.83479,4.79948,0.82001,1'
b'11-7-2023 9:41:50,3.87621,9.68155,-1.36948,1'
b'11-7-2023 9:41:50,0.55605,10.18673,1.10373,1'
b'11-7-2023 9:41:51,0.49979,9.70909,0.14425,1'
b'11-7-2023 9:41:51,0.24361,9.71507,0.37439,1'
b'11-7-2023 9:41:51,0.29509,9.77014,0.46418,1'
b'11-7-2023 9:41:52,0.18735,9.8252,0.13946,1'
b'11-7-2023 9:41:52,0.09756,9.75099,0.29299,1'
b'11-7-2023 9:41:52,0.1634,9.77134,0.31334,1'
b'11-7-2023 9:41:53,0.43993,9.81683,0.34686,1'
b'11-7-2023 9:41:53,0.18375,9.745,0.56952,1'
b'11-7-2023 9:41:53,0.36452,9.77852,0.40193,1'
b'11-7-2023 9:41:54,0,0,0,0'
b'11-7-2023 9:41:54,0,0,0,0'
b'11-7-2023 9:41:54,0,0,0,0'
b'11-7-2023 9:41:55,-5.91517,4.35864,-0.39953,1'
b'11-7-2023 9:41:55,-10.09545,-4.36702,0.10116,1'
b'11-7-2023 9:41:55,-9.88686,-3.43388,0.72993,1'
b'11-7-2023 9:41:55,-10.60452,1.57149,1.6523,1'
b'11-7-2023 9:41:56,-0.49799,8.77236,-1.08098,1'
b'11-7-2023 9:41:56,2.16346,9.76176,2.147,1'
b'11-7-2023 9:41:56,-0.21278,9.17847,0.785,1'
b'11-7-2023 9:41:57,0.25438,9.71986,3.0957,1'
b'11-7-2023 9:41:57,-1.59603,9.69712,1.3228,1'
b'11-7-2023 9:41:57,-0.98761,9.72345,1.59244,1'
b'11-7-2023 9:41:58,-0.80565,9.65971,1.37218,1'
b'11-7-2023 9:41:58,-0.85593,9.65252,1.32998,1'
b'11-7-2023 9:41:58,-0.71826,9.71028,1.35632,1'
b'11-7-2023 9:41:59,-0.73741,9.73423,1.23182,1'
b'11-7-2023 9:41:59,-0.75058,9.72465,1.38534,1'
b'11-7-2023 9:41:59,0,0,0,0'
b'11-7-2023 9:42:0,0,0,0,0'
b'11-7-2023 9:42:0,0,0,0,0'
b'11-7-2023 9:42:0,-2.93409,8.27406,-0.03412,1'
b'11-7-2023 9:42:1,-9.5804,0.05626,-0.01018,1'
b'11-7-2023 9:42:1,-9.13837,-4.29131,-0.94691,1'
b'11-7-2023 9:42:1,-12.10508,-2.48638,0.17897,1'
b'11-7-2023 9:42:2,-1.50386,7.36486,0.07362,1'
b'11-7-2023 9:42:2,1.7756,9.77134,1.01873,1'
b'11-7-2023 9:42:2,1.30604,9.56992,1.04507,1'
b'11-7-2023 9:42:3,0.95618,9.91499,1.42605,1'
b'11-7-2023 9:42:3,1.01365,9.83837,1.43203,1'
b'11-7-2023 9:42:3,0.80176,9.67796,1.13485,1'
b'11-7-2023 9:42:4,0.72395,9.68754,1.05704,1'
b'11-7-2023 9:42:4,0.76465,9.75458,1.19231,1'
b'11-7-2023 9:42:4,0.75387,9.73901,1.25576,1'
b'11-7-2023 9:42:5,0.79458,9.72944,1.09056,1'
b'11-7-2023 9:42:5,0.75627,9.80366,1.29646,1'
b'11-7-2023 9:42:5,0,0,0,0'
b'11-7-2023 9:42:5,0,0,0,0'
b'11-7-2023 9:42:6,0,0,0,0'
b'11-7-2023 9:42:6,-1.36859,8.74243,1.05225,1'
b'11-7-2023 9:42:6,-8.3429,-0.12689,-0.25678,1'
b'11-7-2023 9:42:7,-9.92875,-4.69623,-0.82211,1'
b'11-7-2023 9:42:7,-10.00776,-3.85915,0.50607,1'
b'11-7-2023 9:42:7,-9.83059,-0.10894,1.08098,1'
b'11-7-2023 9:42:8,-2.8922,8.28005,-0.35165,1'
b'11-7-2023 9:42:8,3.47758,9.72704,0.3696,1'
b'11-7-2023 9:42:8,0.54049,9.52563,0.92057,1'
b'11-7-2023 9:42:9,1.05315,9.71866,0.97683,1'
b'11-7-2023 9:42:9,0.98491,9.79887,1.12887,1'
b'11-7-2023 9:42:9,0.7826,9.76056,1.10253,1'
b'11-7-2023 9:42:10,0.82331,9.82161,1.1983,1'
b'11-7-2023 9:42:10,0.7826,9.71507,1.06662,1'
b'11-7-2023 9:42:10,0.71557,9.73901,1.18513,1'
b'11-7-2023 9:42:11,0.7431,9.73063,1.18513,1'
b'11-7-2023 9:42:11,0,0,0,0'
b'11-7-2023 9:42:11,0,0,0,0'
b'11-7-2023 9:42:12,0,0,0,0'
b'11-7-2023 9:42:12,2.03178,10.24928,0.90261,1'
b'11-7-2023 9:42:12,-4.43376,5.21278,0.48931,1'
b'11-7-2023 9:42:13,-10.99836,-4.34757,0.05567,1'
b'11-7-2023 9:42:13,-9.30237,-4.15843,-0.72634,1'
b'11-7-2023 9:42:13,-10.53239,-3.67809,0.62938,1'
b'11-7-2023 9:42:14,-2.99515,5.83796,-0.30347,1'
b'11-7-2023 9:42:14,5.84903,9.72465,-0.99599,1'
b'11-7-2023 9:42:14,0.75028,9.59387,0.58508,1'
b'11-7-2023 9:42:15,0.76345,9.84675,0.67367,1'
b'11-7-2023 9:42:15,0.44951,9.83957,0.83318,1'
b'11-7-2023 9:42:15,0.42916,9.75937,0.68205,1'
b'11-7-2023 9:42:16,0.28311,9.74021,0.70838,1'
b'11-7-2023 9:42:16,0.38846,9.76056,0.69522,1'
b'11-7-2023 9:42:16,0.34656,9.72944,0.75028,1'
b'11-7-2023 9:42:16,0.54528,9.77253,0.74071,1'
b'11-7-2023 9:42:17,0,0,0,0'
b'11-7-2023 9:42:17,0,0,0,0'
b'11-7-2023 9:42:17,0,0,0,0'
b'11-7-2023 9:42:18,2.52409,9.56753,-0.07721,1'
b'11-7-2023 9:42:18,-10.9852,-1.04567,0.50009,1'
b'11-7-2023 9:42:18,-9.13238,-4.11653,0.7012,1'
b'11-7-2023 9:42:19,-9.73482,-4.2135,0.09996,1'
b'11-7-2023 9:42:19,-10.04038,0.33668,1.50745,1'
b'11-7-2023 9:42:19,0.4938,9.39156,-0.18735,1'
b'11-7-2023 9:42:20,0.47345,10.17356,1.24858,1'
b'11-7-2023 9:42:20,0.29987,9.69472,0.55994,1'
b'11-7-2023 9:42:20,0.01586,9.85274,0.91578,1'
b'11-7-2023 9:42:21,0.10834,9.80485,0.9481,1'
b'11-7-2023 9:42:21,-0.05477,9.72585,0.84515,1'
b'11-7-2023 9:42:21,-0.01047,9.84556,0.98282,1'
b'11-7-2023 9:42:22,-0.06794,9.78211,0.87508,1'
b'11-7-2023 9:42:22,0.00389,9.78211,0.70479,1'
b'11-7-2023 9:42:22,0.13827,9.83718,0.98282,1'
b'11-7-2023 9:42:23,0,0,0,0'
b'11-7-2023 9:42:23,0,0,0,0'
b'11-7-2023 9:42:23,0,0,0,0'
b'11-7-2023 9:42:24,0.95978,9.93893,0.46178,1'
b'11-7-2023 9:42:24,-8.90104,-0.15203,0.83677,1'
b'11-7-2023 9:42:24,-9.89524,-5.55395,0.58389,1'
b'11-7-2023 9:42:25,-9.52533,-4.63158,0.38636,1'
b'11-7-2023 9:42:25,-9.51216,0.55815,1.78159,1'
b'11-7-2023 9:42:25,-0.69073,9.61182,0.01975,1'
b'11-7-2023 9:42:26,-0.20321,9.67796,0.56832,1'
b'11-7-2023 9:42:26,0.18854,9.80845,0.84755,1'
b'11-7-2023 9:42:26,0.22924,9.86112,0.83558,1'
b'11-7-2023 9:42:26,-0.04758,9.79169,0.70838,1'
b'11-7-2023 9:42:27,-0.35045,9.69831,1.06542,1'
b'11-7-2023 9:42:27,0.01586,9.76415,0.73472,1'
b'11-7-2023 9:42:27,0.05417,9.72704,0.79338,1'
b'11-7-2023 9:42:28,-0.07272,9.85872,0.97324,1'
b'11-7-2023 9:42:28,0.09996,9.73901,0.64254,1'
b'11-7-2023 9:42:28,0,0,0,0'
b'11-7-2023 9:42:29,0,0,0,0'
b'11-7-2023 9:42:29,0,0,0,0'
b'11-7-2023 9:42:29,1.84383,10.43363,0.33848,1'
b'11-7-2023 9:42:30,-7.47589,3.82085,1.21147,1'
b'11-7-2023 9:42:30,-11.3554,-5.34176,1.79236,1'
b'11-7-2023 9:42:30,-8.74901,-4.61123,-0.35404,1'
b'11-7-2023 9:42:31,-13.68496,-3.99682,0.67367,1'
b'11-7-2023 9:42:31,-1.93152,7.17213,-0.77782,1'
b'11-7-2023 9:42:31,0.43395,10.09934,0.14186,1'
b'11-7-2023 9:42:32,-0.07033,9.69472,0.83318,1'
b'11-7-2023 9:42:32,0.02783,9.77612,0.47854,1'
b'11-7-2023 9:42:32,0.00628,9.89703,0.85593,1'
b'11-7-2023 9:42:33,-0.14934,9.73423,0.65332,1'
b'11-7-2023 9:42:33,-0.0009,9.84196,0.66888,1'
b'11-7-2023 9:42:33,-0.19004,9.80366,0.60424,1'
b'11-7-2023 9:42:34,-0.03561,9.80366,0.81283,1'
b'11-7-2023 9:42:34,-0.08589,9.78211,0.58628,1'
b'11-7-2023 9:42:34,0,0,0,0'
b'11-7-2023 9:42:35,0,0,0,0'
b'11-7-2023 9:42:35,0,0,0,0'
b'11-7-2023 9:42:35,0,0,0,0'
b'11-7-2023 9:42:36,-5.61949,5.67007,1.53977,1'
b'11-7-2023 9:42:36,-13.22737,-6.36588,0.19573,1'
b'11-7-2023 9:42:36,-8.61254,-5.43993,-0.54678,1'
b'11-7-2023 9:42:37,-10.18164,-4.96348,0.37679,1'
b'11-7-2023 9:42:37,-6.68192,2.98258,1.86778,1'
b'11-7-2023 9:42:37,1.78637,9.44303,-0.83169,1'
b'11-7-2023 9:42:37,1.22823,9.62858,0.06045,1'
b'11-7-2023 9:42:38,0.28671,9.90421,0.48692,1'
b'11-7-2023 9:42:38,0.43993,9.81563,0.66768,1'
b'11-7-2023 9:42:38,0.15622,9.72106,0.4941,1'
b'11-7-2023 9:42:39,0.42198,9.80485,0.53002,1'
b'11-7-2023 9:42:39,0.1646,9.77732,0.68325,1'
b'11-7-2023 9:42:39,0.21368,9.81443,0.60304,1'
b'11-7-2023 9:42:40,-0.09547,9.71387,0.65691,1'
b'11-7-2023 9:42:40,0.03741,9.87429,1.08338,1'
b'11-7-2023 9:42:40,0,0,0,0'
b'11-7-2023 9:42:41,0,0,0,0'
b'11-7-2023 9:42:41,0,0,0,0'
b'11-7-2023 9:42:41,0,0,0,0'
b'11-7-2023 9:42:42,2.00903,10.46954,0.62339,1'
b'11-7-2023 9:42:42,-7.45794,2.09732,-0.31184,1'
b'11-7-2023 9:42:42,-8.78732,-5.47225,-0.20171,1'
b'11-7-2023 9:42:43,-9.02105,-4.23744,1.05345,1'
b'11-7-2023 9:42:43,-10.21037,-1.29586,1.88573,1'
b'11-7-2023 9:42:43,-2.59382,7.89189,1.04507,1'
b'11-7-2023 9:42:44,1.93481,9.96048,0.83558,1'
b'11-7-2023 9:42:44,-0.03921,9.58549,0.76225,1'
b'11-7-2023 9:42:44,0.66289,9.86232,0.85712,1'
b'11-7-2023 9:42:45,-0.16849,9.70071,0.88107,1'
b'11-7-2023 9:42:45,0.02304,9.71387,0.92536,1'
b'11-7-2023 9:42:45,-0.0416,9.77493,1.25456,1'
b'11-7-2023 9:42:46,0.21847,9.91259,1.13605,1'
b'11-7-2023 9:42:46,-0.67157,9.77014,1.26294,1'
b'11-7-2023 9:42:46,-0.36003,9.78929,1.37218,1'
b'11-7-2023 9:42:47,0,0,0,0'
b'11-7-2023 9:42:47,0,0,0,0'
b'11-7-2023 9:42:47,0,0,0,0'
b'11-7-2023 9:42:48,0,0,0,0'
b'11-7-2023 9:42:48,0,0,0,0'
b'11-7-2023 9:42:48,-7.25802,-2.62883,1.11211,1'
b'11-7-2023 9:42:49,-8.67719,-4.9129,-0.27952,1'
b'11-7-2023 9:42:49,-9.80426,-1.9833,1.76363,1'
b'11-7-2023 9:42:49,1.75615,8.47996,-0.68205,1'
b'11-7-2023 9:42:50,0.88436,9.45021,-0.30945,1'
b'11-7-2023 9:42:50,1.00287,9.83239,0.40911,1'
b'11-7-2023 9:42:50,0.76465,9.75577,0.47495,1'
b'11-7-2023 9:42:50,0.47585,9.71627,0.34806,1'
b'11-7-2023 9:42:51,0.31184,9.87309,0.621,1'
b'11-7-2023 9:42:51,0.44353,9.78211,0.66289,1'
b'11-7-2023 9:42:51,0.56563,9.89464,0.70958,1'
b'11-7-2023 9:42:52,0.41958,9.80725,0.60903,1'
b'11-7-2023 9:42:52,0.41839,9.73662,0.5348,1'
b'11-7-2023 9:42:52,0.47824,9.81802,0.7024,1'
b'11-7-2023 9:42:53,0.31783,9.76535,0.68803,1'
b'11-7-2023 9:42:53,0,0,0,0'
b'11-7-2023 9:42:53,0,0,0,0'
b'11-7-2023 9:42:54,0,0,0,0'
b'11-7-2023 9:42:54,-2.50643,6.98419,0.50248,1'
b'11-7-2023 9:42:54,-12.48965,-5.47704,-1.24259,1'
b'11-7-2023 9:42:55,-9.124,-5.40282,-0.03771,1'
b'11-7-2023 9:42:55,-11.67143,-4.03513,0.03412,1'
b'11-7-2023 9:42:55,-2.64889,7.40317,-0.7012,1'
b'11-7-2023 9:42:56,3.79361,9.96167,0.03292,1'
b'11-7-2023 9:42:56,0.84007,9.67676,0.68564,1'
b'11-7-2023 9:42:56,0.84007,9.81802,0.73352,1'
b'11-7-2023 9:42:57,0.81134,9.72944,0.59945,1'
b'11-7-2023 9:42:57,0.88196,9.8276,0.83199,1'
b'11-7-2023 9:42:57,0.76585,9.69592,0.7,1'
b'11-7-2023 9:42:58,0.87478,9.79288,0.67606,1'
b'11-7-2023 9:42:58,0.73711,9.75577,0.85473,1'
b'11-7-2023 9:42:58,0.72275,9.76535,1.04746,1'
b'11-7-2023 9:42:59,0.82331,9.75099,0.78141,1'
b'11-7-2023 9:42:59,0,0,0,0'
b'11-7-2023 9:42:59,0,0,0,0'
b'11-7-2023 9:43:0,0,0,0,0'
b'11-7-2023 9:43:0,-2.86586,7.18889,0.65811,1'
b'11-7-2023 9:43:0,-8.12143,-3.24474,-1.41737,1'
b'11-7-2023 9:43:1,-9.23174,-5.75267,-1.07619,1'
b'11-7-2023 9:43:1,-13.75319,-5.08439,0.58029,1'
b'11-7-2023 9:43:1,-0.73382,7.99005,-0.71437,1'
b'11-7-2023 9:43:2,2.46902,9.23234,-0.69522,1'
b'11-7-2023 9:43:2,1.12857,9.6214,0.50248,1'
b'11-7-2023 9:43:2,1.22703,9.60344,0.6605,1'
b'11-7-2023 9:43:2,1.42455,9.65492,0.62578,1'
b'11-7-2023 9:43:3,1.29885,9.64773,0.6593,1'
b'11-7-2023 9:43:3,1.41737,9.70071,0.80296,1'
b'11-7-2023 9:43:3,1.43173,9.71268,0.6617,1'
b'11-7-2023 9:43:4,1.43413,9.67676,0.9493,1'
b'11-7-2023 9:43:4,1.46046,9.68395,0.70719,1'
b'11-7-2023 9:43:4,1.57299,9.79408,0.71916,1'
b'11-7-2023 9:43:5,0,0,0,0'
b'11-7-2023 9:43:5,0,0,0,0'
b'11-7-2023 9:43:5,0,0,0,0'
b'11-7-2023 9:43:6,-2.78446,7.86435,0.70719,1'
b'11-7-2023 9:43:6,-15.62276,-7.81767,-0.98043,1'
b'11-7-2023 9:43:6,-9.58998,-5.65451,-0.57072,1'
b'11-7-2023 9:43:7,-8.72627,0.60962,2.59861,1'
b'11-7-2023 9:43:7,2.82217,9.60584,-0.54079,1'
b'11-7-2023 9:43:7,1.63644,9.63696,0.47495,1'
b'11-7-2023 9:43:8,1.05076,9.75937,0.65451,1'
b'11-7-2023 9:43:8,1.09625,9.76535,0.54199,1'
b'11-7-2023 9:43:8,1.08787,9.82281,0.52164,1'
b'11-7-2023 9:43:9,0.98013,9.76655,0.62818,1'
b'11-7-2023 9:43:9,0.82211,9.68993,0.60783,1'
b'11-7-2023 9:43:9,1.12976,9.77493,0.56593,1'
b'11-7-2023 9:43:10,0.91429,9.71507,0.66888,1'
b'11-7-2023 9:43:10,0.96456,9.77732,0.63536,1'
b'11-7-2023 9:43:10,0.9909,9.77732,0.47016,1'
b'11-7-2023 9:43:11,0,0,0,0'
b'11-7-2023 9:43:11,0,0,0,0'
b'11-7-2023 9:43:11,0,0,0,0'
b'11-7-2023 9:43:12,-5.22415,5.92655,0.77782,1'
b'11-7-2023 9:43:12,-10.47972,-7.05571,-2.82007,1'
b'11-7-2023 9:43:12,-9.30596,-5.5731,-0.3732,1'
b'11-7-2023 9:43:13,-7.60279,0.06943,0.89304,1'
b'11-7-2023 9:43:13,2.02579,8.90284,-1.1564,1'
b'11-7-2023 9:43:13,4.32423,9.44662,-0.02693,1'
b'11-7-2023 9:43:14,2.41395,9.41789,0.42707,1'
b'11-7-2023 9:43:14,2.10001,9.33888,0.23044,1'
b'11-7-2023 9:43:14,2.27838,9.57591,0.54797,1'
b'11-7-2023 9:43:15,2.03896,9.59387,0.58508,1'
b'11-7-2023 9:43:15,2.17663,9.64654,0.68444,1'
b'11-7-2023 9:43:15,1.96115,9.5807,0.58508,1'
b'11-7-2023 9:43:15,2.24367,9.55915,0.48213,1'
b'11-7-2023 9:43:16,1.93003,9.54957,0.53959,1'
b'11-7-2023 9:43:16,2.15269,9.59985,0.47495,1'
b'11-7-2023 9:43:16,0,0,0,0'
b'11-7-2023 9:43:17,0,0,0,0'
b'11-7-2023 9:43:17,0,0,0,0'
b'11-7-2023 9:43:17,0,0,0,0'
b'11-7-2023 9:43:18,0,0,0,0'
b'11-7-2023 9:43:18,0,0,0,0'
b'11-7-2023 9:43:18,-2.30173,5.22475,-0.18016,1'
b'11-7-2023 9:43:19,-11.42483,-7.08085,-1.48231,1'
b'11-7-2023 9:43:19,-8.85915,-4.997,-0.17059,1'
b'11-7-2023 9:43:19,-11.05223,-1.87436,1.25815,1'
b'11-7-2023 9:43:20,-2.37355,7.17093,0.28581,1'
b'11-7-2023 9:43:20,2.89309,9.68155,0.5791,1'
b'11-7-2023 9:43:20,0.19213,9.55077,0.91818,1'
b'11-7-2023 9:43:21,0.47226,9.72106,0.89304,1'
b'11-7-2023 9:43:21,0.53211,9.81802,0.98282,1'
b'11-7-2023 9:43:21,0.5369,9.85394,0.93972,1'
b'11-7-2023 9:43:22,0.33938,9.75338,0.97564,1'
b'11-7-2023 9:43:22,0.44233,9.81683,0.92536,1'
b'11-7-2023 9:43:22,0.63895,9.81922,0.8655,1'
b'11-7-2023 9:43:23,0.31424,9.76415,0.82121,1'
b'11-7-2023 9:43:23,0.57162,9.7869,0.96606,1'
b'11-7-2023 9:43:23,0,0,0,0'
b'11-7-2023 9:43:24,0,0,0,0'
b'11-7-2023 9:43:24,0,0,0,0'
b'11-7-2023 9:43:24,-3.18668,7.67521,0.92895,1'
b'11-7-2023 9:43:25,-7.99813,-3.83162,-0.14305,1'
b'11-7-2023 9:43:25,-9.03542,-5.21726,0.40312,1'
b'11-7-2023 9:43:25,-12.30171,-2.95235,1.70258,1'
b'11-7-2023 9:43:26,-2.00095,7.82724,-0.14305,1'
b'11-7-2023 9:43:26,1.86419,10.24688,0.75866,1'
b'11-7-2023 9:43:26,0.35973,9.7869,0.72754,1'
b'11-7-2023 9:43:27,0.40881,9.72585,0.50009,1'
b'11-7-2023 9:43:27,0.39684,9.81802,0.87628,1'
b'11-7-2023 9:43:27,0.40881,9.80964,0.85114,1'
b'11-7-2023 9:43:28,0.35374,9.74021,0.76106,1'
b'11-7-2023 9:43:28,0.4136,9.80605,0.75986,1'
b'11-7-2023 9:43:28,0.31304,9.85154,0.92296,1'
b'11-7-2023 9:43:29,0.43275,9.80845,0.81044,1'
b'11-7-2023 9:43:29,0.19094,9.73183,0.76704,1'
b'11-7-2023 9:43:29,0,0,0,0'
b'11-7-2023 9:43:29,0,0,0,0'
b'11-7-2023 9:43:30,0,0,0,0'
b'11-7-2023 9:43:30,0,0,0,0'
b'11-7-2023 9:43:30,2.00065,10.35223,0.70479,1'
b'11-7-2023 9:43:31,-7.54892,2.48428,0.65212,1'
b'11-7-2023 9:43:31,-8.8783,-6.13005,0.64135,1'
b'11-7-2023 9:43:31,-10.22833,-4.9958,1.09056,1'
b'11-7-2023 9:43:32,-9.38737,0.1221,1.76243,1'
b'11-7-2023 9:43:32,1.31083,9.88745,-0.76465,1'
b'11-7-2023 9:43:32,-1.66696,9.37599,0.09397,1'
b'11-7-2023 9:43:33,-0.81762,9.69592,0.17298,1'
b'11-7-2023 9:43:33,-1.16628,9.73423,0.32651,1'
b'11-7-2023 9:43:33,-1.2369,9.79288,0.28461,1'
b'11-7-2023 9:43:34,-1.13635,9.80007,0.24241,1'
b'11-7-2023 9:43:34,-1.55294,9.62619,0.17538,1'
b'11-7-2023 9:43:34,-1.00078,9.91738,0.48572,1'
b'11-7-2023 9:43:35,-1.22733,9.79288,0.42826,1'
b'11-7-2023 9:43:35,-1.30514,9.73063,0.40432,1'
b'11-7-2023 9:43:35,0,0,0,0'
b'11-7-2023 9:43:36,0,0,0,0'
b'11-7-2023 9:43:36,0,0,0,0'
b'11-7-2023 9:43:36,0,0,0,0'
b'11-7-2023 9:43:37,0,0,0,0'
b'11-7-2023 9:43:37,-1.53019,8.41053,0.0425,1'
b'11-7-2023 9:43:37,-8.22797,-1.73669,-0.35285,1'
b'11-7-2023 9:43:38,-8.53114,-5.09157,0.59705,1'
b'11-7-2023 9:43:38,-10.82478,-3.10558,1.27372,1'
b'11-7-2023 9:43:38,-1.97342,7.48487,1.28688,1'
b'11-7-2023 9:43:39,1.8163,9.6202,-0.10355,1'
b'11-7-2023 9:43:39,0.45669,9.74261,1.4452,1'
b'11-7-2023 9:43:39,0.32382,9.64654,1.38175,1'
b'11-7-2023 9:43:40,0.54289,9.80845,1.33716,1'
b'11-7-2023 9:43:40,0.2903,9.83718,1.39732,1'
b'11-7-2023 9:43:40,0.30706,9.87429,1.30364,1'
b'11-7-2023 9:43:41,0.18375,9.71028,1.10612,1'
b'11-7-2023 9:43:41,0.21967,9.7881,1.26534,1'
b'11-7-2023 9:43:41,0.13108,9.68395,1.20787,1'
b'11-7-2023 9:43:42,0.26995,9.76774,1.26055,1'
b'11-7-2023 9:43:42,0,0,0,0'
b'11-7-2023 9:43:42,0,0,0,0'
b'11-7-2023 9:43:43,1.60172,10.24928,1.09056,1'
b'11-7-2023 9:43:43,-3.4671,7.46572,1.0343,1'
b'11-7-2023 9:43:43,-7.98017,-3.37044,-0.21129,1'
b'11-7-2023 9:43:43,-8.79211,-4.66869,0.32412,1'
b'11-7-2023 9:43:44,-11.08336,-4.44484,0.36721,1'
b'11-7-2023 9:43:44,-4.57263,5.02693,0.61262,1'
b'11-7-2023 9:43:44,3.19835,10.16398,-0.61262,1'
b'11-7-2023 9:43:45,-0.83438,9.87189,0.71198,1'
b'11-7-2023 9:43:45,0.20291,9.87309,0.35763,1'
b'11-7-2023 9:43:45,-0.14694,9.84196,0.39115,1'
b'11-7-2023 9:43:46,-0.24391,9.74979,0.32052,1'
b'11-7-2023 9:43:46,-0.35763,9.79049,0.43425,1'
b'11-7-2023 9:43:46,-0.21757,9.82401,0.46777,1'
b'11-7-2023 9:43:47,-0.08948,9.79049,0.55396,1'
b'11-7-2023 9:43:47,-0.15173,9.84436,0.37679,1'
b'11-7-2023 9:43:47,0,0,0,0'
b'11-7-2023 9:43:48,0,0,0,0'
b'11-7-2023 9:43:48,0,0,0,0'
b'11-7-2023 9:43:48,-1.51583,8.92678,0.87747,1'
b'11-7-2023 9:43:49,-8.87112,-1.7738,0.72514,1'
b'11-7-2023 9:43:49,-9.62469,-5.55515,0.46657,1'
b'11-7-2023 9:43:49,-11.1902,-4.75608,0.44981,1'
b'11-7-2023 9:43:50,-3.87442,5.21756,1.05704,1'
b'11-7-2023 9:43:50,3.91332,10.53179,-0.01856,1'
b'11-7-2023 9:43:50,0.71198,9.69233,0.64494,1'
b'11-7-2023 9:43:51,0.53211,9.84675,0.785,1'
b'11-7-2023 9:43:51,0.38367,9.71028,0.67008,1'
b'11-7-2023 9:43:51,0.30107,9.68275,0.56952,1'
b'11-7-2023 9:43:52,0.25438,9.78211,0.7,1'
b'11-7-2023 9:43:52,0.34177,9.8276,0.60184,1'
b'11-7-2023 9:43:52,0.2891,9.87908,0.88107,1'
b'11-7-2023 9:43:53,0.4136,9.88267,0.79817,1'
b'11-7-2023 9:43:53,0.28671,9.8252,0.89423,1'
b'11-7-2023 9:43:53,0,0,0,0'
b'11-7-2023 9:43:53,0,0,0,0'
b'11-7-2023 9:43:54,0,0,0,0'
b'11-7-2023 9:43:54,0,0,0,0'
b'11-7-2023 9:43:54,0,0,0,0'
b'11-7-2023 9:43:55,-7.16315,0.19184,-0.16221,1'
b'11-7-2023 9:43:55,-12.18888,-6.26293,-0.20889,1'
b'11-7-2023 9:43:55,-9.54927,-4.44723,1.08338,1'
b'11-7-2023 9:43:56,-7.27718,1.14383,0.70958,1'
b'11-7-2023 9:43:56,-0.40432,9.2096,0.38158,1'
b'11-7-2023 9:43:56,1.41737,10.18194,1.23661,1'
b'11-7-2023 9:43:57,0.58598,9.88506,1.36589,1'
b'11-7-2023 9:43:57,0.71796,9.74979,0.79936,1'
b'11-7-2023 9:43:57,0.58119,9.67168,0.6593,1'
b'11-7-2023 9:43:58,0.69043,9.81922,1.09654,1'
b'11-7-2023 9:43:58,0.48782,9.72465,0.89663,1'
b'11-7-2023 9:43:58,0.60992,9.8276,0.88705,1'
b'11-7-2023 9:43:59,0.59077,9.76056,0.83917,1'
b'11-7-2023 9:43:59,0.42318,9.65252,0.72155,1'
b'11-7-2023 9:43:59,0.64135,9.80126,0.7838,1'
b'11-7-2023 9:44:0,0,0,0,0'
b'11-7-2023 9:44:0,0,0,0,0'
b'11-7-2023 9:44:0,0,0,0,0'
b'11-7-2023 9:44:1,0,0,0,0'
b'11-7-2023 9:44:1,3.29532,10.70178,0.11672,1'
b'11-7-2023 9:44:1,-6.63014,5.26545,1.36948,1'
b'11-7-2023 9:44:2,-10.31572,-6.42334,1.68103,1'
b'11-7-2023 9:44:2,-7.87842,-5.52402,0.22805,1'
b'11-7-2023 9:44:2,-10.24748,-3.24714,1.47992,1'
b'11-7-2023 9:44:3,-1.898,7.70514,0.72275,1'
b'11-7-2023 9:44:3,2.37206,10.57609,1.54097,1'
b'11-7-2023 9:44:3,0.50458,9.86591,1.56371,1'
b'11-7-2023 9:44:4,0.56683,9.71148,1.28449,1'
b'11-7-2023 9:44:4,0.51056,9.67168,1.25576,1'
b'11-7-2023 9:44:4,0.54049,9.74859,1.29287,1'
b'11-7-2023 9:44:5,0.26037,9.63576,1.38534,1'
b'11-7-2023 9:44:5,0.65092,9.7869,1.39013,1'
b'11-7-2023 9:44:5,0.63147,9.77014,1.34434,1'
b'11-7-2023 9:44:6,0.4136,9.69113,1.50266,1'
b'11-7-2023 9:44:6,0,0,0,0'
b'11-7-2023 9:44:6,0,0,0,0'
b'11-7-2023 9:44:7,0,0,0,0'
b'11-7-2023 9:44:7,0,0,0,0'
b'11-7-2023 9:44:7,0,0,0,0'
b'11-7-2023 9:44:7,0,0,0,0'
b'11-7-2023 9:44:8,0,0,0,0'
b'11-7-2023 9:44:8,0,0,0,0'
b'11-7-2023 9:44:8,0,0,0,0'
b'11-7-2023 9:44:9,0,0,0,0'
b'11-7-2023 9:44:9,0,0,0,0'
b'11-7-2023 9:44:9,0,0,0,0'
