b'11-7-2023 10:17:40,0,0,0,0'
b'11-7-2023 10:17:41,0,0,0,0'
b'11-7-2023 10:17:41,0,0,0,0'
b'11-7-2023 10:17:41,0,0,0,0'
b'11-7-2023 10:17:42,0,0,0,0'
b'11-7-2023 10:17:42,0,0,0,0'
b'11-7-2023 10:17:42,-0.44023,9.37001,2.1051,1'
b'11-7-2023 10:17:43,10.54167,3.43987,0.6605,1'
b'11-7-2023 10:17:43,10.34056,-0.8251,1.12168,1'
b'11-7-2023 10:17:43,-0.13497,7.00454,1.01754,1'
b'11-7-2023 10:17:44,-2.08475,9.6621,0.9493,1'
b'11-7-2023 10:17:44,-1.1567,9.67407,1.23421,1'
b'11-7-2023 10:17:44,-1.80104,9.18206,0.82959,1'
b'11-7-2023 10:17:44,-0.26905,9.48852,0.96845,1'
b'11-7-2023 10:17:45,-1.26683,9.9521,1.37098,1'
b'11-7-2023 10:17:45,-1.72442,9.60823,0.90142,1'
b'11-7-2023 10:17:45,-1.19141,9.66689,0.99838,1'
b'11-7-2023 10:17:46,-0.89304,9.71747,1.09295,1'
b'11-7-2023 10:17:46,-1.65379,9.65372,0.84515,1'
b'11-7-2023 10:17:46,-1.39492,9.84196,1.00676,1'
b'11-7-2023 10:17:47,-1.49069,9.85274,1.20309,1'
b'11-7-2023 10:17:47,0,0,0,0'
b'11-7-2023 10:17:47,0,0,0,0'
b'11-7-2023 10:17:48,0,0,0,0'
b'11-7-2023 10:17:48,0,0,0,0'
b'11-7-2023 10:17:48,0,0,0,0'
b'11-7-2023 10:17:49,4.80576,3.80528,0.38158,1'
b'11-7-2023 10:17:49,11.21713,-0.28252,0.61142,1'
b'11-7-2023 10:17:49,6.35451,5.49649,1.27132,1'
b'11-7-2023 10:17:50,-7.45554,9.28741,1.59843,1'
b'11-7-2023 10:17:50,-0.47615,10.1568,0.72874,1'
b'11-7-2023 10:17:50,-1.51224,9.77732,0.17538,1'
b'11-7-2023 10:17:51,-1.02232,9.5388,0.36721,1'
b'11-7-2023 10:17:51,-1.116,9.75577,0.16939,1'
b'11-7-2023 10:17:51,-1.55174,9.77852,0.44742,1'
b'11-7-2023 10:17:52,-0.32052,9.40592,0.45101,1'
b'11-7-2023 10:17:52,-0.69073,9.68514,0.58508,1'
b'11-7-2023 10:17:52,-0.80565,10.18194,0.77303,1'
b'11-7-2023 10:17:53,-0.80206,9.73542,0.50727,1'
b'11-7-2023 10:17:53,-0.90142,9.81204,0.67606,1'
b'11-7-2023 10:17:53,-0.58299,9.76535,0.50129,1'
b'11-7-2023 10:17:54,0,0,0,0'
b'11-7-2023 10:17:54,0,0,0,0'
b'11-7-2023 10:17:54,0,0,0,0'
b'11-7-2023 10:17:55,0.77662,7.8452,1.10612,1'
b'11-7-2023 10:17:55,12.65096,-1.49578,0.37679,1'
b'11-7-2023 10:17:55,14.08569,-0.16281,1.72891,1'
b'11-7-2023 10:17:56,-2.8491,8.01549,1.99856,1'
b'11-7-2023 10:17:56,-2.67522,9.09198,1.14443,1'
b'11-7-2023 10:17:56,-2.1892,9.41789,1.04986,1'
b'11-7-2023 10:17:57,-1.82498,9.65611,1.42724,1'
b'11-7-2023 10:17:57,-1.7352,9.80246,1.35272,1'
b'11-7-2023 10:17:57,-1.74837,9.64414,1.42485,1'
b'11-7-2023 10:17:58,-1.58047,9.61541,1.34554,1'
b'11-7-2023 10:17:58,-1.47273,9.55197,1.24858,1'
b'11-7-2023 10:17:58,-1.65379,9.55197,1.31083,1'
b'11-7-2023 10:17:59,-1.8178,9.66449,1.43562,1'
b'11-7-2023 10:17:59,-1.64661,9.60584,1.4045,1'
b'11-7-2023 10:17:59,-1.73999,9.63217,1.34913,1'
b'11-7-2023 10:18:0,0,0,0,0'
b'11-7-2023 10:18:0,0,0,0,0'
b'11-7-2023 10:18:0,0,0,0,0'
b'11-7-2023 10:18:1,0,0,0,0'
b'11-7-2023 10:18:1,4.24163,6.5637,0.65451,1'
b'11-7-2023 10:18:1,10.87596,-1.06841,-0.65811,1'
b'11-7-2023 10:18:2,9.81114,2.82905,1.14563,1'
b'11-7-2023 10:18:2,-1.76872,9.98921,0.26426,1'
b'11-7-2023 10:18:2,-1.40809,10.02392,1.09535,1'
b'11-7-2023 10:18:2,-1.46675,9.61302,1.21506,1'
b'11-7-2023 10:18:3,-1.45478,9.64414,1.45119,1'
b'11-7-2023 10:18:3,-1.19501,9.63337,1.14682,1'
b'11-7-2023 10:18:3,-1.01035,9.67048,1.35751,1'
b'11-7-2023 10:18:4,-1.09804,9.73782,1.46675,1'
b'11-7-2023 10:18:4,-1.08128,9.64414,1.29766,1'
b'11-7-2023 10:18:4,-1.21775,9.63457,1.25097,1'
b'11-7-2023 10:18:5,-1.10881,9.77612,1.25696,1'
b'11-7-2023 10:18:5,-1.0331,9.73183,1.27012,1'
b'11-7-2023 10:18:5,-1.19261,9.68874,1.32998,1'
b'11-7-2023 10:18:6,0,0,0,0'
b'11-7-2023 10:18:6,0,0,0,0'
b'11-7-2023 10:18:6,0,0,0,0'
b'11-7-2023 10:18:7,0,0,0,0'
b'11-7-2023 10:18:7,1.18722,9.11862,0.89783,1'
b'11-7-2023 10:18:7,11.64839,1.2806,0.85832,1'
b'11-7-2023 10:18:8,10.39084,0.37858,1.53379,1'
b'11-7-2023 10:18:8,3.7565,6.66546,2.24995,1'
b'11-7-2023 10:18:8,-1.16508,9.5388,0.84635,1'
b'11-7-2023 10:18:9,-2.89818,9.48732,0.78021,1'
b'11-7-2023 10:18:9,-1.85491,9.58788,1.16957,1'
b'11-7-2023 10:18:9,-1.74956,9.5807,1.27372,1'
b'11-7-2023 10:18:10,-1.37936,9.5364,1.00796,1'
b'11-7-2023 10:18:10,-1.60322,9.58309,1.1552,1'
b'11-7-2023 10:18:10,-1.44281,9.54957,1.24379,1'
b'11-7-2023 10:18:11,-1.6502,9.63337,1.16119,1'
b'11-7-2023 10:18:11,-1.46914,9.61541,1.31083,1'
b'11-7-2023 10:18:11,-1.66457,9.64055,1.41886,1'
b'11-7-2023 10:18:12,-1.33028,9.56035,1.24858,1'
b'11-7-2023 10:18:12,0,0,0,0'
b'11-7-2023 10:18:12,0,0,0,0'
b'11-7-2023 10:18:13,0,0,0,0'
b'11-7-2023 10:18:13,-3.96659,9.25269,1.0343,1'
b'11-7-2023 10:18:13,9.55705,3.12383,0.07602,1'
b'11-7-2023 10:18:14,11.03637,0.00239,0.88825,1'
b'11-7-2023 10:18:14,9.2075,1.97641,0.52882,1'
b'11-7-2023 10:18:14,-1.70048,8.29082,1.66906,1'
b'11-7-2023 10:18:15,-2.91015,9.22276,1.03549,1'
b'11-7-2023 10:18:15,-2.15897,9.57471,1.25696,1'
b'11-7-2023 10:18:15,-1.2405,9.65372,0.97803,1'
b'11-7-2023 10:18:16,-1.09684,9.81323,1.04387,1'
b'11-7-2023 10:18:16,-1.46555,9.54838,1.31801,1'
b'11-7-2023 10:18:16,-1.25726,9.68993,1.29167,1'
b'11-7-2023 10:18:16,-1.38415,9.7043,1.34674,1'
b'11-7-2023 10:18:17,-1.51463,9.71747,1.45238,1'
b'11-7-2023 10:18:17,-1.42246,9.58429,1.42485,1'
b'11-7-2023 10:18:17,-1.43323,9.60225,1.4452,1'
b'11-7-2023 10:18:18,0,0,0,0'
b'11-7-2023 10:18:18,0,0,0,0'
b'11-7-2023 10:18:18,0,0,0,0'
b'11-7-2023 10:18:19,0,0,0,0'
b'11-7-2023 10:18:19,0,0,0,0'
b'11-7-2023 10:18:19,-0.38636,8.4249,1.91566,1'
b'11-7-2023 10:18:20,11.46404,1.35841,0.87508,1'
b'11-7-2023 10:18:20,9.97993,0.68145,1.12288,1'
b'11-7-2023 10:18:20,8.02297,4.21499,1.65828,1'
b'11-7-2023 10:18:21,-3.16873,9.65252,1.00317,1'
b'11-7-2023 10:18:21,-1.34105,9.58549,1.10612,1'
b'11-7-2023 10:18:21,-1.54217,9.71148,1.20787,1'
b'11-7-2023 10:18:22,-1.38295,9.51605,1.09535,1'
b'11-7-2023 10:18:22,-0.92536,9.5376,1.39732,1'
b'11-7-2023 10:18:22,-1.43323,10.06343,1.3216,1'
b'11-7-2023 10:18:23,-1.85251,9.55676,0.95888,1'
b'11-7-2023 10:18:23,-1.04746,9.75937,0.98402,1'
b'11-7-2023 10:18:23,-1.1579,9.98801,1.20069,1'
b'11-7-2023 10:18:24,-1.5697,9.72704,1.00676,1'
b'11-7-2023 10:18:24,-1.37936,9.7845,0.83677,1'
b'11-7-2023 10:18:24,0,0,0,0'
b'11-7-2023 10:18:25,-0.39474,9.39395,1.70138,1'
b'11-7-2023 10:18:25,-1.05854,9.43705,1.18274,1'
b'11-7-2023 10:18:25,-1.1579,9.76176,1.17914,1'
b'11-7-2023 10:18:26,-0.72664,9.79288,1.14443,1'
b'11-7-2023 10:18:26,-0.82839,9.71268,1.09056,1'
b'11-7-2023 10:18:26,-0.96367,9.71747,1.03789,1'
b'11-7-2023 10:18:27,-0.80685,9.76535,1.06542,1'
b'11-7-2023 10:18:27,-0.6213,9.70549,1.06422,1'
b'11-7-2023 10:18:27,-0.87388,9.81443,1.1145,1'
b'11-7-2023 10:18:28,-0.85353,9.67287,1.14922,1'
b'11-7-2023 10:18:28,-0.71228,9.77134,1.15041,1'
b'11-7-2023 10:18:28,-0.9098,9.91618,1.09774,1'
b'11-7-2023 10:18:29,-0.83558,9.63936,0.90381,1'
b'11-7-2023 10:18:29,-0.83318,9.69831,1.16238,1'
b'11-7-2023 10:18:29,-0.86191,9.68036,1.28449,1'
b'11-7-2023 10:18:30,0,0,0,0'
b'11-7-2023 10:18:30,0,0,0,0'
b'11-7-2023 10:18:30,0,0,0,0'
b'11-7-2023 10:18:31,0,0,0,0'
b'11-7-2023 10:18:31,0,0,0,0'
b'11-7-2023 10:18:31,0,0,0,0'
b'11-7-2023 10:18:32,3.49314,7.69317,1.78757,1'
b'11-7-2023 10:18:32,11.76571,0.1667,0.63536,1'
b'11-7-2023 10:18:32,11.29016,0.44921,1.6092,1'
b'11-7-2023 10:18:33,2.21613,7.50642,2.04525,1'
b'11-7-2023 10:18:33,-2.65008,9.20481,1.34075,1'
b'11-7-2023 10:18:33,-2.0225,9.44543,1.31083,1'
b'11-7-2023 10:18:34,-1.8166,9.63337,1.45957,1'
b'11-7-2023 10:18:34,-1.72682,9.50169,1.4847,1'
b'11-7-2023 10:18:34,-1.83815,9.58668,1.66666,1'
b'11-7-2023 10:18:34,-1.72562,9.41909,1.30364,1'
b'11-7-2023 10:18:35,-1.71724,9.44064,1.42126,1'
b'11-7-2023 10:18:35,-1.72562,9.74739,1.69061,1'
b'11-7-2023 10:18:35,-1.88244,9.56274,1.53738,1'
b'11-7-2023 10:18:36,-1.87885,9.52324,1.4452,1'
b'11-7-2023 10:18:36,-1.65619,9.64055,1.5673,1'
b'11-7-2023 10:18:36,0,0,0,0'
b'11-7-2023 10:18:37,0,0,0,0'
b'11-7-2023 10:18:37,0,0,0,0'
b'11-7-2023 10:18:37,0,0,0,0'
b'11-7-2023 10:18:38,0,0,0,0'
b'11-7-2023 10:18:38,0,0,0,0'
b'11-7-2023 10:18:38,0,0,0,0'
b'11-7-2023 10:18:39,-3.30909,9.3748,1.50506,1'
b'11-7-2023 10:18:39,9.07941,3.19686,0.83677,1'
b'11-7-2023 10:18:39,10.65539,-0.23822,1.09535,1'
b'11-7-2023 10:18:40,10.35851,1.24319,1.18992,1'
b'11-7-2023 10:18:40,-1.03549,8.39976,0.64374,1'
b'11-7-2023 10:18:40,-2.96402,9.46099,1.26893,1'
b'11-7-2023 10:18:41,-2.31489,9.48732,1.28688,1'
b'11-7-2023 10:18:41,-2.19638,9.42867,1.29167,1'
b'11-7-2023 10:18:41,-1.97462,9.59506,1.22703,1'
b'11-7-2023 10:18:42,-2.05602,9.4538,1.34674,1'
b'11-7-2023 10:18:42,-1.96025,9.56992,1.43443,1'
b'11-7-2023 10:18:42,-2.00335,9.4143,1.27252,1'
b'11-7-2023 10:18:43,-1.97462,9.67287,1.46675,1'
b'11-7-2023 10:18:43,-2.03208,9.57471,1.30245,1'
b'11-7-2023 10:18:43,-2.15658,9.52084,1.4045,1'
b'11-7-2023 10:18:44,0,0,0,0'
b'11-7-2023 10:18:44,0,0,0,0'
b'11-7-2023 10:18:44,0,0,0,0'
b'11-7-2023 10:18:45,0,0,0,0'
b'11-7-2023 10:18:45,0,0,0,0'
b'11-7-2023 10:18:45,-0.61052,9.06924,1.99018,1'
b'11-7-2023 10:18:46,10.2388,2.37026,0.93613,1'
b'11-7-2023 10:18:46,10.33577,0.21697,1.47992,1'
b'11-7-2023 10:18:46,9.19792,2.40647,1.61758,1'
b'11-7-2023 10:18:46,-2.30053,9.10156,2.03926,1'
b'11-7-2023 10:18:47,-1.25845,9.54478,1.8594,1'
b'11-7-2023 10:18:47,-1.8178,9.39156,1.53857,1'
b'11-7-2023 10:18:47,-1.62866,9.48373,1.80194,1'
b'11-7-2023 10:18:48,-1.94469,9.47775,1.62117,1'
b'11-7-2023 10:18:48,-1.6933,9.40831,1.83426,1'
b'11-7-2023 10:18:48,-1.59603,9.56035,1.74687,1'
b'11-7-2023 10:18:49,-1.59364,9.55795,1.87975,1'
b'11-7-2023 10:18:49,-1.86568,9.52084,1.76961,1'
b'11-7-2023 10:18:49,-1.64063,9.4538,1.80553,1'
b'11-7-2023 10:18:50,-1.60082,9.60464,1.72772,1'
b'11-7-2023 10:18:50,0,0,0,0'
b'11-7-2023 10:18:50,0,0,0,0'
b'11-7-2023 10:18:51,0,0,0,0'
b'11-7-2023 10:18:51,0,0,0,0'
b'11-7-2023 10:18:51,-0.01526,9.27663,1.43562,1'
b'11-7-2023 10:18:52,8.24204,5.13107,0.73233,1'
b'11-7-2023 10:18:52,10.62906,0.60962,1.35871,1'
b'11-7-2023 10:18:52,11.18122,0.18944,0.50129,1'
b'11-7-2023 10:18:53,5.00448,6.53976,1.57808,1'
b'11-7-2023 10:18:53,-2.5998,9.64534,1.75285,1'
b'11-7-2023 10:18:53,-0.96845,9.77732,1.59843,1'
b'11-7-2023 10:18:54,-1.16628,9.50408,1.25576,1'
b'11-7-2023 10:18:54,-1.83815,9.57471,1.16119,1'
b'11-7-2023 10:18:54,-1.08487,9.72106,0.49291,1'
b'11-7-2023 10:18:55,-1.31591,9.60943,0.63536,1'
b'11-7-2023 10:18:55,-0.72664,9.58908,0.6605,1'
b'11-7-2023 10:18:55,-0.64524,9.75937,0.72155,1'
b'11-7-2023 10:18:56,-0.81762,9.71866,0.9505,1'
b'11-7-2023 10:18:56,-1.08607,9.67527,0.93134,1'
b'11-7-2023 10:18:56,0,0,0,0'
b'11-7-2023 10:18:57,0,0,0,0'
b'11-7-2023 10:18:57,0,0,0,0'
b'11-7-2023 10:18:57,0,0,0,0'
b'11-7-2023 10:18:58,8.78103,3.37523,0.13467,1'
b'11-7-2023 10:18:58,10.98969,0.85293,0.71078,1'
b'11-7-2023 10:18:58,11.34552,1.53678,0.24122,1'
b'11-7-2023 10:18:58,-2.13862,8.93516,1.84743,1'
b'11-7-2023 10:18:59,-0.67876,9.54957,1.31921,1'
b'11-7-2023 10:18:59,-0.95409,9.6226,1.4464,1'
b'11-7-2023 10:18:59,-0.93494,9.73303,1.67385,1'
b'11-7-2023 10:19:0,-1.04627,9.71387,1.57209,1'
b'11-7-2023 10:19:0,-0.9912,9.67796,1.58406,1'
b'11-7-2023 10:19:0,-0.90022,9.67048,1.52541,1'
b'11-7-2023 10:19:1,-1.03669,9.67527,1.78757,1'
b'11-7-2023 10:19:1,-1.05016,9.60943,1.67265,1'
b'11-7-2023 10:19:1,-1.05375,9.64055,1.66547,1'
b'11-7-2023 10:19:2,-0.96606,9.66449,1.61758,1'
b'11-7-2023 10:19:2,-1.12677,9.54119,1.49308,1'
b'11-7-2023 10:19:2,0,0,0,0'
b'11-7-2023 10:19:3,0,0,0,0'
b'11-7-2023 10:19:3,0,0,0,0'
b'11-7-2023 10:19:3,4.64176,6.83904,1.48231,1'
b'11-7-2023 10:19:4,10.76702,0.83498,1.01155,1'
b'11-7-2023 10:19:4,10.70926,0.07901,1.03908,1'
b'11-7-2023 10:19:4,5.85502,5.33129,2.1458,1'
b'11-7-2023 10:19:5,-1.16388,9.17847,1.14084,1'
b'11-7-2023 10:19:5,-1.92314,9.4143,1.79116,1'
b'11-7-2023 10:19:5,-1.64422,9.50528,1.87735,1'
b'11-7-2023 10:19:6,-1.83456,9.43824,1.61998,1'
b'11-7-2023 10:19:6,-1.86688,9.6202,1.62596,1'
b'11-7-2023 10:19:6,-1.82019,9.52563,1.70617,1'
b'11-7-2023 10:19:7,-1.80463,9.56992,1.81989,1'
b'11-7-2023 10:19:7,-1.7759,9.50648,1.77201,1'
b'11-7-2023 10:19:7,-1.57688,9.51366,1.86179,1'
b'11-7-2023 10:19:8,-1.71485,9.51246,1.7744,1'
b'11-7-2023 10:19:8,-1.64781,9.50408,1.67385,1'
b'11-7-2023 10:19:8,0,0,0,0'
b'11-7-2023 10:19:9,0,0,0,0'
b'11-7-2023 10:19:9,0,0,0,0'
b'11-7-2023 10:19:9,0,0,0,0'
b'11-7-2023 10:19:10,0,0,0,0'
b'11-7-2023 10:19:10,2.22332,8.37103,1.14922,1'
b'11-7-2023 10:19:10,9.2075,3.37762,0.38996,1'
b'11-7-2023 10:19:11,10.035,-0.15682,1.14922,1'
b'11-7-2023 10:19:11,9.58938,1.21685,1.23661,1'
b'11-7-2023 10:19:11,0.67726,7.71112,1.61998,1'
b'11-7-2023 10:19:11,-2.73148,9.30297,1.52541,1'
b'11-7-2023 10:19:12,-2.07877,9.33769,1.4045,1'
b'11-7-2023 10:19:12,-1.96863,9.47176,1.3635,1'
b'11-7-2023 10:19:12,-1.74477,9.50767,1.6942,1'
b'11-7-2023 10:19:13,-1.72802,9.41191,1.40809,1'
b'11-7-2023 10:19:13,-1.81899,9.60464,1.55174,1'
b'11-7-2023 10:19:13,-1.82019,9.43465,1.42964,1'
b'11-7-2023 10:19:14,-1.76273,9.62619,1.58047,1'
b'11-7-2023 10:19:14,-1.9004,9.4562,1.46196,1'
b'11-7-2023 10:19:14,-1.81062,9.57591,1.68821,1'
b'11-7-2023 10:19:15,0,0,0,0'
b'11-7-2023 10:19:15,0,0,0,0'
b'11-7-2023 10:19:15,0,0,0,0'
b'11-7-2023 10:19:16,0,0,0,0'
b'11-7-2023 10:19:16,0,0,0,0'
b'11-7-2023 10:19:16,5.04758,7.20685,0.97205,1'
b'11-7-2023 10:19:17,11.15489,0.454,1.64152,1'
b'11-7-2023 10:19:17,9.67587,-0.89214,0.99479,1'
b'11-7-2023 10:19:17,5.09187,5.71795,1.15879,1'
b'11-7-2023 10:19:18,-2.46932,9.31135,1.25935,1'
b'11-7-2023 10:19:18,-0.85593,9.28501,1.03549,1'
b'11-7-2023 10:19:18,-1.81301,9.41669,1.26414,1'
b'11-7-2023 10:19:19,-1.61788,9.56873,1.31921,1'
b'11-7-2023 10:19:19,-1.57449,9.57711,1.29287,1'
b'11-7-2023 10:19:19,-1.6909,9.49929,1.29407,1'
b'11-7-2023 10:19:20,-1.66217,9.55316,1.43682,1'
b'11-7-2023 10:19:20,-1.74956,9.64055,1.44041,1'
b'11-7-2023 10:19:20,-1.53019,9.59985,1.39372,1'
b'11-7-2023 10:19:21,-1.51822,9.67796,1.53139,1'
b'11-7-2023 10:19:21,-1.75435,9.7881,1.58167,1'
b'11-7-2023 10:19:21,0,0,0,0'
b'11-7-2023 10:19:22,0,0,0,0'
b'11-7-2023 10:19:22,0,0,0,0'
b'11-7-2023 10:19:22,0,0,0,0'
b'11-7-2023 10:19:23,4.9123,7.53515,1.12647,1'
b'11-7-2023 10:19:23,11.4808,-0.40462,1.18274,1'
b'11-7-2023 10:19:23,11.67951,0.28162,0.9505,1'
b'11-7-2023 10:19:24,4.95181,7.65486,2.2308,1'
b'11-7-2023 10:19:24,-4.69832,9.55556,0.90142,1'
b'11-7-2023 10:19:24,-2.39869,9.58668,0.7862,1'
b'11-7-2023 10:19:25,-2.28018,9.54359,0.88585,1'
b'11-7-2023 10:19:25,-2.09792,9.6202,1.19471,1'
b'11-7-2023 10:19:25,-2.11228,9.54598,1.13725,1'
b'11-7-2023 10:19:25,-2.16496,9.58908,1.23301,1'
b'11-7-2023 10:19:26,-1.82498,9.38318,0.9481,1'
b'11-7-2023 10:19:26,-1.76752,9.59746,1.08577,1'
b'11-7-2023 10:19:26,-2.11228,9.59027,1.239,1'
b'11-7-2023 10:19:27,-1.88005,9.58309,1.06901,1'
b'11-7-2023 10:19:27,-2.0213,9.63696,1.21147,1'
b'11-7-2023 10:19:27,0,0,0,0'
b'11-7-2023 10:19:28,0,0,0,0'
b'11-7-2023 10:19:28,0,0,0,0'
b'11-7-2023 10:19:28,0.61711,8.91122,1.87137,1'
b'11-7-2023 10:19:29,11.92522,1.08278,0.61262,1'
b'11-7-2023 10:19:29,10.21845,-0.14485,1.05225,1'
b'11-7-2023 10:19:29,7.37743,4.17309,1.94708,1'
b'11-7-2023 10:19:30,-4.048,9.3329,1.14323,1'
b'11-7-2023 10:19:30,-0.93015,9.80964,1.5685,1'
b'11-7-2023 10:19:30,-1.31711,9.77373,1.83545,1'
b'11-7-2023 10:19:31,-1.41048,9.58429,1.60561,1'
b'11-7-2023 10:19:31,-1.38774,9.59865,1.27132,1'
b'11-7-2023 10:19:31,-1.18782,9.70549,1.444,1'
b'11-7-2023 10:19:32,-1.04627,9.63457,1.47992,1'
b'11-7-2023 10:19:32,-1.10881,9.72225,1.45957,1'
b'11-7-2023 10:19:32,-1.01155,9.70071,1.56491,1'
b'11-7-2023 10:19:33,-1.06692,9.72704,1.54097,1'
b'11-7-2023 10:19:33,-1.18184,9.73423,1.45957,1'
b'11-7-2023 10:19:33,0,0,0,0'
b'11-7-2023 10:19:34,0,0,0,0'
b'11-7-2023 10:19:34,0,0,0,0'
b'11-7-2023 10:19:34,0,0,0,0'
b'11-7-2023 10:19:35,3.12413,8.07774,1.58765,1'
b'11-7-2023 10:19:35,12.11077,0.13916,1.54935,1'
b'11-7-2023 10:19:35,9.71896,-0.79877,1.30484,1'
b'11-7-2023 10:19:36,7.07068,5.41269,1.5685,1'
b'11-7-2023 10:19:36,-4.42059,9.7019,1.44041,1'
b'11-7-2023 10:19:36,-0.55306,9.66928,1.51224,1'
b'11-7-2023 10:19:37,-1.26085,9.76774,1.78637,1'
b'11-7-2023 10:19:37,-1.12318,9.56274,1.42126,1'
b'11-7-2023 10:19:37,-1.28479,9.53162,1.74807,1'
b'11-7-2023 10:19:38,-0.72065,9.7043,1.74328,1'
b'11-7-2023 10:19:38,-0.92416,9.66928,1.4883,1'
b'11-7-2023 10:19:38,-0.94691,9.78091,1.57449,1'
b'11-7-2023 10:19:39,-0.49321,9.68634,1.82947,1'
b'11-7-2023 10:19:39,-1.19141,9.35804,1.33118,1'
b'11-7-2023 10:19:39,-0.97923,9.66809,1.6092,1'
b'11-7-2023 10:19:40,0,0,0,0'
b'11-7-2023 10:19:40,0,0,0,0'
b'11-7-2023 10:19:40,0,0,0,0'
b'11-7-2023 10:19:41,0,0,0,0'
b'11-7-2023 10:19:41,10.37408,2.18231,1.24738,1'
b'11-7-2023 10:19:41,9.60973,-0.20231,0.8248,1'
b'11-7-2023 10:19:42,11.69508,1.27222,0.3696,1'
b'11-7-2023 10:19:42,-0.77812,8.69095,1.31083,1'
b'11-7-2023 10:19:42,-1.90878,9.49331,1.11809,1'
b'11-7-2023 10:19:42,-1.28838,9.37839,1.01634,1'
b'11-7-2023 10:19:43,-1.54217,9.68395,1.29167,1'
b'11-7-2023 10:19:43,-1.51463,9.61541,1.47273,1'
b'11-7-2023 10:19:43,-1.55054,9.48852,0.97803,1'
b'11-7-2023 10:19:44,-1.67774,9.68155,1.4057,1'
b'11-7-2023 10:19:44,-0.90381,9.76535,1.32998,1'
b'11-7-2023 10:19:44,-1.41886,9.59746,1.37457,1'
b'11-7-2023 10:19:45,-1.30993,9.72585,1.31083,1'
b'11-7-2023 10:19:45,-1.35063,9.70071,1.23062,1'
b'11-7-2023 10:19:45,-1.43562,9.62499,1.13725,1'
b'11-7-2023 10:19:46,0,0,0,0'
b'11-7-2023 10:19:46,0,0,0,0'
b'11-7-2023 10:19:46,0,0,0,0'
b'11-7-2023 10:19:47,0,0,0,0'
b'11-7-2023 10:19:47,9.39784,2.21942,0.91219,1'
b'11-7-2023 10:19:47,9.32242,-0.11851,0.81163,1'
b'11-7-2023 10:19:48,10.30105,3.40874,1.77081,1'
b'11-7-2023 10:19:48,-4.54509,9.53521,1.03789,1'
b'11-7-2023 10:19:48,-0.86311,9.51246,0.63177,1'
b'11-7-2023 10:19:49,-1.18782,9.76176,0.95648,1'
b'11-7-2023 10:19:49,-0.91219,9.69352,0.82121,1'
b'11-7-2023 10:19:49,-0.97803,9.77493,0.99838,1'
b'11-7-2023 10:19:50,-0.90621,9.80126,1.06781,1'
b'11-7-2023 10:19:50,-1.02352,9.66569,0.89902,1'
b'11-7-2023 10:19:50,-0.7841,9.70909,1.04387,1'
b'11-7-2023 10:19:51,-0.74699,9.67168,0.96606,1'
b'11-7-2023 10:19:51,-0.68714,9.75218,1.09056,1'
b'11-7-2023 10:19:51,-0.60094,9.74739,0.96367,1'
b'11-7-2023 10:19:52,-0.83677,9.76655,0.93733,1'
b'11-7-2023 10:19:52,0,0,0,0'
b'11-7-2023 10:19:52,0,0,0,0'
b'11-7-2023 10:19:53,0,0,0,0'
b'11-7-2023 10:19:53,2.58275,8.44405,0.92416,1'
b'11-7-2023 10:19:53,12.61026,-0.29568,1.21027,1'
b'11-7-2023 10:19:53,10.779,-0.55216,0.68803,1'
b'11-7-2023 10:19:54,4.23684,5.61141,1.27491,1'
b'11-7-2023 10:19:54,-2.6417,9.39634,1.03908,1'
b'11-7-2023 10:19:54,-1.02592,9.6609,1.20668,1'
b'11-7-2023 10:19:55,-1.24409,9.64654,1.1995,1'
b'11-7-2023 10:19:55,-0.98043,9.71866,1.12168,1'
b'11-7-2023 10:19:55,-1.0331,9.75937,1.2378,1'
b'11-7-2023 10:19:56,-1.02592,9.57471,0.95888,1'
b'11-7-2023 10:19:56,-0.8667,9.82999,1.05105,1'
b'11-7-2023 10:19:56,-0.95529,9.83478,1.16238,1'
b'11-7-2023 10:19:57,-1.00676,9.66928,1.14563,1'
b'11-7-2023 10:19:57,-1.00796,9.74739,1.14922,1'
b'11-7-2023 10:19:57,-0.94691,9.6214,0.9912,1'
b'11-7-2023 10:19:58,0,0,0,0'
b'11-7-2023 10:19:58,0,0,0,0'
b'11-7-2023 10:19:58,0,0,0,0'
b'11-7-2023 10:19:59,7.1425,5.64972,1.61279,1'
b'11-7-2023 10:19:59,10.86758,-1.53648,1.54456,1'
b'11-7-2023 10:19:59,12.91193,-1.06961,2.0249,1'
b'11-7-2023 10:20:0,2.07847,7.05242,1.83426,1'
b'11-7-2023 10:20:0,-1.69569,9.52922,1.1971,1'
b'11-7-2023 10:20:0,-1.24528,9.47655,1.04627,1'
b'11-7-2023 10:20:1,-0.94451,9.55316,1.13126,1'
b'11-7-2023 10:20:1,-0.91578,9.62499,1.27132,1'
b'11-7-2023 10:20:1,-0.7841,9.88386,1.09176,1'
b'11-7-2023 10:20:2,-1.01634,9.67168,1.16717,1'
b'11-7-2023 10:20:2,-0.83318,9.76056,1.12049,1'
b'11-7-2023 10:20:2,-0.92656,9.71268,1.12288,1'
b'11-7-2023 10:20:3,-0.83199,9.71268,1.14563,1'
b'11-7-2023 10:20:3,-0.69552,9.76056,1.0331,1'
b'11-7-2023 10:20:3,-0.70509,9.7869,1.239,1'
b'11-7-2023 10:20:4,0,0,0,0'
b'11-7-2023 10:20:4,0,0,0,0'
b'11-7-2023 10:20:4,0,0,0,0'
b'11-7-2023 10:20:4,3.37193,8.09569,2.20326,1'
b'11-7-2023 10:20:5,11.37545,1.08996,1.09894,1'
b'11-7-2023 10:20:5,11.08066,-0.27054,1.00317,1'
b'11-7-2023 10:20:5,7.20715,4.56694,1.88813,1'
b'11-7-2023 10:20:6,-3.84778,9.93893,1.12049,1'
b'11-7-2023 10:20:6,-1.96983,9.48014,1.25576,1'
b'11-7-2023 10:20:6,-1.9399,9.55795,1.66307,1'
b'11-7-2023 10:20:7,-1.94589,9.5376,1.37936,1'
b'11-7-2023 10:20:7,-1.76632,9.6214,1.30484,1'
b'11-7-2023 10:20:7,-1.66217,9.51127,1.35991,1'
b'11-7-2023 10:20:8,-1.96504,9.60584,1.25576,1'
b'11-7-2023 10:20:8,-1.63823,9.61781,1.32399,1'
b'11-7-2023 10:20:8,-1.96265,9.4981,1.38415,1'
b'11-7-2023 10:20:9,-1.77111,9.60703,1.14682,1'
b'11-7-2023 10:20:9,-1.84533,9.5376,1.1564,1'
b'11-7-2023 10:20:9,0,0,0,0'
b'11-7-2023 10:20:10,0,0,0,0'
b'11-7-2023 10:20:10,0,0,0,0'
b'11-7-2023 10:20:10,0,0,0,0'
b'11-7-2023 10:20:11,1.70587,8.7137,1.14084,1'
b'11-7-2023 10:20:11,8.86363,1.79775,1.09295,1'
b'11-7-2023 10:20:11,9.50558,-0.73891,0.84874,1'
b'11-7-2023 10:20:12,9.1668,4.20901,2.03328,1'
b'11-7-2023 10:20:12,-1.12198,8.88249,1.10014,1'
b'11-7-2023 10:20:12,-1.67893,9.23354,1.37697,1'
b'11-7-2023 10:20:12,-2.28257,9.58549,1.14563,1'
b'11-7-2023 10:20:13,-1.76752,9.60703,1.20548,1'
b'11-7-2023 10:20:13,-1.8178,9.4562,1.38056,1'
b'11-7-2023 10:20:13,-1.34225,9.78091,1.46914,1'
b'11-7-2023 10:20:14,-1.50865,9.67407,1.40929,1'
b'11-7-2023 10:20:14,-1.6526,9.46338,1.17555,1'
b'11-7-2023 10:20:14,-1.61908,9.54598,1.23661,1'
b'11-7-2023 10:20:15,-1.3626,9.56633,1.37218,1'
b'11-7-2023 10:20:15,-1.52062,9.55795,1.27491,1'
b'11-7-2023 10:20:15,0,0,0,0'
b'11-7-2023 10:20:16,0,0,0,0'
b'11-7-2023 10:20:16,0,0,0,0'
b'11-7-2023 10:20:16,0,0,0,0'
b'11-7-2023 10:20:17,2.11438,8.07534,0.62698,1'
b'11-7-2023 10:20:17,11.83873,0.09577,0.07482,1'
b'11-7-2023 10:20:17,10.43872,-1.29826,1.40809,1'
b'11-7-2023 10:20:18,8.85885,3.50481,1.17196,1'
b'11-7-2023 10:20:18,-4.63727,9.47416,1.23421,1'
b'11-7-2023 10:20:18,-2.54354,9.40712,1.02352,1'
b'11-7-2023 10:20:19,-2.76171,9.31973,0.80774,1'
b'11-7-2023 10:20:19,-2.04285,9.55436,0.96007,1'
b'11-7-2023 10:20:19,-2.1075,9.41071,1.07859,1'
b'11-7-2023 10:20:20,-2.273,9.42029,0.97444,1'
b'11-7-2023 10:20:20,-2.28257,9.51845,1.23421,1'
b'11-7-2023 10:20:20,-2.22751,9.48613,0.93613,1'
b'11-7-2023 10:20:21,-2.1051,9.64893,0.83797,1'
b'11-7-2023 10:20:21,-1.9387,9.79528,1.24139,1'
b'11-7-2023 10:20:21,-1.99736,9.54718,1.1995,1'
b'11-7-2023 10:20:22,0,0,0,0'
b'11-7-2023 10:20:22,0,0,0,0'
b'11-7-2023 10:20:22,0,0,0,0'
b'11-7-2023 10:20:23,5.51594,7.16255,1.05824,1'
b'11-7-2023 10:20:23,11.95036,0.94272,2.03447,1'
b'11-7-2023 10:20:23,9.02285,-1.8995,0.80655,1'
b'11-7-2023 10:20:24,7.86824,4.6232,1.84862,1'
b'11-7-2023 10:20:24,-1.10881,8.41412,1.37577,1'
b'11-7-2023 10:20:24,-3.35098,8.89566,1.69779,1'
b'11-7-2023 10:20:25,-3.22379,9.09797,1.47632,1'
b'11-7-2023 10:20:25,-3.08134,9.2084,1.56371,1'
b'11-7-2023 10:20:25,-2.69677,9.31015,1.38295,1'
b'11-7-2023 10:20:25,-2.81438,9.24671,1.70617,1'
b'11-7-2023 10:20:26,-2.8096,9.19882,1.53379,1'
b'11-7-2023 10:20:26,-2.59262,9.2898,1.58047,1'
b'11-7-2023 10:20:26,-2.42383,9.32572,1.51224,1'
b'11-7-2023 10:20:27,-2.69916,8.88369,1.4847,1'
b'11-7-2023 10:20:27,-2.37116,9.57591,2.06799,1'
b'11-7-2023 10:20:27,0,0,0,0'
b'11-7-2023 10:20:28,0,0,0,0'
b'11-7-2023 10:20:28,0,0,0,0'
b'11-7-2023 10:20:28,-3.6742,9.43345,2.01532,1'
b'11-7-2023 10:20:29,9.98352,0.31873,0.5372,1'
b'11-7-2023 10:20:29,10.02662,-1.01813,2.05123,1'
b'11-7-2023 10:20:29,8.1355,4.63069,2.20925,1'
b'11-7-2023 10:20:30,-6.33207,9.51246,2.16975,1'
b'11-7-2023 10:20:30,-0.73382,9.65851,1.70377,1'
b'11-7-2023 10:20:30,-0.52912,9.70549,1.25336,1'
b'11-7-2023 10:20:31,-2.45376,9.52443,1.21985,1'
b'11-7-2023 10:20:31,-1.40091,9.58788,1.30604,1'
b'11-7-2023 10:20:31,-1.49787,9.62499,1.26414,1'
b'11-7-2023 10:20:32,-1.38056,9.58309,1.3204,1'
b'11-7-2023 10:20:32,-1.21057,9.59746,0.88226,1'
b'11-7-2023 10:20:32,-1.25486,9.70071,1.22583,1'
b'11-7-2023 10:20:33,-1.10283,9.67407,1.33956,1'
b'11-7-2023 10:20:33,-1.27521,9.66809,1.21625,1'
b'11-7-2023 10:20:33,0,0,0,0'
b'11-7-2023 10:20:34,0,0,0,0'
b'11-7-2023 10:20:34,0,0,0,0'
b'11-7-2023 10:20:34,13.86901,-0.8263,0.67965,1'
b'11-7-2023 10:20:35,9.56065,-1.57628,1.10612,1'
b'11-7-2023 10:20:35,9.66629,3.28425,2.2703,1'
b'11-7-2023 10:20:35,-3.52337,9.50289,2.14341,1'
b'11-7-2023 10:20:36,-2.13383,9.44782,1.70617,1'
b'11-7-2023 10:20:36,-2.09672,9.59147,1.68582,1'
b'11-7-2023 10:20:36,-1.62267,9.62619,1.70138,1'
b'11-7-2023 10:20:37,-2.0225,9.49451,1.529,1'
b'11-7-2023 10:20:37,-1.46555,9.59626,1.7337,1'
b'11-7-2023 10:20:37,-1.63943,9.36642,1.6535,1'
b'11-7-2023 10:20:38,-1.62985,9.30058,1.34315,1'
b'11-7-2023 10:20:38,-1.58646,9.55556,1.58765,1'
b'11-7-2023 10:20:38,-1.97581,9.47894,1.53857,1'
b'11-7-2023 10:20:39,-1.70048,9.62499,1.57209,1'
b'11-7-2023 10:20:39,-1.55054,9.4538,1.5673,1'
b'11-7-2023 10:20:39,0,0,0,0'
b'11-7-2023 10:20:40,0,0,0,0'
b'11-7-2023 10:20:40,-2.71951,9.68036,1.76483,1'
b'11-7-2023 10:20:40,6.79265,5.67605,1.4033,1'
b'11-7-2023 10:20:41,9.71657,-2.14401,1.45957,1'
b'11-7-2023 10:20:41,11.96353,-0.84186,1.54097,1'
b'11-7-2023 10:20:41,-0.76734,8.33631,1.5697,1'
b'11-7-2023 10:20:42,-2.601,9.18805,1.21625,1'
b'11-7-2023 10:20:42,-2.3532,9.6609,1.41288,1'
b'11-7-2023 10:20:42,-2.41545,9.52084,1.61279,1'
b'11-7-2023 10:20:43,-2.20596,9.44662,1.64631,1'
b'11-7-2023 10:20:43,-1.88962,9.4143,1.15401,1'
b'11-7-2023 10:20:43,-1.75914,9.44303,1.33237,1'
b'11-7-2023 10:20:44,-2.1892,9.67287,1.53738,1'
b'11-7-2023 10:20:44,-2.19638,9.68634,1.44161,1'
b'11-7-2023 10:20:44,-2.19997,9.46458,1.5266,1'
b'11-7-2023 10:20:45,-2.15418,9.43585,1.32758,1'
b'11-7-2023 10:20:45,0,0,0,0'
b'11-7-2023 10:20:45,0,0,0,0'
b'11-7-2023 10:20:46,0,0,0,0'
b'11-7-2023 10:20:46,0,0,0,0'
b'11-7-2023 10:20:46,0,0,0,0'
b'11-7-2023 10:20:47,0,0,0,0'
b'11-7-2023 10:20:47,9.36193,0.69851,0.64733,1'
b'11-7-2023 10:20:47,10.38964,-1.34375,1.1133,1'
b'11-7-2023 10:20:47,6.54844,5.50128,2.33734,1'
b'11-7-2023 10:20:48,-3.29083,9.55556,1.74926,1'
b'11-7-2023 10:20:48,-2.71353,9.31494,1.61758,1'
b'11-7-2023 10:20:48,-1.73161,9.35684,1.49548,1'
b'11-7-2023 10:20:49,-1.78907,9.34846,1.64392,1'
b'11-7-2023 10:20:49,-1.529,9.70549,1.58885,1'
b'11-7-2023 10:20:49,-1.76872,9.37839,1.58047,1'
b'11-7-2023 10:20:50,-1.55533,9.52084,1.67025,1'
b'11-7-2023 10:20:50,-1.28958,9.46338,1.67744,1'
b'11-7-2023 10:20:50,-1.44041,9.44064,1.5266,1'
b'11-7-2023 10:20:51,-1.39732,9.65013,1.67744,1'
b'11-7-2023 10:20:51,-1.45597,9.51725,1.58406,1'
b'11-7-2023 10:20:51,-1.51583,9.63457,1.60801,1'
b'11-7-2023 10:20:52,0,0,0,0'
b'11-7-2023 10:20:52,0,0,0,0'
b'11-7-2023 10:20:52,-2.36038,9.78929,1.69779,1'
b'11-7-2023 10:20:53,3.00323,6.03189,1.80433,1'
b'11-7-2023 10:20:53,10.30704,-1.98689,1.67744,1'
b'11-7-2023 10:20:53,12.10239,0.16191,0.61381,1'
b'11-7-2023 10:20:54,-0.2056,8.34589,1.30484,1'
b'11-7-2023 10:20:54,-2.32447,9.49211,1.22823,1'
b'11-7-2023 10:20:54,-1.80583,9.5795,1.3611,1'
b'11-7-2023 10:20:55,-2.01891,9.4562,1.51942,1'
b'11-7-2023 10:20:55,-1.71365,9.6226,1.61399,1'
b'11-7-2023 10:20:55,-1.79745,9.51127,1.56371,1'
b'11-7-2023 10:20:56,-1.67415,9.68155,1.65948,1'
b'11-7-2023 10:20:56,-1.72203,9.52802,1.56371,1'
b'11-7-2023 10:20:56,-1.48351,9.68993,1.65469,1'
b'11-7-2023 10:20:57,-1.58287,9.57112,1.63554,1'
b'11-7-2023 10:20:57,-1.66936,9.61661,1.52062,1'
b'11-7-2023 10:20:57,0,0,0,0'
b'11-7-2023 10:20:58,0,0,0,0'
b'11-7-2023 10:20:58,0,0,0,0'
b'11-7-2023 10:20:58,0,0,0,0'
b'11-7-2023 10:20:59,5.51355,6.38653,2.3517,1'
b'11-7-2023 10:20:59,10.60272,-0.60723,0.03891,1'
b'11-7-2023 10:20:59,10.34535,0.10056,0.82839,1'
b'11-7-2023 10:21:0,2.77428,7.59979,1.34434,1'
b'11-7-2023 10:21:0,-3.29831,9.65851,1.06063,1'
b'11-7-2023 10:21:0,-1.41288,9.76894,1.34315,1'
b'11-7-2023 10:21:1,-1.22733,9.5795,1.04627,1'
b'11-7-2023 10:21:1,-1.09684,9.64414,1.39013,1'
b'11-7-2023 10:21:1,-1.16867,9.69592,1.32998,1'
b'11-7-2023 10:21:2,-1.09684,9.61302,1.06901,1'
b'11-7-2023 10:21:2,-1.02113,9.64654,1.2785,1'
b'11-7-2023 10:21:2,-0.96486,9.70909,1.35033,1'
b'11-7-2023 10:21:2,-1.09086,9.57232,1.20907,1'
b'11-7-2023 10:21:3,-0.99958,9.69712,1.39372,1'
b'11-7-2023 10:21:3,-1.22374,9.64055,1.31202,1'
b'11-7-2023 10:21:3,0,0,0,0'
b'11-7-2023 10:21:4,0,0,0,0'
b'11-7-2023 10:21:4,0,0,0,0'
b'11-7-2023 10:21:4,0,0,0,0'
b'11-7-2023 10:21:5,0,0,0,0'
b'11-7-2023 10:21:5,1.86179,9.37958,2.0644,1'
b'11-7-2023 10:21:5,8.28394,3.54432,1.92165,1'
b'11-7-2023 10:21:6,10.17386,-1.74148,0.10953,1'
b'11-7-2023 10:21:6,11.03877,0.42886,1.65948,1'
b'11-7-2023 10:21:6,-0.62728,9.39156,2.01173,1'
b'11-7-2023 10:21:7,-0.96845,9.48493,1.56252,1'
b'11-7-2023 10:21:7,-1.43921,9.65971,1.42485,1'
b'11-7-2023 10:21:7,-1.29197,9.64654,1.47632,1'
b'11-7-2023 10:21:8,-1.21416,9.75697,1.66307,1'
b'11-7-2023 10:21:8,-1.13994,9.64414,1.70617,1'
b'11-7-2023 10:21:8,-1.10283,9.57232,1.55414,1'
b'11-7-2023 10:21:9,-1.17346,9.73183,1.61519,1'
b'11-7-2023 10:21:9,-1.29556,9.63696,1.54695,1'
b'11-7-2023 10:21:9,-1.23212,9.53521,1.55294,1'
b'11-7-2023 10:21:10,-1.18663,9.59147,1.5697,1'
b'11-7-2023 10:21:10,0,0,0,0'
b'11-7-2023 10:21:10,0,0,0,0'
b'11-7-2023 10:21:11,0,0,0,0'
b'11-7-2023 10:21:11,0,0,0,0'
b'11-7-2023 10:21:11,0.30706,8.93277,1.92284,1'
b'11-7-2023 10:21:12,11.25903,-0.15562,0.62339,1'
b'11-7-2023 10:21:12,10.62307,-1.42156,1.43083,1'
b'11-7-2023 10:21:12,7.56059,4.13598,2.20686,1'
b'11-7-2023 10:21:13,-2.39031,9.20122,1.54456,1'
b'11-7-2023 10:21:13,-1.69569,9.52084,1.83186,1'
b'11-7-2023 10:21:13,-1.51703,9.49211,1.08816,1'
b'11-7-2023 10:21:14,-1.34225,9.54838,1.37457,1'
b'11-7-2023 10:21:14,-1.16747,9.69472,1.43682,1'
b'11-7-2023 10:21:14,-1.01155,9.59506,1.47513,1'
b'11-7-2023 10:21:15,-1.22852,9.58429,1.4452,1'
b'11-7-2023 10:21:15,-1.0331,9.78211,1.61758,1'
b'11-7-2023 10:21:15,-1.35183,9.73901,1.80912,1'
b'11-7-2023 10:21:16,-1.18423,9.6214,1.34315,1'
b'11-7-2023 10:21:16,-1.06931,9.67287,1.37936,1'
b'11-7-2023 10:21:16,0,0,0,0'
b'11-7-2023 10:21:17,0,0,0,0'
b'11-7-2023 10:21:17,0,0,0,0'
b'11-7-2023 10:21:17,6.96773,3.50721,1.93122,1'
b'11-7-2023 10:21:17,10.16548,-2.06829,2.38762,1'
b'11-7-2023 10:21:18,13.02356,-0.58808,1.19351,1'
b'11-7-2023 10:21:18,-3.15436,8.68976,1.77081,1'
b'11-7-2023 10:21:18,-0.76734,9.745,1.61878,1'
b'11-7-2023 10:21:19,-1.83336,9.44423,1.17316,1'
b'11-7-2023 10:21:19,-1.63225,9.53401,1.37218,1'
b'11-7-2023 10:21:19,-1.37218,9.64773,1.42006,1'
b'11-7-2023 10:21:20,-1.17585,9.62858,1.2809,1'
b'11-7-2023 10:21:20,-1.44041,9.72106,1.32519,1'
b'11-7-2023 10:21:20,-2.38073,9.291,0.52403,1'
b'11-7-2023 10:21:21,-1.05614,9.97005,1.39013,1'
b'11-7-2023 10:21:21,-1.26923,9.60823,1.4464,1'
b'11-7-2023 10:21:21,-0.79368,9.77014,1.57449,1'
b'11-7-2023 10:21:22,-1.50506,9.60105,1.06781,1'
b'11-7-2023 10:21:22,0,0,0,0'
b'11-7-2023 10:21:22,0,0,0,0'
b'11-7-2023 10:21:23,0,0,0,0'
b'11-7-2023 10:21:23,1.1154,9.0022,1.05345,1'
b'11-7-2023 10:21:23,11.10341,1.13066,-0.16221,1'
b'11-7-2023 10:21:24,11.22192,-1.13066,1.56491,1'
b'11-7-2023 10:21:24,3.36954,6.58046,0.58748,1'
b'11-7-2023 10:21:24,-2.13982,10.11012,1.20309,1'
b'11-7-2023 10:21:25,-1.16628,9.909,0.81163,1'
b'11-7-2023 10:21:25,-0.18286,9.80725,0.93972,1'
b'11-7-2023 10:21:25,-0.77692,9.9114,0.57431,1'
b'11-7-2023 10:21:25,-0.72903,9.54838,0.72993,1'
b'11-7-2023 10:21:26,-0.71467,9.51965,0.81403,1'
b'11-7-2023 10:21:26,-0.14335,9.8707,0.89783,1'
b'11-7-2023 10:21:26,-0.42946,9.88745,0.77422,1'
b'11-7-2023 10:21:27,-0.46896,9.80725,1.06662,1'
b'11-7-2023 10:21:27,-0.60573,9.85513,0.96007,1'
b'11-7-2023 10:21:27,-0.577,9.8695,0.94092,1'
b'11-7-2023 10:21:28,0,0,0,0'
b'11-7-2023 10:21:28,0,0,0,0'
b'11-7-2023 10:21:28,0,0,0,0'
b'11-7-2023 10:21:29,-1.71964,9.87908,1.25696,1'
b'11-7-2023 10:21:29,6.77948,5.72753,1.64751,1'
b'11-7-2023 10:21:29,10.85561,-1.52092,0.01496,1'
b'11-7-2023 10:21:30,9.84107,2.91644,1.95187,1'
b'11-7-2023 10:21:30,-2.59142,9.89464,1.27012,1'
b'11-7-2023 10:21:30,-1.62506,9.76774,0.82959,1'
b'11-7-2023 10:21:31,-1.04627,9.77732,0.94451,1'
b'11-7-2023 10:21:31,-0.82959,9.77253,0.8655,1'
b'11-7-2023 10:21:31,-0.7865,9.74979,0.9912,1'
b'11-7-2023 10:21:32,-0.8691,9.72106,0.82361,1'
b'11-7-2023 10:21:32,-0.85234,9.73303,0.76465,1'
b'11-7-2023 10:21:32,-0.65003,9.70909,0.99838,1'
b'11-7-2023 10:21:33,-0.75178,9.78091,0.99479,1'
b'11-7-2023 10:21:33,-0.76614,9.73542,0.98881,1'
b'11-7-2023 10:21:33,-0.78171,9.73662,0.87628,1'
b'11-7-2023 10:21:34,0,0,0,0'
b'11-7-2023 10:21:34,0,0,0,0'
b'11-7-2023 10:21:34,0,0,0,0'
b'11-7-2023 10:21:35,5.1206,7.00693,0.61621,1'
b'11-7-2023 10:21:35,10.99447,0.15473,0.51685,1'
b'11-7-2023 10:21:35,10.93821,-0.34237,1.01394,1'
b'11-7-2023 10:21:36,4.15184,6.95785,1.03669,1'
b'11-7-2023 10:21:36,-2.52319,9.90182,0.65691,1'
b'11-7-2023 10:21:36,-1.3626,9.67287,0.92416,1'
b'11-7-2023 10:21:37,-0.54708,9.68514,0.93015,1'
b'11-7-2023 10:21:37,-0.57102,9.63576,1.19231,1'
b'11-7-2023 10:21:37,-0.84755,9.61781,0.90501,1'
b'11-7-2023 10:21:37,-0.72065,9.69951,1.21865,1'
b'11-7-2023 10:21:38,-0.56982,9.79288,1.22224,1'
b'11-7-2023 10:21:38,-0.64284,9.70549,1.22942,1'
b'11-7-2023 10:21:38,-0.64284,9.66449,1.14323,1'
b'11-7-2023 10:21:39,-0.80565,9.66689,1.15281,1'
b'11-7-2023 10:21:39,-0.69552,9.68634,0.96606,1'
b'11-7-2023 10:21:39,0,0,0,0'
b'11-7-2023 10:21:40,0,0,0,0'
b'11-7-2023 10:21:40,0,0,0,0'
b'11-7-2023 10:21:40,0,0,0,0'
b'11-7-2023 10:21:41,0,0,0,0'
b'11-7-2023 10:21:41,0,0,0,0'
b'11-7-2023 10:21:41,8.17021,3.04243,0.53241,1'
b'11-7-2023 10:21:42,10.46745,-1.55713,1.54097,1'
b'11-7-2023 10:21:42,10.00268,1.21925,0.25827,1'
b'11-7-2023 10:21:42,-0.4522,8.7113,1.11091,1'
b'11-7-2023 10:21:43,-1.91955,9.50767,1.22224,1'
b'11-7-2023 10:21:43,-1.94589,9.67287,1.23182,1'
b'11-7-2023 10:21:43,-1.64422,9.62858,1.24259,1'
b'11-7-2023 10:21:44,-1.55533,9.83957,1.21027,1'
b'11-7-2023 10:21:44,-1.59963,9.63098,1.11211,1'
b'11-7-2023 10:21:44,-1.20817,9.63457,1.18154,1'
b'11-7-2023 10:21:45,-1.35542,9.62978,1.16478,1'
b'11-7-2023 10:21:45,-1.38056,9.68514,0.99958,1'
b'11-7-2023 10:21:45,-1.43562,9.8695,1.32519,1'
b'11-7-2023 10:21:46,-1.28479,9.52922,1.04507,1'
b'11-7-2023 10:21:46,-1.17226,9.65731,1.05225,1'
b'11-7-2023 10:21:46,0,0,0,0'
b'11-7-2023 10:21:47,0,0,0,0'
b'11-7-2023 10:21:47,1.7346,8.88967,0.82241,1'
b'11-7-2023 10:21:47,12.01859,0.13797,1.07021,1'
b'11-7-2023 10:21:48,10.46266,-1.86239,1.00916,1'
b'11-7-2023 10:21:48,9.98113,1.80732,1.5266,1'
b'11-7-2023 10:21:48,-5.35703,8.7939,1.15401,1'
b'11-7-2023 10:21:49,-0.9505,9.14735,1.24379,1'
b'11-7-2023 10:21:49,-2.29813,9.54478,0.84874,1'
b'11-7-2023 10:21:49,-2.20596,9.50528,1.06422,1'
b'11-7-2023 10:21:50,-2.07517,9.37839,0.80774,1'
b'11-7-2023 10:21:50,-2.04285,9.44782,1.0307,1'
b'11-7-2023 10:21:50,-1.7771,9.47176,1.07739,1'
b'11-7-2023 10:21:51,-1.73999,9.67916,1.16478,1'
b'11-7-2023 10:21:51,-1.86927,9.52443,0.88825,1'
b'11-7-2023 10:21:51,-1.53259,9.57112,1.13485,1'
b'11-7-2023 10:21:51,-1.60561,9.68395,1.20787,1'
b'11-7-2023 10:21:52,0,0,0,0'
b'11-7-2023 10:21:52,0,0,0,0'
b'11-7-2023 10:21:52,0,0,0,0'
b'11-7-2023 10:21:53,0.3717,8.95551,1.43203,1'
b'11-7-2023 10:21:53,7.91972,3.386,1.01873,1'
b'11-7-2023 10:21:53,10.67096,-2.25414,0.80056,1'
b'11-7-2023 10:21:54,12.38491,-1.02053,1.02232,1'
b'11-7-2023 10:21:54,2.28078,6.34344,2.07278,1'
b'11-7-2023 10:21:54,-1.86688,9.42268,1.42006,1'
b'11-7-2023 10:21:55,-1.62267,9.59387,1.06542,1'
b'11-7-2023 10:21:55,-1.25965,9.6214,1.10492,1'
b'11-7-2023 10:21:55,-1.36021,9.59865,1.1576,1'
b'11-7-2023 10:21:56,-1.39133,9.71627,1.10732,1'
b'11-7-2023 10:21:56,-1.49069,9.77612,1.14203,1'
b'11-7-2023 10:21:56,-1.26803,9.62499,0.93733,1'
b'11-7-2023 10:21:57,-1.31112,9.75817,1.23182,1'
b'11-7-2023 10:21:57,-1.33387,10.11131,0.9924,1'
b'11-7-2023 10:21:57,-1.48351,9.76535,1.11091,1'
b'11-7-2023 10:21:58,0,0,0,0'
b'11-7-2023 10:21:58,0,0,0,0'
b'11-7-2023 10:21:58,0,0,0,0'
b'11-7-2023 10:21:59,0,0,0,0'
b'11-7-2023 10:21:59,9.30686,3.67719,1.00317,1'
b'11-7-2023 10:21:59,10.67096,-2.26851,1.30005,1'
b'11-7-2023 10:22:0,11.54903,-0.94002,-0.01018,1'
b'11-7-2023 10:22:0,-1.7735,7.92421,2.07996,1'
b'11-7-2023 10:22:0,-1.43083,9.60943,1.22344,1'
b'11-7-2023 10:22:1,-1.19261,9.69831,1.02352,1'
b'11-7-2023 10:22:1,-1.69689,9.84915,0.95289,1'
b'11-7-2023 10:22:1,0.02664,9.9509,1.13246,1'
b'11-7-2023 10:22:2,-1.05255,9.66809,0.84276,1'
b'11-7-2023 10:22:2,-0.61052,9.65971,0.62698,1'
b'11-7-2023 10:22:2,-0.31334,9.67407,0.6605,1'
b'11-7-2023 10:22:3,-1.03669,9.68275,0.66649,1'
b'11-7-2023 10:22:3,-0.6177,9.71028,0.84635,1'
b'11-7-2023 10:22:3,-0.57581,9.99639,0.85234,1'
b'11-7-2023 10:22:4,-0.90501,9.8695,1.00556,1'
b'11-7-2023 10:22:4,0,0,0,0'
b'11-7-2023 10:22:4,0,0,0,0'
b'11-7-2023 10:22:5,0,0,0,0'
b'11-7-2023 10:22:5,5.59375,6.37576,1.60202,1'
b'11-7-2023 10:22:5,10.95018,-2.18471,-0.79817,1'
b'11-7-2023 10:22:5,11.14411,-1.65888,0.5767,1'
b'11-7-2023 10:22:6,3.46441,7.90146,1.39612,1'
b'11-7-2023 10:22:6,-1.67055,9.45141,2.05243,1'
b'11-7-2023 10:22:6,-1.13036,9.46099,1.82708,1'
b'11-7-2023 10:22:7,-0.59735,9.58429,1.98539,1'
b'11-7-2023 10:22:7,-0.91578,9.43824,1.92643,1'
b'11-7-2023 10:22:7,-0.6596,9.59626,1.7361,1'
b'11-7-2023 10:22:8,-0.65122,9.60464,1.89531,1'
b'11-7-2023 10:22:8,-0.61531,9.66928,2.10031,1'
b'11-7-2023 10:22:8,-0.70749,9.58429,1.92045,1'
b'11-7-2023 10:22:9,-0.53391,9.51965,1.86299,1'
b'11-7-2023 10:22:9,-0.63566,9.63696,1.88813,1'
b'11-7-2023 10:22:9,-0.42228,9.68275,1.95427,1'
b'11-7-2023 10:22:10,0,0,0,0'
b'11-7-2023 10:22:10,0,0,0,0'
b'11-7-2023 10:22:10,0,0,0,0'
b'11-7-2023 10:22:11,0,0,0,0'
b'11-7-2023 10:22:11,6.16746,6.3183,1.38774,1'
b'11-7-2023 10:22:11,10.78139,-0.66349,0.14066,1'
b'11-7-2023 10:22:12,10.23042,-1.54366,-0.06644,1'
b'11-7-2023 10:22:12,4.2129,6.39731,1.08697,1'
b'11-7-2023 10:22:12,-2.03328,9.59506,0.68803,1'
b'11-7-2023 10:22:13,-1.09804,9.68514,1.01394,1'
b'11-7-2023 10:22:13,-1.00078,9.72106,1.12288,1'
b'11-7-2023 10:22:13,-0.92895,9.63696,1.16358,1'
b'11-7-2023 10:22:14,-0.76375,9.7462,1.22583,1'
b'11-7-2023 10:22:14,-0.65122,9.74859,1.19351,1'
b'11-7-2023 10:22:14,-0.52672,9.77373,1.25456,1'
b'11-7-2023 10:22:15,-0.76016,9.71627,1.18992,1'
b'11-7-2023 10:22:15,-0.83917,9.65013,1.10492,1'
b'11-7-2023 10:22:15,-0.63925,9.79647,1.26294,1'
b'11-7-2023 10:22:16,-0.73143,9.71986,1.16957,1'
b'11-7-2023 10:22:16,0,0,0,0'
b'11-7-2023 10:22:16,0,0,0,0'
b'11-7-2023 10:22:17,1.29766,8.51707,0.76944,1'
b'11-7-2023 10:22:17,12.06528,-0.17957,0.07123,1'
b'11-7-2023 10:22:17,10.88793,-2.30442,0.99359,1'
b'11-7-2023 10:22:17,10.90349,1.0337,0.31693,1'
b'11-7-2023 10:22:18,-2.55791,9.17249,1.12408,1'
b'11-7-2023 10:22:18,-0.81642,9.6621,1.09774,1'
b'11-7-2023 10:22:18,-1.0343,9.73303,0.98043,1'
b'11-7-2023 10:22:19,-0.77333,9.77852,1.16598,1'
b'11-7-2023 10:22:19,-1.04028,9.73183,0.95289,1'
b'11-7-2023 10:22:19,-0.66918,9.80246,1.13725,1'
b'11-7-2023 10:22:20,-0.6201,9.85633,1.16957,1'
b'11-7-2023 10:22:20,-0.62848,9.7845,1.04267,1'
b'11-7-2023 10:22:20,-0.55186,9.70789,1.1145,1'
b'11-7-2023 10:22:21,-0.6213,9.79408,1.01634,1'
b'11-7-2023 10:22:21,-0.64524,9.65971,1.09056,1'
b'11-7-2023 10:22:21,0,0,0,0'
b'11-7-2023 10:22:22,0,0,0,0'
b'11-7-2023 10:22:22,-1.86927,9.99759,1.22942,1'
b'11-7-2023 10:22:22,6.59872,4.42688,1.57209,1'
b'11-7-2023 10:22:23,11.06869,-1.88633,1.48949,1'
b'11-7-2023 10:22:23,13.32762,-1.80373,-0.36482,1'
b'11-7-2023 10:22:23,-2.1892,7.06559,2.05602,1'
b'11-7-2023 10:22:24,-1.27162,9.55915,0.98402,1'
b'11-7-2023 10:22:24,-1.74238,9.67647,0.91099,1'
b'11-7-2023 10:22:24,-1.64302,9.56514,0.7826,1'
b'11-7-2023 10:22:25,-1.47393,9.73782,0.97923,1'
b'11-7-2023 10:22:25,-1.31711,9.73423,1.1552,1'
b'11-7-2023 10:22:25,-1.23331,9.36283,0.84396,1'
b'11-7-2023 10:22:26,-1.24648,9.67048,1.09774,1'
b'11-7-2023 10:22:26,-0.99599,9.76056,1.11211,1'
b'11-7-2023 10:22:26,-1.58406,9.25269,0.52164,1'
b'11-7-2023 10:22:27,-1.24289,9.73782,0.89064,1'
b'11-7-2023 10:22:27,0,0,0,0'
b'11-7-2023 10:22:27,0,0,0,0'
b'11-7-2023 10:22:28,0,0,0,0'
b'11-7-2023 10:22:28,0,0,0,0'
b'11-7-2023 10:22:28,0,0,0,0'
b'11-7-2023 10:22:29,0,0,0,0'
b'11-7-2023 10:22:29,0,0,0,0'
b'11-7-2023 10:22:29,11.10221,0.13318,-0.46418,1'
b'11-7-2023 10:22:29,9.56783,-1.18932,0.50009,1'
b'11-7-2023 10:22:30,8.49971,2.87574,1.70617,1'
b'11-7-2023 10:22:30,-4.67917,9.20361,1.18393,1'
b'11-7-2023 10:22:30,-2.00215,9.46578,1.17555,1'
b'11-7-2023 10:22:31,-1.82139,9.61302,0.86072,1'
b'11-7-2023 10:22:31,-1.10283,9.94013,0.82361,1'
b'11-7-2023 10:22:31,-1.4847,9.75577,0.77662,1'
b'11-7-2023 10:22:32,-0.94332,9.89943,0.80176,1'
b'11-7-2023 10:22:32,-1.12677,9.69831,0.83199,1'
b'11-7-2023 10:22:32,-0.72664,9.81922,1.17795,1'
b'11-7-2023 10:22:33,-0.46657,9.93893,1.13605,1'
b'11-7-2023 10:22:33,-0.97205,9.84436,0.92775,1'
b'11-7-2023 10:22:33,-0.67636,9.81922,1.10253,1'
b'11-7-2023 10:22:34,-0.95648,9.67287,0.81642,1'
b'11-7-2023 10:22:34,0,0,0,0'
b'11-7-2023 10:22:34,0,0,0,0'
b'11-7-2023 10:22:35,0,0,0,0'
b'11-7-2023 10:22:35,0,0,0,0'
b'11-7-2023 10:22:35,7.54383,5.34087,1.06901,1'
b'11-7-2023 10:22:36,10.74428,-1.11749,1.693,1'
b'11-7-2023 10:22:36,11.11897,-0.7425,0.58269,1'
b'11-7-2023 10:22:36,3.58292,6.86537,2.07877,1'
b'11-7-2023 10:22:37,-3.83222,9.48972,1.83665,1'
b'11-7-2023 10:22:37,-1.60441,9.40951,1.31442,1'
b'11-7-2023 10:22:37,-1.68372,9.50169,1.27611,1'
b'11-7-2023 10:22:38,-1.47513,9.72345,1.34794,1'
b'11-7-2023 10:22:38,-1.51822,9.59027,1.61639,1'
b'11-7-2023 10:22:38,-1.16628,9.60943,1.51104,1'
b'11-7-2023 10:22:39,-1.24528,9.64295,1.56491,1'
b'11-7-2023 10:22:39,-1.12079,9.59626,1.57928,1'
b'11-7-2023 10:22:39,-1.11121,9.67916,1.59963,1'
b'11-7-2023 10:22:40,-1.06452,9.52922,1.4045,1'
b'11-7-2023 10:22:40,-1.17226,9.60703,1.5278,1'
b'11-7-2023 10:22:40,0,0,0,0'
b'11-7-2023 10:22:40,0,0,0,0'
b'11-7-2023 10:22:41,0,0,0,0'
b'11-7-2023 10:22:41,0.9514,9.06804,2.11947,1'
b'11-7-2023 10:22:41,10.70926,0.67187,-0.0425,1'
b'11-7-2023 10:22:42,9.69263,-1.54965,-0.0844,1'
b'11-7-2023 10:22:42,12.44626,-0.84186,0.18974,1'
b'11-7-2023 10:22:42,1.59214,7.90745,1.84982,1'
b'11-7-2023 10:22:43,-3.44556,9.4969,0.82959,1'
b'11-7-2023 10:22:43,-1.90758,9.6633,1.39492,1'
b'11-7-2023 10:22:43,-1.59484,9.6633,1.50506,1'
b'11-7-2023 10:22:44,-1.39372,9.7031,1.42126,1'
b'11-7-2023 10:22:44,-1.42724,9.49331,1.24618,1'
b'11-7-2023 10:22:44,-1.27282,9.61661,1.38534,1'
b'11-7-2023 10:22:45,-1.12198,9.7019,1.42246,1'
b'11-7-2023 10:22:45,-1.29556,9.65372,1.39971,1'
b'11-7-2023 10:22:45,-1.43443,9.69352,1.52541,1'
b'11-7-2023 10:22:46,-1.57449,9.5795,1.32878,1'
b'11-7-2023 10:22:46,0,0,0,0'
b'11-7-2023 10:22:46,0,0,0,0'
b'11-7-2023 10:22:47,0,0,0,0'
b'11-7-2023 10:22:47,7.20715,5.50487,1.529,1'
b'11-7-2023 10:22:47,10.27591,0.45161,1.16238,1'
b'11-7-2023 10:22:48,9.89613,-1.24558,0.44383,1'
b'11-7-2023 10:22:48,10.12837,2.11288,1.59005,1'
b'11-7-2023 10:22:48,0.57281,8.69335,1.239,1'
b'11-7-2023 10:22:49,-2.77608,9.745,2.00095,1'
b'11-7-2023 10:22:49,-1.41767,9.57711,1.4883,1'
b'11-7-2023 10:22:49,-1.5673,9.62978,1.64272,1'
b'11-7-2023 10:22:50,-1.18423,9.63098,1.49428,1'
b'11-7-2023 10:22:50,-1.17226,9.54478,1.50745,1'
b'11-7-2023 10:22:50,-1.01035,9.65013,1.4859,1'
b'11-7-2023 10:22:51,-0.66319,9.68036,1.5278,1'
b'11-7-2023 10:22:51,-1.02711,9.75099,1.63075,1'
b'11-7-2023 10:22:51,-0.92057,9.65851,1.63075,1'
b'11-7-2023 10:22:52,-1.14712,9.71148,1.46794,1'
b'11-7-2023 10:22:52,0,0,0,0'
b'11-7-2023 10:22:52,0,0,0,0'
b'11-7-2023 10:22:53,0,0,0,0'
b'11-7-2023 10:22:53,0,0,0,0'
b'11-7-2023 10:22:53,6.82288,6.37217,1.3204,1'
b'11-7-2023 10:22:54,10.59793,-0.68145,0.33369,1'
b'11-7-2023 10:22:54,10.53449,-1.79176,0.0413,1'
b'11-7-2023 10:22:54,6.3988,6.39491,0.55276,1'
b'11-7-2023 10:22:55,0.42198,9.98681,1.04746,1'
b'11-7-2023 10:22:55,0.97175,9.79647,0.71557,1'
b'11-7-2023 10:22:55,0.88436,9.65133,0.60903,1'
b'11-7-2023 10:22:55,0.7036,9.8252,0.52643,1'
b'11-7-2023 10:22:56,0.64614,9.79288,0.67247,1'
b'11-7-2023 10:22:56,0.8652,9.68993,0.54558,1'
b'11-7-2023 10:22:56,0.81493,9.64175,0.58029,1'
b'11-7-2023 10:22:57,0.65691,9.35325,-0.01018,1'
b'11-7-2023 10:22:57,0.40881,9.94611,0.41509,1'
b'11-7-2023 10:22:57,1.38385,9.97005,0.33249,1'
b'11-7-2023 10:22:58,0.59915,9.91499,0.35165,1'
b'11-7-2023 10:22:58,0,0,0,0'
b'11-7-2023 10:22:58,0,0,0,0'
b'11-7-2023 10:22:59,0,0,0,0'
b'11-7-2023 10:22:59,5.50277,6.93151,1.04986,1'
b'11-7-2023 10:22:59,10.33218,-0.39025,0.44981,1'
b'11-7-2023 10:23:0,10.12478,-2.2314,0.16939,1'
b'11-7-2023 10:23:0,4.99011,4.37062,0.37559,1'
b'11-7-2023 10:23:0,-4.13539,10.47673,1.92284,1'
b'11-7-2023 10:23:1,-0.47256,9.95329,0.86191,1'
b'11-7-2023 10:23:1,-0.37798,9.59985,0.77662,1'
b'11-7-2023 10:23:1,-0.29299,10.08258,1.30843,1'
b'11-7-2023 10:23:2,-0.09906,9.8683,0.9481,1'
b'11-7-2023 10:23:2,0.18016,9.67916,1.0331,1'
b'11-7-2023 10:23:2,-0.02963,9.6609,1.02592,1'
b'11-7-2023 10:23:3,0.01826,9.87788,1.05824,1'
b'11-7-2023 10:23:3,-0.11821,9.91738,0.82361,1'
b'11-7-2023 10:23:3,-0.23912,9.7869,0.8655,1'
b'11-7-2023 10:23:4,-0.03561,9.75338,0.95888,1'
b'11-7-2023 10:23:4,0,0,0,0'
b'11-7-2023 10:23:4,0,0,0,0'
b'11-7-2023 10:23:5,0,0,0,0'
b'11-7-2023 10:23:5,3.97916,8.1771,1.00078,1'
b'11-7-2023 10:23:5,10.31662,1.10433,-0.01616,1'
b'11-7-2023 10:23:6,10.14034,-1.75226,-0.27833,1'
b'11-7-2023 10:23:6,10.04577,0.41928,-0.09038,1'
b'11-7-2023 10:23:6,2.9326,7.64768,1.10612,1'
b'11-7-2023 10:23:7,-1.25606,9.58429,1.12049,1'
b'11-7-2023 10:23:7,-0.53391,9.73542,1.2809,1'
b'11-7-2023 10:23:7,-0.56862,9.68993,1.30723,1'
b'11-7-2023 10:23:8,-0.66679,9.60464,1.2402,1'
b'11-7-2023 10:23:8,-0.71347,9.72225,1.30484,1'
b'11-7-2023 10:23:8,-0.42108,9.64055,1.2378,1'
b'11-7-2023 10:23:9,-0.73741,9.67407,1.17914,1'
b'11-7-2023 10:23:9,-0.73263,9.76894,1.27611,1'
b'11-7-2023 10:23:9,-0.72664,9.72106,1.3635,1'
b'11-7-2023 10:23:9,-0.60693,9.7845,1.12647,1'
b'11-7-2023 10:23:10,0,0,0,0'
b'11-7-2023 10:23:10,0,0,0,0'
b'11-7-2023 10:23:10,0,0,0,0'
b'11-7-2023 10:23:11,0,0,0,0'
b'11-7-2023 10:23:11,1.25217,8.383,0.65332,1'
b'11-7-2023 10:23:11,10.73201,1.39432,-0.01018,1'
b'11-7-2023 10:23:12,10.10682,-1.74148,0.52283,1'
b'11-7-2023 10:23:12,12.30829,-0.53061,-0.23044,1'
b'11-7-2023 10:23:12,2.07128,7.55191,1.84024,1'
b'11-7-2023 10:23:13,-0.90501,9.54119,1.06542,1'
b'11-7-2023 10:23:13,-0.30257,9.73183,1.15041,1'
b'11-7-2023 10:23:13,-0.79727,9.75817,1.23661,1'
b'11-7-2023 10:23:14,-0.27743,9.79169,1.26414,1'
b'11-7-2023 10:23:14,0.14784,9.61541,1.26653,1'
b'11-7-2023 10:23:14,0.14186,9.65492,1.22942,1'
b'11-7-2023 10:23:15,0.19692,9.81443,1.13006,1'
b'11-7-2023 10:23:15,0.1658,9.71986,0.92536,1'
b'11-7-2023 10:23:15,0.02783,10.04667,0.98282,1'
b'11-7-2023 10:23:16,-0.64404,9.73782,0.76345,1'
b'11-7-2023 10:23:16,0,0,0,0'
b'11-7-2023 10:23:16,0,0,0,0'
b'11-7-2023 10:23:17,0,0,0,0'
b'11-7-2023 10:23:17,-1.50266,9.94851,0.85234,1'
b'11-7-2023 10:23:17,8.97736,3.43269,-0.03891,1'
b'11-7-2023 10:23:18,8.9606,-2.74765,0.03292,1'
b'11-7-2023 10:23:18,12.15746,-0.62159,0.04729,1'
b'11-7-2023 10:23:18,1.02322,7.78056,1.40929,1'
b'11-7-2023 10:23:19,-0.82241,9.50408,1.20428,1'
b'11-7-2023 10:23:19,-0.32052,9.76296,1.40091,1'
b'11-7-2023 10:23:19,-0.83558,9.51845,1.52421,1'
b'11-7-2023 10:23:20,-0.4534,9.57112,1.22463,1'
b'11-7-2023 10:23:20,-0.98162,9.78929,1.29526,1'
b'11-7-2023 10:23:20,-0.84156,9.73782,1.28569,1'
b'11-7-2023 10:23:21,-0.88466,9.74979,1.34075,1'
b'11-7-2023 10:23:21,-0.85234,9.6202,1.31442,1'
b'11-7-2023 10:23:21,-0.77692,9.78331,1.48231,1'
b'11-7-2023 10:23:22,-0.64524,9.71387,1.4452,1'
b'11-7-2023 10:23:22,0,0,0,0'
b'11-7-2023 10:23:22,0,0,0,0'
b'11-7-2023 10:23:23,1.56701,8.56406,1.01754,1'
b'11-7-2023 10:23:23,10.858,2.11408,0.36242,1'
b'11-7-2023 10:23:23,10.60751,-1.3629,0.42228,1'
b'11-7-2023 10:23:23,12.10718,-0.62878,1.23301,1'
b'11-7-2023 10:23:24,2.10839,7.78774,0.81762,1'
b'11-7-2023 10:23:24,-3.43837,9.65851,1.09654,1'
b'11-7-2023 10:23:24,-1.21536,9.68155,1.39133,1'
b'11-7-2023 10:23:25,-0.84635,9.70549,1.58885,1'
b'11-7-2023 10:23:25,-0.9098,9.72106,1.41647,1'
b'11-7-2023 10:23:25,-0.96965,9.63816,1.28449,1'
b'11-7-2023 10:23:26,-0.91219,9.75817,1.37816,1'
b'11-7-2023 10:23:26,-1.1148,9.56633,1.23541,1'
b'11-7-2023 10:23:26,-0.97205,9.70549,1.45238,1'
b'11-7-2023 10:23:27,-0.99359,9.63217,1.34434,1'
b'11-7-2023 10:23:27,-0.97085,9.61182,1.38534,1'
b'11-7-2023 10:23:27,0,0,0,0'
b'11-7-2023 10:23:28,0,0,0,0'
b'11-7-2023 10:23:28,0,0,0,0'
b'11-7-2023 10:23:28,0.27713,9.30656,0.92536,1'
b'11-7-2023 10:23:29,6.73519,5.45938,0.66768,1'
b'11-7-2023 10:23:29,10.35732,-0.61321,1.09774,1'
b'11-7-2023 10:23:29,10.33577,-1.83486,0.70599,1'
b'11-7-2023 10:23:30,9.69861,1.19052,0.40791,1'
b'11-7-2023 10:23:30,2.04136,8.94833,1.3204,1'
b'11-7-2023 10:23:30,-1.44281,9.63337,1.3228,1'
b'11-7-2023 10:23:31,-1.21057,9.65731,1.06303,1'
b'11-7-2023 10:23:31,-1.1579,9.77612,1.14802,1'
b'11-7-2023 10:23:31,-1.01514,9.74979,1.28569,1'
b'11-7-2023 10:23:32,-0.95409,9.73183,1.12288,1'
b'11-7-2023 10:23:32,-1.00437,9.62619,1.04627,1'
b'11-7-2023 10:23:32,-0.85114,9.69592,1.10492,1'
b'11-7-2023 10:23:33,-0.97324,9.72704,1.13365,1'
b'11-7-2023 10:23:33,-0.90501,9.66928,1.21625,1'
b'11-7-2023 10:23:33,0,0,0,0'
b'11-7-2023 10:23:34,0,0,0,0'
b'11-7-2023 10:23:34,0,0,0,0'
b'11-7-2023 10:23:34,0.77542,9.09198,0.83677,1'
b'11-7-2023 10:23:35,9.0432,4.55138,1.01514,1'
b'11-7-2023 10:23:35,10.23042,-0.6587,0.45699,1'
b'11-7-2023 10:23:35,10.943,-1.6529,1.15161,1'
b'11-7-2023 10:23:36,7.15687,5.48452,1.82827,1'
b'11-7-2023 10:23:36,-1.57329,9.79288,1.09295,1'
b'11-7-2023 10:23:36,-1.07649,9.64534,1.69899,1'
b'11-7-2023 10:23:36,-0.89184,9.7462,1.50146,1'
b'11-7-2023 10:23:37,-0.7015,9.61063,1.38774,1'
b'11-7-2023 10:23:37,-0.44742,9.83239,1.51822,1'
b'11-7-2023 10:23:37,-0.29538,9.745,1.5697,1'
b'11-7-2023 10:23:38,-0.48692,9.77373,1.53379,1'
b'11-7-2023 10:23:38,-0.36601,9.65492,1.43682,1'
b'11-7-2023 10:23:38,-0.29778,9.65851,1.59484,1'
b'11-7-2023 10:23:39,-0.52433,9.77732,1.56012,1'
b'11-7-2023 10:23:39,0,0,0,0'
b'11-7-2023 10:23:39,0,0,0,0'
b'11-7-2023 10:23:40,0,0,0,0'
b'11-7-2023 10:23:40,0,0,0,0'
b'11-7-2023 10:23:40,6.48499,6.73728,0.9074,1'
b'11-7-2023 10:23:41,10.99447,-0.92925,1.1995,1'
b'11-7-2023 10:23:41,10.21127,-1.81451,0.10475,1'
b'11-7-2023 10:23:41,6.50774,5.43424,1.84503,1'
b'11-7-2023 10:23:42,-1.72323,9.69592,1.36589,1'
b'11-7-2023 10:23:42,-1.25606,9.51965,1.35033,1'
b'11-7-2023 10:23:42,-0.54947,9.70549,1.29167,1'
b'11-7-2023 10:23:43,-0.30496,9.51486,1.06303,1'
b'11-7-2023 10:23:43,-0.49919,9.56992,1.1983,1'
b'11-7-2023 10:23:43,-0.372,9.53521,1.03789,1'
b'11-7-2023 10:23:44,-0.34686,9.65252,1.05225,1'
b'11-7-2023 10:23:44,-0.72425,9.46697,1.08816,1'
b'11-7-2023 10:23:44,-0.38158,9.83718,1.2809,1'
b'11-7-2023 10:23:45,-0.74819,9.95928,1.1157,1'
b'11-7-2023 10:23:45,-0.72065,9.68874,1.04387,1'
b'11-7-2023 10:23:45,0,0,0,0'
b'11-7-2023 10:23:46,0,0,0,0'
b'11-7-2023 10:23:46,0,0,0,0'
b'11-7-2023 10:23:46,0.84126,8.68138,0.93972,1'
b'11-7-2023 10:23:47,12.34301,-0.05866,-0.50967,1'
b'11-7-2023 10:23:47,10.42196,-0.9484,0.42467,1'
b'11-7-2023 10:23:47,6.08127,4.59328,2.29305,1'
b'11-7-2023 10:23:48,-1.93392,10.25526,1.03669,1'
b'11-7-2023 10:23:48,0.17897,9.73423,1.18633,1'
b'11-7-2023 10:23:48,0.26396,9.43226,0.68085,1'
b'11-7-2023 10:23:49,-0.10265,9.63936,0.47256,1'
b'11-7-2023 10:23:49,0.4531,9.66449,0.66529,1'
b'11-7-2023 10:23:49,0.75627,9.71148,0.50248,1'
b'11-7-2023 10:23:50,0.74789,9.86591,0.95409,1'
b'11-7-2023 10:23:50,0.84725,9.77972,0.7443,1'
b'11-7-2023 10:23:50,1.04836,9.85992,0.59825,1'
b'11-7-2023 10:23:51,0.56443,9.82401,0.61381,1'
b'11-7-2023 10:23:51,0.75507,9.68754,0.59825,1'
b'11-7-2023 10:23:51,0,0,0,0'
b'11-7-2023 10:23:52,0,0,0,0'
b'11-7-2023 10:23:52,0,0,0,0'
b'11-7-2023 10:23:52,5.34116,7.61775,0.35644,1'
b'11-7-2023 10:23:53,11.74655,0.71287,-0.13827,1'
b'11-7-2023 10:23:53,9.88536,-1.65529,-0.31574,1'
b'11-7-2023 10:23:53,6.29346,4.89884,1.46435,1'
b'11-7-2023 10:23:54,-2.69437,9.74979,1.82947,1'
b'11-7-2023 10:23:54,-0.7422,9.6202,1.31442,1'
b'11-7-2023 10:23:54,-0.6608,9.72106,1.42724,1'
b'11-7-2023 10:23:54,-0.4127,9.79408,1.50386,1'
b'11-7-2023 10:23:55,-0.30616,9.65731,1.41408,1'
b'11-7-2023 10:23:55,-0.42826,9.64295,1.30484,1'
b'11-7-2023 10:23:55,-0.4522,9.6226,1.35033,1'
b'11-7-2023 10:23:56,-0.37798,9.62858,1.23301,1'
b'11-7-2023 10:23:56,-0.60813,9.58429,1.32519,1'
b'11-7-2023 10:23:56,-0.34806,9.72944,1.45238,1'
b'11-7-2023 10:23:57,-0.30736,9.66689,1.37098,1'
b'11-7-2023 10:23:57,0,0,0,0'
b'11-7-2023 10:23:57,0,0,0,0'
b'11-7-2023 10:23:58,0,0,0,0'
b'11-7-2023 10:23:58,0,0,0,0'
b'11-7-2023 10:23:58,2.08086,8.92918,1.64751,1'
b'11-7-2023 10:23:59,8.81934,1.82438,1.18752,1'
b'11-7-2023 10:23:59,9.786,-2.05033,0.25708,1'
b'11-7-2023 10:23:59,9.27095,2.35111,1.09176,1'
b'11-7-2023 10:24:0,-2.05004,8.53982,1.37098,1'
b'11-7-2023 10:24:0,-1.21177,9.3317,1.47872,1'
b'11-7-2023 10:24:0,-1.37697,9.60105,1.56611,1'
b'11-7-2023 10:24:1,-1.2405,9.55676,1.80074,1'
b'11-7-2023 10:24:1,-0.99958,9.67647,1.64871,1'
b'11-7-2023 10:24:1,-1.10881,9.6621,1.73849,1'
b'11-7-2023 10:24:2,-0.65841,9.52204,1.53977,1'
b'11-7-2023 10:24:2,-0.72185,9.66569,1.67983,1'
b'11-7-2023 10:24:2,-0.9481,9.52204,1.60441,1'
b'11-7-2023 10:24:3,-1.13515,9.35085,1.47154,1'
b'11-7-2023 10:24:3,-1.18064,9.45141,1.25935,1'
b'11-7-2023 10:24:3,0,0,0,0'
b'11-7-2023 10:24:4,0,0,0,0'
b'11-7-2023 10:24:4,0,0,0,0'
b'11-7-2023 10:24:4,0,0,0,0'
b'11-7-2023 10:24:5,3.90494,7.03566,1.06662,1'
b'11-7-2023 10:24:5,11.88811,-1.87556,-0.07123,1'
b'11-7-2023 10:24:5,11.44847,-1.15939,0.63536,1'
b'11-7-2023 10:24:6,1.92404,7.52198,1.93392,1'
b'11-7-2023 10:24:6,-1.10762,9.32811,0.75866,1'
b'11-7-2023 10:24:6,-0.71826,9.82401,0.87508,1'
b'11-7-2023 10:24:7,-0.86072,10.00716,0.98162,1'
b'11-7-2023 10:24:7,-0.88705,9.64414,0.65571,1'
b'11-7-2023 10:24:7,-0.89064,9.49331,0.53121,1'
b'11-7-2023 10:24:8,-0.81762,9.85992,0.3696,1'
b'11-7-2023 10:24:8,-0.39355,9.75338,0.88825,1'
b'11-7-2023 10:24:8,-0.85593,10.01674,0.82001,1'
b'11-7-2023 10:24:8,-0.14096,9.80725,0.64254,1'
b'11-7-2023 10:24:9,-0.51954,9.83837,0.80176,1'
b'11-7-2023 10:24:9,-1.41767,8.97706,0.62818,1'
b'11-7-2023 10:24:9,0,0,0,0'
b'11-7-2023 10:24:10,0,0,0,0'
b'11-7-2023 10:24:10,0,0,0,0'
b'11-7-2023 10:24:10,0,0,0,0'
b'11-7-2023 10:24:11,0,0,0,0'
b'11-7-2023 10:24:11,4.30388,7.61895,-0.01257,1'
b'11-7-2023 10:24:11,11.33355,0.02514,-0.27593,1'
b'11-7-2023 10:24:12,10.1164,-1.73909,-0.26037,1'
b'11-7-2023 10:24:12,8.77864,2.66624,1.239,1'
b'11-7-2023 10:24:12,-3.81307,9.65851,1.3216,1'
b'11-7-2023 10:24:13,-0.26905,9.69472,1.06303,1'
b'11-7-2023 10:24:13,-1.13994,9.70669,1.13725,1'
b'11-7-2023 10:24:13,-0.88107,9.77612,1.08936,1'
b'11-7-2023 10:24:14,-0.91219,9.7857,1.2378,1'
b'11-7-2023 10:24:14,-1.05495,9.8288,1.20189,1'
b'11-7-2023 10:24:14,-1.02472,9.77972,1.10852,1'
b'11-7-2023 10:24:15,-1.09086,9.76296,1.23301,1'
b'11-7-2023 10:24:15,-1.06452,9.65851,1.21147,1'
b'11-7-2023 10:24:15,-1.00437,9.79767,1.2378,1'
b'11-7-2023 10:24:16,-1.07769,9.67796,1.17316,1'
b'11-7-2023 10:24:16,0,0,0,0'
b'11-7-2023 10:24:16,0,0,0,0'
b'11-7-2023 10:24:17,0,0,0,0'
b'11-7-2023 10:24:17,0,0,0,0'
b'11-7-2023 10:24:17,0,0,0,0'
b'11-7-2023 10:24:18,-0.24989,9.28741,2.10151,1'
b'11-7-2023 10:24:18,8.36295,2.32716,0.08679,1'
b'11-7-2023 10:24:18,10.25556,-1.96414,0.27025,1'
b'11-7-2023 10:24:19,8.6697,1.15939,0.63536,1'
b'11-7-2023 10:24:19,-1.0307,9.39993,1.6092,1'
b'11-7-2023 10:24:19,-2.58903,9.39395,1.55533,1'
b'11-7-2023 10:24:20,-2.04525,9.47416,1.3204,1'
b'11-7-2023 10:24:20,-2.11588,9.46578,1.34075,1'
b'11-7-2023 10:24:20,-1.99377,9.49929,1.30245,1'
b'11-7-2023 10:24:21,-1.8992,9.42867,1.37936,1'
b'11-7-2023 10:24:21,-1.90279,9.4155,1.38056,1'
b'11-7-2023 10:24:21,-1.92793,9.64295,1.61758,1'
b'11-7-2023 10:24:21,-2.01412,9.60703,1.43802,1'
b'11-7-2023 10:24:22,-2.01412,9.56633,1.50625,1'
b'11-7-2023 10:24:22,-1.96863,9.45021,1.38175,1'
b'11-7-2023 10:24:22,0,0,0,0'
b'11-7-2023 10:24:23,0,0,0,0'
b'11-7-2023 10:24:23,0,0,0,0'
b'11-7-2023 10:24:23,5.66678,7.76859,1.49428,1'
b'11-7-2023 10:24:24,9.68425,0.52942,0.95409,1'
b'11-7-2023 10:24:24,9.86022,-1.19411,0.72155,1'
b'11-7-2023 10:24:24,9.62798,2.77877,1.8582,1'
b'11-7-2023 10:24:25,-3.35218,9.15573,1.54815,1'
b'11-7-2023 10:24:25,-0.35285,9.53162,1.49069,1'
b'11-7-2023 10:24:25,-1.41168,9.60344,1.25336,1'
b'11-7-2023 10:24:26,-1.21775,9.56514,1.42126,1'
b'11-7-2023 10:24:26,-1.25247,9.6633,1.36469,1'
b'11-7-2023 10:24:26,-1.15909,9.55077,1.61639,1'
b'11-7-2023 10:24:27,-1.08248,9.65372,1.50027,1'
b'11-7-2023 10:24:27,-1.10881,9.68155,1.55414,1'
b'11-7-2023 10:24:27,-1.23571,9.55436,1.35392,1'
b'11-7-2023 10:24:28,-1.20578,9.54,1.48111,1'
b'11-7-2023 10:24:28,-1.11241,9.51127,1.529,1'
b'11-7-2023 10:24:28,0,0,0,0'
b'11-7-2023 10:24:29,0,0,0,0'
b'11-7-2023 10:24:29,0,0,0,0'
b'11-7-2023 10:24:29,7.39419,5.54078,0.68923,1'
b'11-7-2023 10:24:30,11.28776,-1.90549,1.47034,1'
b'11-7-2023 10:24:30,11.107,-1.49697,0.50607,1'
b'11-7-2023 10:24:30,5.65959,6.79115,2.19369,1'
b'11-7-2023 10:24:31,-2.39749,10.073,1.7337,1'
b'11-7-2023 10:24:31,-0.6177,9.91499,1.92165,1'
b'11-7-2023 10:24:31,-0.51715,9.72106,1.75525,1'
b'11-7-2023 10:24:31,-0.45939,9.79169,1.66307,1'
b'11-7-2023 10:24:32,-0.59256,9.60225,1.47393,1'
b'11-7-2023 10:24:32,-0.47136,9.63337,1.50865,1'
b'11-7-2023 10:24:32,-0.61531,9.63696,1.58287,1'
b'11-7-2023 10:24:33,-0.52313,9.76176,1.86059,1'
b'11-7-2023 10:24:33,-0.6608,9.62379,1.59963,1'
b'11-7-2023 10:24:33,-0.63207,9.47176,1.41886,1'
b'11-7-2023 10:24:34,-0.62489,9.8707,1.70138,1'
b'11-7-2023 10:24:34,0,0,0,0'
b'11-7-2023 10:24:34,0,0,0,0'
b'11-7-2023 10:24:35,0,0,0,0'
b'11-7-2023 10:24:35,2.36368,8.46201,1.27372,1'
b'11-7-2023 10:24:35,8.89835,2.90806,1.35871,1'
b'11-7-2023 10:24:36,10.39921,-2.07787,0.58628,1'
b'11-7-2023 10:24:36,6.81689,2.67702,0.92656,1'
b'11-7-2023 10:24:36,-1.61309,9.47296,2.12186,1'
b'11-7-2023 10:24:37,-2.10031,9.13538,2.0213,1'
b'11-7-2023 10:24:37,-2.11228,9.48493,1.85581,1'
b'11-7-2023 10:24:37,-2.05363,9.36043,1.84024,1'
b'11-7-2023 10:24:38,-1.65619,9.4574,1.97342,1'
b'11-7-2023 10:24:38,-1.77111,9.39634,1.9411,1'
b'11-7-2023 10:24:38,-1.58526,9.40472,1.96983,1'
b'11-7-2023 10:24:39,-1.67055,9.38916,1.99617,1'
b'11-7-2023 10:24:39,-1.79505,9.39156,1.96983,1'
b'11-7-2023 10:24:39,-1.91716,9.40592,2.08954,1'
b'11-7-2023 10:24:40,-1.6119,9.40472,1.94349,1'
b'11-7-2023 10:24:40,0,0,0,0'
b'11-7-2023 10:24:40,0,0,0,0'
b'11-7-2023 10:24:41,-0.08829,9.30896,1.91805,1'
b'11-7-2023 10:24:41,7.7629,4.53222,1.40809,1'
b'11-7-2023 10:24:41,9.75966,-1.06123,1.53977,1'
b'11-7-2023 10:24:42,11.00166,-0.0419,1.56491,1'
b'11-7-2023 10:24:42,2.86167,8.33871,2.4343,1'
b'11-7-2023 10:24:42,-2.83952,9.71986,1.86179,1'
b'11-7-2023 10:24:43,-2.03208,9.5388,1.82109,1'
b'11-7-2023 10:24:43,-1.84294,9.51246,2.01173,1'
b'11-7-2023 10:24:43,-1.82139,9.41669,1.96744,1'
b'11-7-2023 10:24:44,-1.94708,9.40353,1.92763,1'
b'11-7-2023 10:24:44,-1.86448,9.48493,1.95068,1'
b'11-7-2023 10:24:44,-1.4045,9.29339,1.80194,1'
b'11-7-2023 10:24:45,-1.96025,9.24192,1.95187,1'
b'11-7-2023 10:24:45,-1.6921,9.46218,2.18411,1'
b'11-7-2023 10:24:45,-1.9818,9.58549,1.94589,1'
b'11-7-2023 10:24:45,0,0,0,0'
b'11-7-2023 10:24:46,0,0,0,0'
b'11-7-2023 10:24:46,-3.0957,9.38796,2.13503,1'
b'11-7-2023 10:24:46,0.27114,8.65624,0.70599,1'
b'11-7-2023 10:24:47,11.49037,-0.08021,-0.64614,1'
b'11-7-2023 10:24:47,9.87937,-2.50074,-0.27354,1'
b'11-7-2023 10:24:47,6.75554,4.07733,0.73472,1'
b'11-7-2023 10:24:48,-3.74603,9.91978,1.91446,1'
b'11-7-2023 10:24:48,-1.83216,9.62619,1.93272,1'
b'11-7-2023 10:24:48,-2.03208,9.36522,1.67025,1'
b'11-7-2023 10:24:49,-1.96504,9.34008,1.90489,1'
b'11-7-2023 10:24:49,-1.83935,9.39036,2.03328,1'
b'11-7-2023 10:24:49,-1.79984,9.36163,1.76483,1'
b'11-7-2023 10:24:50,-2.08355,9.44423,1.9399,1'
b'11-7-2023 10:24:50,-1.79984,9.54598,2.01053,1'
b'11-7-2023 10:24:50,-1.92075,9.47176,2.15658,1'
b'11-7-2023 10:24:51,-1.8597,9.35085,1.97462,1'
b'11-7-2023 10:24:51,0,0,0,0'
b'11-7-2023 10:24:51,0,0,0,0'
b'11-7-2023 10:24:52,0,0,0,0'
b'11-7-2023 10:24:52,4.007,6.90278,1.46435,1'
b'11-7-2023 10:24:52,10.89392,-0.60124,0.34087,1'
b'11-7-2023 10:24:53,10.53928,-1.86119,0.60783,1'
b'11-7-2023 10:24:53,5.97832,4.39456,1.33956,1'
b'11-7-2023 10:24:53,-3.87202,10.13166,1.39971,1'
b'11-7-2023 10:24:54,-1.98659,9.55316,1.80194,1'
b'11-7-2023 10:24:54,-2.13862,9.52324,1.84862,1'
b'11-7-2023 10:24:54,-1.89321,9.46937,1.86059,1'
b'11-7-2023 10:24:55,-1.96265,9.3712,1.88094,1'
b'11-7-2023 10:24:55,-1.76273,9.38437,1.75405,1'
b'11-7-2023 10:24:55,-1.79864,9.455,1.92643,1'
b'11-7-2023 10:24:56,-1.71724,9.44543,1.90608,1'
b'11-7-2023 10:24:56,-1.72921,9.68275,1.91207,1'
b'11-7-2023 10:24:56,-2.17244,9.38437,1.63913,1'
b'11-7-2023 10:24:57,-1.76632,9.07762,1.53498,1'
b'11-7-2023 10:24:57,0,0,0,0'
b'11-7-2023 10:24:57,0,0,0,0'
b'11-7-2023 10:24:58,0,0,0,0'
b'11-7-2023 10:24:58,-3.31268,9.64175,1.74567,1'
b'11-7-2023 10:24:58,7.43489,4.59806,-0.10594,1'
b'11-7-2023 10:24:58,10.75984,-2.07308,-0.3313,1'
b'11-7-2023 10:24:59,7.1006,2.62315,0.4115,1'
b'11-7-2023 10:24:59,-1.75196,9.94132,0.9074,1'
b'11-7-2023 10:24:59,-1.3638,9.70789,1.32399,1'
b'11-7-2023 10:25:0,-0.3301,9.4981,1.17795,1'
b'11-7-2023 10:25:0,0.05177,9.66689,1.32639,1'
b'11-7-2023 10:25:0,-0.38876,9.87429,1.05824,1'
b'11-7-2023 10:25:1,-0.49201,9.7881,0.95768,1'
b'11-7-2023 10:25:1,-0.57461,10.0323,1.24618,1'
b'11-7-2023 10:25:1,-0.85473,9.62379,1.16238,1'
b'11-7-2023 10:25:2,0.01107,9.55556,1.2402,1'
b'11-7-2023 10:25:2,-0.40193,9.61422,1.05105,1'
b'11-7-2023 10:25:2,0.18136,9.54598,0.9493,1'
b'11-7-2023 10:25:3,0,0,0,0'
b'11-7-2023 10:25:3,0,0,0,0'
b'11-7-2023 10:25:3,0,0,0,0'
b'11-7-2023 10:25:4,0,0,0,0'
b'11-7-2023 10:25:4,4.74591,7.35768,1.62716,1'
b'11-7-2023 10:25:4,10.10084,-2.35949,-1.10373,1'
b'11-7-2023 10:25:5,11.97909,-1.96893,0.14186,1'
b'11-7-2023 10:25:5,4.56993,7.45375,1.1564,1'
b'11-7-2023 10:25:5,-2.95444,9.52683,0.69881,1'
b'11-7-2023 10:25:6,-2.42622,9.80366,1.1959,1'
b'11-7-2023 10:25:6,-2.4777,9.26825,0.53002,1'
b'11-7-2023 10:25:6,-1.61429,9.44183,0.77782,1'
b'11-7-2023 10:25:7,-1.79386,9.59626,0.7838,1'
b'11-7-2023 10:25:7,-1.63464,9.66809,0.6186,1'
b'11-7-2023 10:25:7,-1.44759,9.37719,0.67965,1'
b'11-7-2023 10:25:8,-1.53857,9.46578,0.48692,1'
b'11-7-2023 10:25:8,-1.22254,9.97484,0.93733,1'
b'11-7-2023 10:25:8,-1.63823,9.64295,0.7012,1'
b'11-7-2023 10:25:9,-1.66816,9.54239,0.67008,1'
b'11-7-2023 10:25:9,0,0,0,0'
b'11-7-2023 10:25:9,0,0,0,0'
b'11-7-2023 10:25:10,0,0,0,0'
b'11-7-2023 10:25:10,-2.84431,9.69592,1.58167,1'
b'11-7-2023 10:25:10,7.23588,4.18028,-0.21967,1'
b'11-7-2023 10:25:10,9.5798,-2.26252,-0.88346,1'
b'11-7-2023 10:25:11,12.07725,-2.08744,0.06285,1'
b'11-7-2023 10:25:11,1.4461,8.03823,0.59825,1'
b'11-7-2023 10:25:11,-3.23696,9.72465,1.47872,1'
b'11-7-2023 10:25:12,-1.88603,9.48613,1.3623,1'
b'11-7-2023 10:25:12,-1.55892,9.59147,1.59963,1'
b'11-7-2023 10:25:12,-1.93272,9.52683,1.38415,1'
b'11-7-2023 10:25:13,-1.88603,9.42029,1.24259,1'
b'11-7-2023 10:25:13,-1.55533,9.6226,1.36829,1'
b'11-7-2023 10:25:13,-1.73161,9.68275,1.56012,1'
b'11-7-2023 10:25:14,-1.6921,9.47056,1.27252,1'
b'11-7-2023 10:25:14,-1.83456,9.60703,1.36948,1'
b'11-7-2023 10:25:14,-1.72562,9.44423,1.29766,1'
b'11-7-2023 10:25:15,0,0,0,0'
b'11-7-2023 10:25:15,0,0,0,0'
b'11-7-2023 10:25:15,0,0,0,0'
b'11-7-2023 10:25:16,3.64996,8.31596,1.1576,1'
b'11-7-2023 10:25:16,9.64235,2.16316,0.09278,1'
b'11-7-2023 10:25:16,10.72243,-2.16196,0.9912,1'
b'11-7-2023 10:25:17,10.59793,-1.31382,-0.07362,1'
b'11-7-2023 10:25:17,1.35153,8.17829,1.74208,1'
b'11-7-2023 10:25:17,-3.36056,9.55676,2.05004,1'
b'11-7-2023 10:25:18,-2.03567,9.51605,1.68941,1'
b'11-7-2023 10:25:18,-2.10989,9.41909,1.76004,1'
b'11-7-2023 10:25:18,-1.94349,9.47176,1.57568,1'
b'11-7-2023 10:25:19,-1.66337,9.50289,1.62955,1'
b'11-7-2023 10:25:19,-1.74118,9.55316,1.65948,1'
b'11-7-2023 10:25:19,-1.8178,9.54478,1.67025,1'
b'11-7-2023 10:25:20,-1.78787,9.42986,1.58406,1'
b'11-7-2023 10:25:20,-1.76393,9.57591,1.72053,1'
b'11-7-2023 10:25:20,-1.83097,9.52324,1.65828,1'
b'11-7-2023 10:25:21,0,0,0,0'
b'11-7-2023 10:25:21,0,0,0,0'
b'11-7-2023 10:25:21,-3.12443,9.64055,1.9818,1'
b'11-7-2023 10:25:22,5.94361,5.39713,1.25935,1'
b'11-7-2023 10:25:22,10.83047,-1.25755,1.49907,1'
b'11-7-2023 10:25:22,9.55227,-2.29365,-0.03292,1'
b'11-7-2023 10:25:22,7.74734,4.833,1.45478,1'
b'11-7-2023 10:25:23,-2.85389,9.09916,1.9399,1'
b'11-7-2023 10:25:23,-1.6909,9.35085,1.61279,1'
b'11-7-2023 10:25:23,-1.52541,9.61541,1.72053,1'
b'11-7-2023 10:25:24,-1.45957,9.54478,1.51463,1'
b'11-7-2023 10:25:24,-1.47034,9.6621,1.7349,1'
b'11-7-2023 10:25:24,-1.51942,9.49211,1.57329,1'
b'11-7-2023 10:25:25,-1.41647,9.65013,1.67145,1'
b'11-7-2023 10:25:25,-1.30155,9.60823,1.83306,1'
b'11-7-2023 10:25:25,-1.35422,9.71148,1.73011,1'
b'11-7-2023 10:25:26,-1.13395,9.46937,1.5266,1'
b'11-7-2023 10:25:26,0,0,0,0'
b'11-7-2023 10:25:26,0,0,0,0'
b'11-7-2023 10:25:27,-2.62015,9.80007,1.86179,1'
b'11-7-2023 10:25:27,5.62009,6.83904,0.87987,1'
b'11-7-2023 10:25:27,10.93462,0.54977,-0.34925,1'
b'11-7-2023 10:25:28,9.44572,-2.51032,0.1658,1'
b'11-7-2023 10:25:28,9.79318,0.43604,1.20907,1'
b'11-7-2023 10:25:28,0.06135,8.41771,1.4045,1'
b'11-7-2023 10:25:29,-1.35781,9.4562,1.55414,1'
b'11-7-2023 10:25:29,-1.21655,9.63816,1.47872,1'
b'11-7-2023 10:25:29,-1.30753,9.59626,1.47752,1'
b'11-7-2023 10:25:30,-1.29556,9.5783,1.6918,1'
b'11-7-2023 10:25:30,-1.17226,9.52802,1.58406,1'
b'11-7-2023 10:25:30,-1.09804,9.65013,1.58047,1'
b'11-7-2023 10:25:31,-1.26444,9.64295,1.63195,1'
b'11-7-2023 10:25:31,-1.07889,9.57112,1.5278,1'
b'11-7-2023 10:25:31,-1.18184,9.68634,1.55653,1'
b'11-7-2023 10:25:32,0,0,0,0'
b'11-7-2023 10:25:32,0,0,0,0'
b'11-7-2023 10:25:32,0,0,0,0'
b'11-7-2023 10:25:33,0,0,0,0'
b'11-7-2023 10:25:33,5.58896,6.59962,1.24498,1'
b'11-7-2023 10:25:33,11.61726,-1.19291,0.80894,1'
b'11-7-2023 10:25:33,10.14872,-1.58347,0.64614,1'
b'11-7-2023 10:25:34,5.91128,6.07858,1.4871,1'
b'11-7-2023 10:25:34,-3.19746,9.79169,1.50506,1'
b'11-7-2023 10:25:34,-1.91955,9.50049,1.68103,1'
b'11-7-2023 10:25:35,-1.67055,9.55915,1.71096,1'
b'11-7-2023 10:25:35,-1.79984,9.54718,1.63075,1'
b'11-7-2023 10:25:35,-1.56252,9.5364,1.96863,1'
b'11-7-2023 10:25:36,-1.52181,9.64654,1.77081,1'
b'11-7-2023 10:25:36,-1.62985,9.51845,1.62237,1'
b'11-7-2023 10:25:36,-1.57209,9.58549,1.73011,1'
b'11-7-2023 10:25:37,-1.45238,9.60464,1.9387,1'
b'11-7-2023 10:25:37,-1.59125,9.58549,1.74687,1'
b'11-7-2023 10:25:37,-1.68612,9.55316,1.71096,1'
b'11-7-2023 10:25:38,0,0,0,0'
b'11-7-2023 10:25:38,0,0,0,0'
b'11-7-2023 10:25:38,0,0,0,0'
b'11-7-2023 10:25:39,0,0,0,0'
b'11-7-2023 10:25:39,0,0,0,0'
b'11-7-2023 10:25:39,4.30986,7.13741,1.91805,1'
b'11-7-2023 10:25:40,11.11299,-0.71617,0.5791,1'
b'11-7-2023 10:25:40,9.78361,-2.393,0.61621,1'
b'11-7-2023 10:25:40,8.42759,3.57544,0.97444,1'
b'11-7-2023 10:25:41,-3.12683,9.17368,1.83426,1'
b'11-7-2023 10:25:41,-1.79625,9.56274,1.6535,1'
b'11-7-2023 10:25:41,-1.68253,9.6202,1.64631,1'
b'11-7-2023 10:25:42,-1.80104,9.50289,1.6535,1'
b'11-7-2023 10:25:42,-1.59484,9.52922,1.4859,1'
b'11-7-2023 10:25:42,-1.55054,9.54359,1.66547,1'
b'11-7-2023 10:25:43,-1.55174,9.48852,1.87496,1'
b'11-7-2023 10:25:43,-1.42246,9.59147,1.79475,1'
b'11-7-2023 10:25:43,-1.64781,9.39754,1.71694,1'
b'11-7-2023 10:25:44,-1.64063,9.62619,1.857,1'
b'11-7-2023 10:25:44,-1.63704,9.5795,1.71215,1'
b'11-7-2023 10:25:44,0,0,0,0'
b'11-7-2023 10:25:44,0,0,0,0'
b'11-7-2023 10:25:45,0,0,0,0'
b'11-7-2023 10:25:45,0,0,0,0'
b'11-7-2023 10:25:45,6.14472,5.9888,1.59005,1'
b'11-7-2023 10:25:46,10.87117,-1.80014,0.91937,1'
b'11-7-2023 10:25:46,10.39802,-2.73328,1.05225,1'
b'11-7-2023 10:25:46,8.22169,3.23517,1.9423,1'
b'11-7-2023 10:25:47,-1.34225,8.82024,1.98419,1'
b'11-7-2023 10:25:47,-2.57227,9.43585,1.84024,1'
b'11-7-2023 10:25:47,-2.3556,9.39395,1.62716,1'
b'11-7-2023 10:25:48,-2.49925,9.41669,1.83665,1'
b'11-7-2023 10:25:48,-2.26222,9.28621,1.67145,1'
b'11-7-2023 10:25:48,-2.273,9.42029,1.7337,1'
b'11-7-2023 10:25:49,-2.22272,9.34607,1.78159,1'
b'11-7-2023 10:25:49,-2.25863,9.34726,1.7337,1'
b'11-7-2023 10:25:49,-2.2718,9.41191,1.67025,1'
b'11-7-2023 10:25:50,-2.26222,9.45859,1.75645,1'
b'11-7-2023 10:25:50,-2.31011,9.44423,1.79236,1'
b'11-7-2023 10:25:50,0,0,0,0'
b'11-7-2023 10:25:51,0,0,0,0'
b'11-7-2023 10:25:51,0,0,0,0'
b'11-7-2023 10:25:51,6.65259,6.19709,1.57928,1'
b'11-7-2023 10:25:52,11.26861,-1.20967,1.22703,1'
b'11-7-2023 10:25:52,11.66635,-1.98449,1.35392,1'
b'11-7-2023 10:25:52,4.27754,5.17656,1.98898,1'
b'11-7-2023 10:25:53,-3.18429,9.67407,2.03567,1'
b'11-7-2023 10:25:53,-1.30514,9.42747,1.76363,1'
b'11-7-2023 10:25:53,-1.03549,9.40472,1.79116,1'
b'11-7-2023 10:25:54,-0.93494,9.57351,1.78159,1'
b'11-7-2023 10:25:54,-0.31693,9.93654,1.76363,1'
b'11-7-2023 10:25:54,-0.80804,9.76535,1.64033,1'
b'11-7-2023 10:25:55,-1.21416,9.73423,1.68223,1'
b'11-7-2023 10:25:55,-1.1986,9.52084,1.67385,1'
b'11-7-2023 10:25:55,-1.22254,9.8264,1.47752,1'
b'11-7-2023 10:25:55,-1.25726,9.61781,1.30963,1'
b'11-7-2023 10:25:56,-1.25726,9.68155,1.48351,1'
b'11-7-2023 10:25:56,0,0,0,0'
b'11-7-2023 10:25:56,0,0,0,0'
b'11-7-2023 10:25:57,0,0,0,0'
b'11-7-2023 10:25:57,0,0,0,0'
b'11-7-2023 10:25:57,8.73674,3.386,0.3732,1'
b'11-7-2023 10:25:58,10.58357,-1.27551,0.48094,1'
b'11-7-2023 10:25:58,7.31369,2.64709,1.91686,1'
b'11-7-2023 10:25:58,-5.29238,9.08001,0.56234,1'
b'11-7-2023 10:25:59,-2.57466,9.42627,1.01394,1'
b'11-7-2023 10:25:59,-2.15059,9.57471,1.21027,1'
b'11-7-2023 10:25:59,-2.4382,9.38198,0.62219,1'
b'11-7-2023 10:26:0,-1.98659,9.62858,1.23661,1'
b'11-7-2023 10:26:0,-2.10271,9.22157,1.04507,1'
b'11-7-2023 10:26:0,-2.37116,9.11353,0.7036,1'
b'11-7-2023 10:26:1,-1.72203,9.43705,0.98521,1'
b'11-7-2023 10:26:1,-2.13982,9.62858,1.26414,1'
b'11-7-2023 10:26:1,-2.66924,9.3712,0.63656,1'
b'11-7-2023 10:26:2,-1.76872,9.39634,0.56593,1'
b'11-7-2023 10:26:2,-2.07757,9.59985,0.92895,1'
b'11-7-2023 10:26:2,0,0,0,0'
b'11-7-2023 10:26:3,0,0,0,0'
b'11-7-2023 10:26:3,-3.72328,9.96766,1.09415,1'
b'11-7-2023 10:26:3,4.23684,7.67521,0.21129,1'
b'11-7-2023 10:26:4,10.55963,-2.48398,0.59825,1'
b'11-7-2023 10:26:4,11.54424,-1.91267,0.34447,1'
b'11-7-2023 10:26:4,1.92763,7.48487,1.08816,1'
b'11-7-2023 10:26:5,-2.01173,9.60703,0.71676,1'
b'11-7-2023 10:26:5,-1.62985,9.77852,0.77782,1'
b'11-7-2023 10:26:5,-1.50865,9.75099,0.99479,1'
b'11-7-2023 10:26:6,-1.59364,9.62619,0.89423,1'
b'11-7-2023 10:26:6,-1.61309,9.68395,0.92057,1'
b'11-7-2023 10:26:6,-1.69928,9.40831,0.70838,1'
b'11-7-2023 10:26:7,-1.46316,9.64654,0.70599,1'
b'11-7-2023 10:26:7,-1.59603,9.68275,0.89783,1'
b'11-7-2023 10:26:7,-1.71844,9.63936,0.80415,1'
b'11-7-2023 10:26:8,-1.67175,9.65971,0.82241,1'
b'11-7-2023 10:26:8,0,0,0,0'
b'11-7-2023 10:26:8,0,0,0,0'
b'11-7-2023 10:26:9,0,0,0,0'
b'11-7-2023 10:26:9,0,0,0,0'
b'11-7-2023 10:26:9,6.91266,4.95271,0.20291,1'
b'11-7-2023 10:26:10,10.89033,-2.4792,0.81163,1'
b'11-7-2023 10:26:10,11.94916,-2.29005,1.29287,1'
b'11-7-2023 10:26:10,6.59872,5.78768,1.24977,1'
b'11-7-2023 10:26:11,-4.22158,10.21905,1.75525,1'
b'11-7-2023 10:26:11,-2.13144,9.57112,1.33118,1'
b'11-7-2023 10:26:11,-2.19518,9.45979,1.32639,1'
b'11-7-2023 10:26:11,-1.62626,9.5783,1.6918,1'
b'11-7-2023 10:26:12,-1.8573,9.50408,1.4452,1'
b'11-7-2023 10:26:12,-2.05961,9.48732,1.22583,1'
b'11-7-2023 10:26:12,-2.00814,9.45261,1.43562,1'
b'11-7-2023 10:26:13,-2.02011,9.62858,1.3623,1'
b'11-7-2023 10:26:13,-2.07637,9.47894,1.46076,1'
b'11-7-2023 10:26:13,-2.21553,9.44183,1.47034,1'
b'11-7-2023 10:26:14,-1.98779,9.7857,1.46196,1'
b'11-7-2023 10:26:14,0,0,0,0'
b'11-7-2023 10:26:14,0,0,0,0'
b'11-7-2023 10:26:15,0,0,0,0'
b'11-7-2023 10:26:15,0.93703,8.09929,0.97324,1'
b'11-7-2023 10:26:15,9.12849,1.50446,0.93374,1'
b'11-7-2023 10:26:16,9.87459,-2.66355,1.17795,1'
b'11-7-2023 10:26:16,7.82036,2.973,1.983,1'
b'11-7-2023 10:26:16,-2.0656,8.79151,1.71215,1'
b'11-7-2023 10:26:17,-2.28736,9.24671,1.53139,1'
b'11-7-2023 10:26:17,-1.95546,9.59746,1.49308,1'
b'11-7-2023 10:26:17,-1.70766,9.42507,1.56252,1'
b'11-7-2023 10:26:18,-1.86568,9.44423,1.44999,1'
b'11-7-2023 10:26:18,-1.94589,9.37958,1.50386,1'
b'11-7-2023 10:26:18,-1.92195,9.53162,1.60202,1'
b'11-7-2023 10:26:19,-1.89681,9.46937,1.47632,1'
b'11-7-2023 10:26:19,-1.95666,9.46578,1.54217,1'
b'11-7-2023 10:26:19,-1.89202,9.51366,1.53498,1'
b'11-7-2023 10:26:20,-1.97103,9.38078,1.45717,1'
b'11-7-2023 10:26:20,0,0,0,0'
b'11-7-2023 10:26:20,0,0,0,0'
b'11-7-2023 10:26:21,0,0,0,0'
b'11-7-2023 10:26:21,4.51935,6.87286,1.42844,1'
b'11-7-2023 10:26:21,11.30482,-1.92943,1.87735,1'
b'11-7-2023 10:26:22,9.73692,-2.11258,1.63913,1'
b'11-7-2023 10:26:22,5.30645,5.31692,-0.02215,1'
b'11-7-2023 10:26:22,-3.80469,9.12101,2.13862,1'
b'11-7-2023 10:26:22,-2.18321,8.8777,1.72532,1'
b'11-7-2023 10:26:23,-2.74016,9.29339,1.67863,1'
b'11-7-2023 10:26:23,-1.97342,9.34726,1.78039,1'
b'11-7-2023 10:26:23,-2.26102,9.28621,1.62955,1'
b'11-7-2023 10:26:24,-2.15538,9.40233,1.67983,1'
b'11-7-2023 10:26:24,-2.18321,9.3712,1.75645,1'
b'11-7-2023 10:26:24,-2.44538,9.4957,1.98898,1'
b'11-7-2023 10:26:25,-2.35799,9.3736,1.76842,1'
b'11-7-2023 10:26:25,-2.16137,9.46937,1.84383,1'
b'11-7-2023 10:26:25,-2.30292,9.28741,1.8187,1'
b'11-7-2023 10:26:26,0,0,0,0'
b'11-7-2023 10:26:26,0,0,0,0'
b'11-7-2023 10:26:26,-0.63446,9.33529,1.45238,1'
b'11-7-2023 10:26:27,7.86346,4.72885,0.59466,1'
b'11-7-2023 10:26:27,11.00046,-2.48877,0.15383,1'
b'11-7-2023 10:26:27,11.25903,-0.5797,-0.18974,1'
b'11-7-2023 10:26:28,0.88436,7.74943,1.77201,1'
b'11-7-2023 10:26:28,-3.07056,9.29459,1.63195,1'
b'11-7-2023 10:26:28,-2.12066,9.30177,1.56491,1'
b'11-7-2023 10:26:29,-2.08475,9.39275,1.63674,1'
b'11-7-2023 10:26:29,-1.75196,9.46458,1.58526,1'
b'11-7-2023 10:26:29,-1.83216,9.51965,1.53019,1'
b'11-7-2023 10:26:30,-1.85012,9.50049,1.54815,1'
b'11-7-2023 10:26:30,-1.88603,9.51486,1.63674,1'
b'11-7-2023 10:26:30,-1.83216,9.48254,1.66786,1'
b'11-7-2023 10:26:31,-1.90279,9.55676,1.63434,1'
b'11-7-2023 10:26:31,-1.74717,9.64295,1.56252,1'
b'11-7-2023 10:26:31,0,0,0,0'
b'11-7-2023 10:26:32,0,0,0,0'
b'11-7-2023 10:26:32,0,0,0,0'
b'11-7-2023 10:26:32,0,0,0,0'
b'11-7-2023 10:26:33,0,0,0,0'
b'11-7-2023 10:26:33,8.2995,4.18626,1.10492,1'
b'11-7-2023 10:26:33,10.67335,-3.04812,0.87388,1'
b'11-7-2023 10:26:33,12.51808,-2.57137,1.66547,1'
b'11-7-2023 10:26:34,0.46148,7.4729,1.87137,1'
b'11-7-2023 10:26:34,-3.99532,9.22396,2.03806,1'
b'11-7-2023 10:26:34,-2.53755,9.22995,1.84264,1'
b'11-7-2023 10:26:35,-2.32327,9.26227,1.83186,1'
b'11-7-2023 10:26:35,-2.42622,9.27424,1.80433,1'
b'11-7-2023 10:26:35,-2.28018,9.29579,1.99138,1'
b'11-7-2023 10:26:36,-2.54833,9.3329,1.8582,1'
b'11-7-2023 10:26:36,-2.64769,9.32332,1.9013,1'
b'11-7-2023 10:26:36,-2.6836,9.34966,2.05961,1'
b'11-7-2023 10:26:37,-2.58424,9.30177,1.91207,1'
b'11-7-2023 10:26:37,-2.56509,9.17847,1.99257,1'
b'11-7-2023 10:26:37,-2.52558,9.30776,1.8175,1'
b'11-7-2023 10:26:38,0,0,0,0'
b'11-7-2023 10:26:38,0,0,0,0'
b'11-7-2023 10:26:38,0,0,0,0'
b'11-7-2023 10:26:39,0,0,0,0'
b'11-7-2023 10:26:39,-0.2056,8.25371,2.16376,1'
b'11-7-2023 10:26:39,10.96814,0.00239,0.87149,1'
b'11-7-2023 10:26:40,11.46404,-2.54743,1.16238,1'
b'11-7-2023 10:26:40,4.10276,6.00675,2.79733,1'
b'11-7-2023 10:26:40,-4.95809,9.18565,2.24875,1'
b'11-7-2023 10:26:41,-2.70156,9.31135,2.35051,1'
b'11-7-2023 10:26:41,-2.7653,9.2479,2.22242,1'
b'11-7-2023 10:26:41,-2.85748,9.25149,2.14221,1'
b'11-7-2023 10:26:42,-2.63572,9.21678,2.12426,1'
b'11-7-2023 10:26:42,-2.57466,9.17129,2.10151,1'
b'11-7-2023 10:26:42,-2.601,9.22396,2.12306,1'
b'11-7-2023 10:26:43,-2.70635,9.15094,2.13264,1'
b'11-7-2023 10:26:43,-2.68121,9.14376,2.1063,1'
b'11-7-2023 10:26:43,-2.74735,9.31255,2.35889,1'
b'11-7-2023 10:26:44,-2.75094,9.35804,2.13503,1'
b'11-7-2023 10:26:44,0,0,0,0'
b'11-7-2023 10:26:44,0,0,0,0'
b'11-7-2023 10:26:45,0,0,0,0'
b'11-7-2023 10:26:45,-1.41408,9.22157,2.11707,1'
b'11-7-2023 10:26:45,8.21211,3.47459,0.50368,1'
b'11-7-2023 10:26:46,10.03859,-2.8063,1.01873,1'
b'11-7-2023 10:26:46,6.07888,4.02555,1.57449,1'
b'11-7-2023 10:26:46,-5.70329,9.58429,2.3948,1'
b'11-7-2023 10:26:46,-2.72071,9.32452,1.97581,1'
b'11-7-2023 10:26:47,-2.88621,9.14495,2.15897,1'
b'11-7-2023 10:26:47,-2.90297,9.20601,2.27988,1'
b'11-7-2023 10:26:47,-2.95444,9.13178,2.1039,1'
b'11-7-2023 10:26:48,-2.90058,9.25269,2.22481,1'
b'11-7-2023 10:26:48,-2.8898,9.2084,2.12904,1'
b'11-7-2023 10:26:48,-2.77967,9.14615,2.04046,1'
b'11-7-2023 10:26:49,-3.03106,9.2084,2.15418,1'
b'11-7-2023 10:26:49,-2.96881,9.15094,2.12785,1'
b'11-7-2023 10:26:49,-2.82157,9.11862,2.17214,1'
b'11-7-2023 10:26:50,0,0,0,0'
b'11-7-2023 10:26:50,0,0,0,0'
b'11-7-2023 10:26:50,0,0,0,0'
b'11-7-2023 10:26:51,0,0,0,0'
b'11-7-2023 10:26:51,7.60129,4.40174,2.05841,1'
b'11-7-2023 10:26:51,9.22666,-3.16543,0.35644,1'
b'11-7-2023 10:26:52,10.70926,-1.2384,0.26067,1'
b'11-7-2023 10:26:52,-2.33046,8.48715,2.12665,1'
b'11-7-2023 10:26:52,-2.42024,9.10275,2.34692,1'
b'11-7-2023 10:26:53,-3.1388,9.11981,2.34332,1'
b'11-7-2023 10:26:53,-2.71113,9.13897,2.20446,1'
b'11-7-2023 10:26:53,-2.62255,9.26825,2.13144,1'
b'11-7-2023 10:26:54,-2.80481,9.15094,2.31459,1'
b'11-7-2023 10:26:54,-2.85987,9.1246,2.13383,1'
b'11-7-2023 10:26:54,-2.67762,9.16051,2.24157,1'
b'11-7-2023 10:26:55,-2.83354,9.12819,2.26312,1'
b'11-7-2023 10:26:55,-2.60339,9.25868,2.16735,1'
b'11-7-2023 10:26:55,-2.78685,9.15333,2.26073,1'
b'11-7-2023 10:26:56,-2.77249,9.13059,2.24875,1'
b'11-7-2023 10:26:56,0,0,0,0'
b'11-7-2023 10:26:56,0,0,0,0'
b'11-7-2023 10:26:57,0,0,0,0'
b'11-7-2023 10:26:57,-4.02286,9.76415,2.7662,1'
b'11-7-2023 10:26:57,5.48003,6.12886,1.56252,1'
b'11-7-2023 10:26:58,11.34792,-3.28065,0.84755,1'
b'11-7-2023 10:26:58,11.44967,-2.17753,0.54678,1'
b'11-7-2023 10:26:58,1.33477,7.97808,3.23816,1'
b'11-7-2023 10:26:58,-3.6766,9.40831,2.70635,1'
b'11-7-2023 10:26:59,-2.28257,9.10275,2.43071,1'
b'11-7-2023 10:26:59,-2.01532,9.17727,2.56868,1'
b'11-7-2023 10:26:59,-1.92793,9.32572,2.58185,1'
b'11-7-2023 10:27:0,-2.1063,9.24072,2.53157,1'
b'11-7-2023 10:27:0,-2.10151,9.16411,2.40318,1'
b'11-7-2023 10:27:0,-2.33884,9.25269,2.55671,1'
b'11-7-2023 10:27:1,-2.40109,9.21079,2.45705,1'
b'11-7-2023 10:27:1,-2.16496,9.26706,2.52199,1'
b'11-7-2023 10:27:1,-2.1868,9.24192,2.58424,1'
b'11-7-2023 10:27:2,0,0,0,0'
b'11-7-2023 10:27:2,0,0,0,0'
b'11-7-2023 10:27:2,0,0,0,0'
b'11-7-2023 10:27:3,0,0,0,0'
b'11-7-2023 10:27:3,0,0,0,0'
b'11-7-2023 10:27:3,7.73656,4.16112,0.48572,1'
b'11-7-2023 10:27:4,9.87937,-3.17621,0.38756,1'
b'11-7-2023 10:27:4,13.02715,-3.04333,1.22942,1'
b'11-7-2023 10:27:4,3.31806,7.14939,2.49805,1'
b'11-7-2023 10:27:5,-5.34984,9.7857,2.1901,1'
b'11-7-2023 10:27:5,-2.81798,9.30536,2.41515,1'
b'11-7-2023 10:27:5,-2.4765,9.17249,2.29305,1'
b'11-7-2023 10:27:6,-2.39869,9.33649,2.45944,1'
b'11-7-2023 10:27:6,-2.59502,9.22157,2.3541,1'
b'11-7-2023 10:27:6,-2.81798,9.18446,2.29305,1'
b'11-7-2023 10:27:7,-2.57706,9.19403,2.41276,1'
b'11-7-2023 10:27:7,-2.59741,9.25269,2.37445,1'
b'11-7-2023 10:27:7,-2.58304,9.26227,2.29424,1'
b'11-7-2023 10:27:8,-2.71592,9.16411,2.35051,1'
b'11-7-2023 10:27:8,-2.48847,9.18206,2.22481,1'
b'11-7-2023 10:27:8,0,0,0,0'
b'11-7-2023 10:27:9,0,0,0,0'
b'11-7-2023 10:27:9,0,0,0,0'
b'11-7-2023 10:27:9,0,0,0,0'
b'11-7-2023 10:27:10,4.90033,6.91715,1.43682,1'
b'11-7-2023 10:27:10,11.08426,-2.63362,0.26306,1'
b'11-7-2023 10:27:10,9.12849,-3.39797,1.30245,1'
b'11-7-2023 10:27:10,8.32105,0.86491,1.0343,1'
b'11-7-2023 10:27:11,-3.03106,8.46201,1.80313,1'
b'11-7-2023 10:27:11,-2.21673,9.31374,2.03687,1'
b'11-7-2023 10:27:11,-2.58065,9.18685,2.36248,1'
b'11-7-2023 10:27:12,-2.31968,9.25987,2.24397,1'
b'11-7-2023 10:27:12,-2.40946,9.23234,2.22122,1'
b'11-7-2023 10:27:12,-2.32806,9.31015,2.26432,1'
b'11-7-2023 10:27:13,-2.07877,9.25389,2.42353,1'
b'11-7-2023 10:27:13,-2.01771,9.26227,2.2691,1'
b'11-7-2023 10:27:13,-2.28257,9.27185,2.26791,1'
b'11-7-2023 10:27:14,-2.21434,9.29818,2.35889,1'
b'11-7-2023 10:27:14,-2.27659,9.31255,2.33255,1'
b'11-7-2023 10:27:14,0,0,0,0'
b'11-7-2023 10:27:15,0,0,0,0'
b'11-7-2023 10:27:15,0,0,0,0'
b'11-7-2023 10:27:15,7.18081,4.98982,1.8175,1'
b'11-7-2023 10:27:16,11.16805,-2.71532,1.57449,1'
b'11-7-2023 10:27:16,12.70483,-2.63003,1.99138,1'
b'11-7-2023 10:27:16,2.22691,7.31578,2.3122,1'
b'11-7-2023 10:27:17,-3.66822,9.0441,2.32776,1'
b'11-7-2023 10:27:17,-2.806,9.0022,2.47381,1'
b'11-7-2023 10:27:17,-2.77727,8.99142,2.3529,1'
b'11-7-2023 10:27:18,-2.12904,9.07283,2.45106,1'
b'11-7-2023 10:27:18,-2.30891,9.15812,2.59502,1'
b'11-7-2023 10:27:18,-2.48249,9.22995,2.58544,1'
b'11-7-2023 10:27:19,-2.40707,9.16051,2.70874,1'
b'11-7-2023 10:27:19,-2.51361,9.16171,2.5998,1'
b'11-7-2023 10:27:19,-2.40348,9.09916,2.48698,1'
b'11-7-2023 10:27:20,-2.6022,9.32931,2.52439,1'
b'11-7-2023 10:27:20,-2.3939,9.21199,2.54474,1'
b'11-7-2023 10:27:20,0,0,0,0'
b'11-7-2023 10:27:20,0,0,0,0'
b'11-7-2023 10:27:21,0,0,0,0'
b'11-7-2023 10:27:21,7.00364,5.05925,1.4883,1'
b'11-7-2023 10:27:21,11.52389,-3.17262,2.03088,1'
b'11-7-2023 10:27:22,14.36252,-3.02777,2.87035,1'
b'11-7-2023 10:27:22,1.84264,7.57346,2.5998,1'
b'11-7-2023 10:27:22,-3.87801,9.16051,2.54833,1'
b'11-7-2023 10:27:23,-2.99754,9.17847,2.57826,1'
b'11-7-2023 10:27:23,-2.67881,9.11113,2.69916,1'
b'11-7-2023 10:27:23,-2.41066,9.17249,2.65966,1'
b'11-7-2023 10:27:24,-2.48847,9.10156,2.59262,1'
b'11-7-2023 10:27:24,-2.53396,9.32212,2.5208,1'
b'11-7-2023 10:27:24,-2.34123,9.23833,2.73867,1'
b'11-7-2023 10:27:25,-2.55072,8.9998,2.45226,1'
b'11-7-2023 10:27:25,-2.5615,9.15812,2.79733,1'
b'11-7-2023 10:27:25,-2.57227,9.2503,2.59382,1'
b'11-7-2023 10:27:26,-2.49805,9.0429,2.5172,1'
b'11-7-2023 10:27:26,0,0,0,0'
b'11-7-2023 10:27:26,0,0,0,0'
b'11-7-2023 10:27:27,0.34776,8.00711,1.99617,1'
b'11-7-2023 10:27:27,9.35594,1.08158,1.15161,1'
b'11-7-2023 10:27:27,9.76565,-3.32495,1.29167,1'
b'11-7-2023 10:27:28,7.68988,2.79673,2.2691,1'
b'11-7-2023 10:27:28,-4.40713,7.87872,2.11707,1'
b'11-7-2023 10:27:28,-2.33764,8.81784,2.71113,1'
b'11-7-2023 10:27:29,-2.51002,9.10635,2.40917,1'
b'11-7-2023 10:27:29,-2.72191,9.001,2.28467,1'
b'11-7-2023 10:27:29,-2.13503,9.06924,2.69198,1'
b'11-7-2023 10:27:30,-2.147,9.39515,2.71473,1'
b'11-7-2023 10:27:30,-2.07039,9.27544,2.73388,1'
b'11-7-2023 10:27:30,-3.51379,9.02853,2.58304,1'
b'11-7-2023 10:27:31,-1.28718,9.47894,2.62255,1'
b'11-7-2023 10:27:31,-2.20117,9.39036,2.40677,1'
b'11-7-2023 10:27:31,-1.71245,9.51366,2.39241,1'
b'11-7-2023 10:27:32,0,0,0,0'
b'11-7-2023 10:27:32,0,0,0,0'
b'11-7-2023 10:27:32,0,0,0,0'
b'11-7-2023 10:27:33,0,0,0,0'
b'11-7-2023 10:27:33,-3.50302,9.63098,2.57347,1'
b'11-7-2023 10:27:33,7.85508,1.95008,2.03687,1'
b'11-7-2023 10:27:33,11.81479,-3.01221,1.82947,1'
b'11-7-2023 10:27:34,8.03973,2.27928,1.71814,1'
b'11-7-2023 10:27:34,-3.38331,9.19403,2.41156,1'
b'11-7-2023 10:27:34,-2.54833,8.84298,2.80211,1'
b'11-7-2023 10:27:35,-2.28018,8.96988,2.47381,1'
b'11-7-2023 10:27:35,-1.80822,9.48254,2.53636,1'
b'11-7-2023 10:27:35,-2.07158,9.01896,2.05602,1'
b'11-7-2023 10:27:36,-1.82737,9.15692,2.36727,1'
b'11-7-2023 10:27:36,-1.86448,9.29698,2.5591,1'
b'11-7-2023 10:27:36,-1.86089,9.32572,2.52558,1'
b'11-7-2023 10:27:37,-1.97222,9.23833,2.4355,1'
b'11-7-2023 10:27:37,-1.87167,9.25149,2.46782,1'
b'11-7-2023 10:27:37,-1.91117,9.30896,2.51361,1'
b'11-7-2023 10:27:38,0,0,0,0'
b'11-7-2023 10:27:38,0,0,0,0'
b'11-7-2023 10:27:38,0,0,0,0'
b'11-7-2023 10:27:39,0,0,0,0'
b'11-7-2023 10:27:39,4.14107,6.13005,2.30502,1'
b'11-7-2023 10:27:39,10.00866,-2.05991,2.68959,1'
b'11-7-2023 10:27:40,12.31547,-2.23259,2.77937,1'
b'11-7-2023 10:27:40,2.66894,7.25832,2.60459,1'
b'11-7-2023 10:27:40,-4.48643,9.02614,2.60938,1'
b'11-7-2023 10:27:41,-3.3043,8.94593,2.55072,1'
b'11-7-2023 10:27:41,-2.92691,9.10754,2.57107,1'
b'11-7-2023 10:27:41,-2.70515,8.98065,2.76141,1'
b'11-7-2023 10:27:42,-2.66564,9.08959,2.48698,1'
b'11-7-2023 10:27:42,-2.69677,9.0836,2.68839,1'
b'11-7-2023 10:27:42,-2.69916,9.06924,2.53277,1'
b'11-7-2023 10:27:43,-2.86586,9.13059,2.69318,1'
b'11-7-2023 10:27:43,-2.95325,9.11113,2.49685,1'
b'11-7-2023 10:27:43,-2.89938,9.23952,2.67163,1'
b'11-7-2023 10:27:44,-2.54593,9.10994,2.56868,1'
b'11-7-2023 10:27:44,0,0,0,0'
b'11-7-2023 10:27:44,0,0,0,0'
b'11-7-2023 10:27:45,0,0,0,0'
b'11-7-2023 10:27:45,8.60267,3.12743,2.03687,1'
b'11-7-2023 10:27:45,10.53688,-3.75231,2.08715,1'
b'11-7-2023 10:27:46,6.38444,3.13102,2.34692,1'
b'11-7-2023 10:27:46,-4.51636,8.92558,3.00562,1'
b'11-7-2023 10:27:46,-2.87424,8.76996,2.64769,1'
b'11-7-2023 10:27:46,-2.6836,8.84777,2.73268,1'
b'11-7-2023 10:27:47,-2.75213,8.98304,2.87035,1'
b'11-7-2023 10:27:47,-2.82995,8.87171,2.75543,1'
b'11-7-2023 10:27:47,-2.67881,8.99262,2.72311,1'
b'11-7-2023 10:27:48,-2.59262,9.0836,2.91943,1'
b'11-7-2023 10:27:48,-2.70275,9.09677,2.83683,1'
b'11-7-2023 10:27:48,-2.53396,9.06325,2.75303,1'
b'11-7-2023 10:27:49,-2.38193,9.08121,2.82725,1'
b'11-7-2023 10:27:49,-1.90399,8.88967,2.73747,1'
b'11-7-2023 10:27:49,-2.0656,9.10635,2.86436,1'
b'11-7-2023 10:27:50,0,0,0,0'
b'11-7-2023 10:27:50,0,0,0,0'
b'11-7-2023 10:27:50,3.52067,7.81168,2.32776,1'
b'11-7-2023 10:27:51,16.10759,-3.21092,2.5603,1'
b'11-7-2023 10:27:51,10.15231,-0.68624,2.30741,1'
b'11-7-2023 10:27:51,-0.17208,7.82126,2.41036,1'
b'11-7-2023 10:27:52,-5.8218,8.63469,2.42473,1'
b'11-7-2023 10:27:52,-3.75441,8.74482,2.3936,1'
b'11-7-2023 10:27:52,-3.62392,8.80109,2.42353,1'
b'11-7-2023 10:27:53,-3.36296,8.79869,2.59142,1'
b'11-7-2023 10:27:53,-3.35697,8.8358,2.37086,1'
b'11-7-2023 10:27:53,-3.3426,8.93277,2.47381,1'
b'11-7-2023 10:27:54,-3.32704,8.87052,2.51361,1'
b'11-7-2023 10:27:54,-3.29442,8.92199,2.57107,1'
b'11-7-2023 10:27:54,-3.36655,8.96988,2.55671,1'
b'11-7-2023 10:27:55,-3.37134,8.98185,2.30023,1'
b'11-7-2023 10:27:55,-3.28245,8.89446,2.36487,1'
b'11-7-2023 10:27:55,0,0,0,0'
b'11-7-2023 10:27:56,0,0,0,0'
b'11-7-2023 10:27:56,-4.86113,9.09677,2.63811,1'
b'11-7-2023 10:27:56,3.31687,7.37683,2.05961,1'
b'11-7-2023 10:27:57,11.56699,-2.12725,1.64033,1'
b'11-7-2023 10:27:57,10.8999,-2.66475,2.17453,1'
b'11-7-2023 10:27:57,2.56359,7.70394,2.01173,1'
b'11-7-2023 10:27:58,-5.4923,8.85735,2.73029,1'
b'11-7-2023 10:27:58,-3.35577,8.752,2.55551,1'
b'11-7-2023 10:27:58,-3.64427,8.80707,2.63452,1'
b'11-7-2023 10:27:59,-3.5078,8.89087,2.60938,1'
b'11-7-2023 10:27:59,-3.37493,8.81545,2.65966,1'
b'11-7-2023 10:27:59,-3.39767,8.9208,2.72789,1'
b'11-7-2023 10:28:0,-3.47907,8.97466,2.85,1'
b'11-7-2023 10:28:0,-3.44077,8.84897,2.70635,1'
b'11-7-2023 10:28:0,-3.44077,8.80947,2.58783,1'
b'11-7-2023 10:28:0,-3.30669,8.78313,2.68001,1'
b'11-7-2023 10:28:1,0,0,0,0'
b'11-7-2023 10:28:1,0,0,0,0'
b'11-7-2023 10:28:1,-4.56185,9.08001,2.88232,1'
b'11-7-2023 10:28:2,4.01897,6.43202,1.49907,1'
b'11-7-2023 10:28:2,11.42334,-1.87436,1.65948,1'
b'11-7-2023 10:28:2,11.50474,-2.5606,1.26773,1'
b'11-7-2023 10:28:3,3.91093,6.5242,3.00442,1'
b'11-7-2023 10:28:3,-3.38091,9.36642,2.21524,1'
b'11-7-2023 10:28:3,-2.62853,9.2898,2.2715,1'
b'11-7-2023 10:28:4,-2.44777,9.12101,2.21164,1'
b'11-7-2023 10:28:4,-2.54474,9.16291,2.45106,1'
b'11-7-2023 10:28:4,-2.39869,9.23593,2.3134,1'
b'11-7-2023 10:28:5,-2.51122,9.08121,2.25953,1'
b'11-7-2023 10:28:5,-2.46094,9.21678,2.42233,1'
b'11-7-2023 10:28:5,-2.46573,9.18326,2.39121,1'
b'11-7-2023 10:28:6,-2.36996,9.21438,2.38163,1'
b'11-7-2023 10:28:6,-2.46812,9.15213,2.45106,1'
b'11-7-2023 10:28:6,0,0,0,0'
b'11-7-2023 10:28:7,0,0,0,0'
b'11-7-2023 10:28:7,0,0,0,0'
b'11-7-2023 10:28:7,-3.97976,9.47296,2.45346,1'
b'11-7-2023 10:28:8,7.55101,3.52995,1.62596,1'
b'11-7-2023 10:28:8,10.74548,-3.88908,0.76225,1'
b'11-7-2023 10:28:8,11.7262,-3.11156,2.30502,1'
b'11-7-2023 10:28:9,1.83186,7.70873,2.56988,1'
b'11-7-2023 10:28:9,-3.21541,9.24551,2.55671,1'
b'11-7-2023 10:28:9,-1.97581,9.37001,2.16017,1'
b'11-7-2023 10:28:10,-1.50146,9.40712,2.31819,1'
b'11-7-2023 10:28:10,-1.60441,9.51246,2.31699,1'
b'11-7-2023 10:28:10,-1.71844,9.42867,2.29784,1'
b'11-7-2023 10:28:11,-1.73041,9.35564,2.28586,1'
b'11-7-2023 10:28:11,-1.62028,9.4155,2.3517,1'
b'11-7-2023 10:28:11,-1.48351,9.48014,2.46064,1'
b'11-7-2023 10:28:11,-1.67534,9.34247,2.21404,1'
b'11-7-2023 10:28:12,-1.4452,9.4969,2.48099,1'
b'11-7-2023 10:28:12,0,0,0,0'
b'11-7-2023 10:28:12,0,0,0,0'
b'11-7-2023 10:28:13,0,0,0,0'
b'11-7-2023 10:28:13,0,0,0,0'
b'11-7-2023 10:28:13,0,0,0,0'
b'11-7-2023 10:28:14,0,0,0,0'
b'11-7-2023 10:28:14,0,0,0,0'
